symbol,status,abdeckung,kennzahl,wert,einheit,basis,zeitraum_ende,quelle_tags,quelle_formulare,quelle_eingereicht
A,COMPLETED,0.9444,REVENUE,7232000000.000000,CURRENCY,TRAILING_TWELVE_MONTHS,2026-04-30,RevenueFromContractWithCustomerExcludingAssessedTax,10-Q,2026-06-01
A,COMPLETED,0.9444,NET_INCOME,1414000000.000000,CURRENCY,TRAILING_TWELVE_MONTHS,2026-04-30,NetIncomeLoss,10-Q,2026-06-01
A,COMPLETED,0.9444,FREE_CASH_FLOW,1087000000.000000,CURRENCY,TRAILING_TWELVE_MONTHS,2026-04-30,NetCashProvidedByUsedInOperatingActivities PaymentsToAcquirePropertyPlantAndEquipment,10-Q,2026-06-01
A,COMPLETED,0.9444,FREE_CASH_FLOW_MARGIN,0.150304,FRACTION,TRAILING_TWELVE_MONTHS,2026-04-30,NetCashProvidedByUsedInOperatingActivities PaymentsToAcquirePropertyPlantAndEquipment RevenueFromContractWithCustomerExcludingAssessedTax,10-Q,2026-06-01
A,COMPLETED,0.9444,OPERATING_MARGIN,0.215017,FRACTION,TRAILING_TWELVE_MONTHS,2026-04-30,OperatingIncomeLoss RevenueFromContractWithCustomerExcludingAssessedTax,10-Q,2026-06-01
A,COMPLETED,0.9444,NET_MARGIN,0.195520,FRACTION,TRAILING_TWELVE_MONTHS,2026-04-30,NetIncomeLoss RevenueFromContractWithCustomerExcludingAssessedTax,10-Q,2026-06-01
A,COMPLETED,0.9444,RETURN_ON_EQUITY,0.198540,FRACTION,TRAILING_TWELVE_MONTHS,2026-04-30,NetIncomeLoss StockholdersEquity,10-Q,2026-06-01
A,COMPLETED,0.9444,RETURN_ON_ASSETS,0.108228,FRACTION,TRAILING_TWELVE_MONTHS,2026-04-30,NetIncomeLoss Assets,10-Q,2026-06-01
A,COMPLETED,0.9444,DEBT_TO_EQUITY,0.834457,RATIO,POINT_IN_TIME,2026-04-30,Liabilities StockholdersEquity,10-Q,2026-06-01
A,COMPLETED,0.9444,CURRENT_RATIO,2.099163,RATIO,POINT_IN_TIME,2026-04-30,AssetsCurrent LiabilitiesCurrent,10-Q,2026-06-01
A,COMPLETED,0.9444,REVENUE_GROWTH,0.004844,FRACTION,FISCAL_YEAR,2025-10-31,RevenueFromContractWithCustomerExcludingAssessedTax RevenueFromContractWithCustomerExcludingAssessedTax,10-K,2025-12-22
A,COMPLETED,0.9444,NET_INCOME_GROWTH,0.012859,FRACTION,FISCAL_YEAR,2025-10-31,NetIncomeLoss NetIncomeLoss,10-K,2025-12-22
A,COMPLETED,0.9444,SHARE_COUNT_GROWTH,-0.018757,FRACTION,FISCAL_YEAR,2025-10-31,WeightedAverageNumberOfDilutedSharesOutstanding WeightedAverageNumberOfDilutedSharesOutstanding,10-K,2025-12-22
A,COMPLETED,0.9444,MARKET_CAPITALIZATION,44886908859.919998,CURRENCY,POINT_IN_TIME,2026-05-27,EntityCommonStockSharesOutstanding,10-Q,2026-06-01
A,COMPLETED,0.9444,PRICE_EARNINGS_RATIO,31.744631,RATIO,TRAILING_TWELVE_MONTHS,2026-04-30,EntityCommonStockSharesOutstanding NetIncomeLoss,10-Q,2026-06-01
A,COMPLETED,0.9444,PRICE_SALES_RATIO,6.206708,RATIO,TRAILING_TWELVE_MONTHS,2026-04-30,EntityCommonStockSharesOutstanding RevenueFromContractWithCustomerExcludingAssessedTax,10-Q,2026-06-01
A,COMPLETED,0.9444,PRICE_FREE_CASH_FLOW_RATIO,41.294304,RATIO,TRAILING_TWELVE_MONTHS,2026-04-30,EntityCommonStockSharesOutstanding NetCashProvidedByUsedInOperatingActivities PaymentsToAcquirePropertyPlantAndEquipment,10-Q,2026-06-01
AAPL,COMPLETED,1.0000,REVENUE,466823000000.000000,CURRENCY,TRAILING_TWELVE_MONTHS,2026-06-27,RevenueFromContractWithCustomerExcludingAssessedTax,10-Q,2026-07-31
AAPL,COMPLETED,1.0000,NET_INCOME,128930000000.000000,CURRENCY,TRAILING_TWELVE_MONTHS,2026-06-27,NetIncomeLoss,10-Q,2026-07-31
AAPL,COMPLETED,1.0000,FREE_CASH_FLOW,136683000000.000000,CURRENCY,TRAILING_TWELVE_MONTHS,2026-06-27,NetCashProvidedByUsedInOperatingActivities PaymentsToAcquirePropertyPlantAndEquipment,10-Q,2026-07-31
AAPL,COMPLETED,1.0000,FREE_CASH_FLOW_MARGIN,0.292794,FRACTION,TRAILING_TWELVE_MONTHS,2026-06-27,NetCashProvidedByUsedInOperatingActivities PaymentsToAcquirePropertyPlantAndEquipment RevenueFromContractWithCustomerExcludingAssessedTax,10-Q,2026-07-31
AAPL,COMPLETED,1.0000,GROSS_MARGIN,0.486529,FRACTION,TRAILING_TWELVE_MONTHS,2026-06-27,GrossProfit RevenueFromContractWithCustomerExcludingAssessedTax,10-Q,2026-07-31
AAPL,COMPLETED,1.0000,OPERATING_MARGIN,0.331730,FRACTION,TRAILING_TWELVE_MONTHS,2026-06-27,OperatingIncomeLoss RevenueFromContractWithCustomerExcludingAssessedTax,10-Q,2026-07-31
AAPL,COMPLETED,1.0000,NET_MARGIN,0.276186,FRACTION,TRAILING_TWELVE_MONTHS,2026-06-27,NetIncomeLoss RevenueFromContractWithCustomerExcludingAssessedTax,10-Q,2026-07-31
AAPL,COMPLETED,1.0000,RETURN_ON_EQUITY,1.199126,FRACTION,TRAILING_TWELVE_MONTHS,2026-06-27,NetIncomeLoss StockholdersEquity,10-Q,2026-07-31
AAPL,COMPLETED,1.0000,RETURN_ON_ASSETS,0.336398,FRACTION,TRAILING_TWELVE_MONTHS,2026-06-27,NetIncomeLoss Assets,10-Q,2026-07-31
AAPL,COMPLETED,1.0000,DEBT_TO_EQUITY,2.564602,RATIO,POINT_IN_TIME,2026-06-27,Liabilities StockholdersEquity,10-Q,2026-07-31
AAPL,COMPLETED,1.0000,CURRENT_RATIO,1.003295,RATIO,POINT_IN_TIME,2026-06-27,AssetsCurrent LiabilitiesCurrent,10-Q,2026-07-31
AAPL,COMPLETED,1.0000,REVENUE_GROWTH,0.018125,FRACTION,FISCAL_YEAR,2025-09-27,RevenueFromContractWithCustomerExcludingAssessedTax RevenueFromContractWithCustomerExcludingAssessedTax,10-K,2025-10-31
AAPL,COMPLETED,1.0000,NET_INCOME_GROWTH,0.039213,FRACTION,FISCAL_YEAR,2025-09-27,NetIncomeLoss NetIncomeLoss,10-K,2025-10-31
AAPL,COMPLETED,1.0000,SHARE_COUNT_GROWTH,-0.025879,FRACTION,FISCAL_YEAR,2025-09-27,WeightedAverageNumberOfDilutedSharesOutstanding WeightedAverageNumberOfDilutedSharesOutstanding,10-K,2025-10-31
AAPL,COMPLETED,1.0000,MARKET_CAPITALIZATION,4515731175600.000000,CURRENCY,POINT_IN_TIME,2026-07-17,EntityCommonStockSharesOutstanding,10-Q,2026-07-31
AAPL,COMPLETED,1.0000,PRICE_EARNINGS_RATIO,35.024674,RATIO,TRAILING_TWELVE_MONTHS,2026-06-27,EntityCommonStockSharesOutstanding NetIncomeLoss,10-Q,2026-07-31
AAPL,COMPLETED,1.0000,PRICE_SALES_RATIO,9.673326,RATIO,TRAILING_TWELVE_MONTHS,2026-06-27,EntityCommonStockSharesOutstanding RevenueFromContractWithCustomerExcludingAssessedTax,10-Q,2026-07-31
AAPL,COMPLETED,1.0000,PRICE_FREE_CASH_FLOW_RATIO,33.037987,RATIO,TRAILING_TWELVE_MONTHS,2026-06-27,EntityCommonStockSharesOutstanding NetCashProvidedByUsedInOperatingActivities PaymentsToAcquirePropertyPlantAndEquipment,10-Q,2026-07-31
ABBV,COMPLETED,0.8333,REVENUE,64386000000.000000,CURRENCY,TRAILING_TWELVE_MONTHS,2026-06-30,Revenues,10-Q,2026-08-03
ABBV,COMPLETED,0.8333,NET_INCOME,6310000000.000000,CURRENCY,TRAILING_TWELVE_MONTHS,2026-06-30,NetIncomeLoss,10-Q,2026-08-03
ABBV,COMPLETED,0.8333,FREE_CASH_FLOW,18210000000.000000,CURRENCY,TRAILING_TWELVE_MONTHS,2026-06-30,NetCashProvidedByUsedInOperatingActivities PaymentsToAcquirePropertyPlantAndEquipment,10-Q,2026-08-03
ABBV,COMPLETED,0.8333,FREE_CASH_FLOW_MARGIN,0.282825,FRACTION,TRAILING_TWELVE_MONTHS,2026-06-30,NetCashProvidedByUsedInOperatingActivities PaymentsToAcquirePropertyPlantAndEquipment Revenues,10-Q,2026-08-03
ABBV,COMPLETED,0.8333,OPERATING_MARGIN,0.262013,FRACTION,TRAILING_TWELVE_MONTHS,2026-06-30,OperatingIncomeLoss Revenues,10-Q,2026-08-03
ABBV,COMPLETED,0.8333,NET_MARGIN,0.098003,FRACTION,TRAILING_TWELVE_MONTHS,2026-06-30,NetIncomeLoss Revenues,10-Q,2026-08-03
ABBV,COMPLETED,0.8333,RETURN_ON_ASSETS,0.046701,FRACTION,TRAILING_TWELVE_MONTHS,2026-06-30,NetIncomeLoss Assets,10-Q,2026-08-03
ABBV,COMPLETED,0.8333,CURRENT_RATIO,0.808535,RATIO,POINT_IN_TIME,2026-06-30,AssetsCurrent LiabilitiesCurrent,10-Q,2026-08-03
ABBV,COMPLETED,0.8333,REVENUE_GROWTH,0.017525,FRACTION,FISCAL_YEAR,2025-12-31,Revenues Revenues,10-K,2026-02-20
ABBV,COMPLETED,0.8333,NET_INCOME_GROWTH,-0.290572,FRACTION,FISCAL_YEAR,2025-12-31,NetIncomeLoss NetIncomeLoss,10-K,2026-02-20
ABBV,COMPLETED,0.8333,SHARE_COUNT_GROWTH,0.000000,FRACTION,FISCAL_YEAR,2025-12-31,WeightedAverageNumberOfDilutedSharesOutstanding WeightedAverageNumberOfDilutedSharesOutstanding,10-K,2026-02-20
ABBV,COMPLETED,0.8333,MARKET_CAPITALIZATION,468215395833.599976,CURRENCY,POINT_IN_TIME,2026-07-27,EntityCommonStockSharesOutstanding,10-Q,2026-08-03
ABBV,COMPLETED,0.8333,PRICE_EARNINGS_RATIO,74.202123,RATIO,TRAILING_TWELVE_MONTHS,2026-06-30,EntityCommonStockSharesOutstanding NetIncomeLoss,10-Q,2026-08-03
ABBV,COMPLETED,0.8333,PRICE_SALES_RATIO,7.272006,RATIO,TRAILING_TWELVE_MONTHS,2026-06-30,EntityCommonStockSharesOutstanding Revenues,10-Q,2026-08-03
ABBV,COMPLETED,0.8333,PRICE_FREE_CASH_FLOW_RATIO,25.711993,RATIO,TRAILING_TWELVE_MONTHS,2026-06-30,EntityCommonStockSharesOutstanding NetCashProvidedByUsedInOperatingActivities PaymentsToAcquirePropertyPlantAndEquipment,10-Q,2026-08-03
ABT,COMPLETED,0.8889,REVENUE,45134000000.000000,CURRENCY,TRAILING_TWELVE_MONTHS,2026-03-31,RevenueFromContractWithCustomerExcludingAssessedTax,10-Q,2026-04-29
ABT,COMPLETED,0.8889,NET_INCOME,6276000000.000000,CURRENCY,TRAILING_TWELVE_MONTHS,2026-03-31,NetIncomeLoss,10-Q,2026-04-29
ABT,COMPLETED,0.8889,FREE_CASH_FLOW,7378000000.000000,CURRENCY,TRAILING_TWELVE_MONTHS,2026-03-31,NetCashProvidedByUsedInOperatingActivities PaymentsToAcquirePropertyPlantAndEquipment,10-Q,2026-04-29
ABT,COMPLETED,0.8889,FREE_CASH_FLOW_MARGIN,0.163469,FRACTION,TRAILING_TWELVE_MONTHS,2026-03-31,NetCashProvidedByUsedInOperatingActivities PaymentsToAcquirePropertyPlantAndEquipment RevenueFromContractWithCustomerExcludingAssessedTax,10-Q,2026-04-29
ABT,COMPLETED,0.8889,OPERATING_MARGIN,0.170714,FRACTION,TRAILING_TWELVE_MONTHS,2026-03-31,OperatingIncomeLoss RevenueFromContractWithCustomerExcludingAssessedTax,10-Q,2026-04-29
ABT,COMPLETED,0.8889,NET_MARGIN,0.139053,FRACTION,TRAILING_TWELVE_MONTHS,2026-03-31,NetIncomeLoss RevenueFromContractWithCustomerExcludingAssessedTax,10-Q,2026-04-29
ABT,COMPLETED,0.8889,RETURN_ON_EQUITY,0.120551,FRACTION,TRAILING_TWELVE_MONTHS,2026-03-31,NetIncomeLoss StockholdersEquity,10-Q,2026-04-29
ABT,COMPLETED,0.8889,RETURN_ON_ASSETS,0.056833,FRACTION,TRAILING_TWELVE_MONTHS,2026-03-31,NetIncomeLoss Assets,10-Q,2026-04-29
ABT,COMPLETED,0.8889,CURRENT_RATIO,1.388039,RATIO,POINT_IN_TIME,2026-03-31,AssetsCurrent LiabilitiesCurrent,10-Q,2026-04-29
ABT,COMPLETED,0.8889,REVENUE_GROWTH,0.005128,FRACTION,FISCAL_YEAR,2025-12-31,RevenueFromContractWithCustomerExcludingAssessedTax RevenueFromContractWithCustomerExcludingAssessedTax,10-K,2026-02-20
ABT,COMPLETED,0.8889,NET_INCOME_GROWTH,-0.020064,FRACTION,FISCAL_YEAR,2025-12-31,NetIncomeLoss NetIncomeLoss,10-K,2026-02-20
ABT,COMPLETED,0.8889,SHARE_COUNT_GROWTH,-0.000286,FRACTION,FISCAL_YEAR,2025-12-31,WeightedAverageNumberOfDilutedSharesOutstanding WeightedAverageNumberOfDilutedSharesOutstanding,10-K,2026-02-20
ABT,COMPLETED,0.8889,MARKET_CAPITALIZATION,203147583594.269989,CURRENCY,POINT_IN_TIME,2026-03-31,EntityCommonStockSharesOutstanding,10-Q,2026-04-29
ABT,COMPLETED,0.8889,PRICE_EARNINGS_RATIO,32.368959,RATIO,TRAILING_TWELVE_MONTHS,2026-03-31,EntityCommonStockSharesOutstanding NetIncomeLoss,10-Q,2026-04-29
ABT,COMPLETED,0.8889,PRICE_SALES_RATIO,4.500988,RATIO,TRAILING_TWELVE_MONTHS,2026-03-31,EntityCommonStockSharesOutstanding RevenueFromContractWithCustomerExcludingAssessedTax,10-Q,2026-04-29
ABT,COMPLETED,0.8889,PRICE_FREE_CASH_FLOW_RATIO,27.534235,RATIO,TRAILING_TWELVE_MONTHS,2026-03-31,EntityCommonStockSharesOutstanding NetCashProvidedByUsedInOperatingActivities PaymentsToAcquirePropertyPlantAndEquipment,10-Q,2026-04-29
ADBE,COMPLETED,1.0000,REVENUE,25198000000.000000,CURRENCY,TRAILING_TWELVE_MONTHS,2026-05-29,Revenues,10-Q,2026-06-15
ADBE,COMPLETED,1.0000,NET_INCOME,7229000000.000000,CURRENCY,TRAILING_TWELVE_MONTHS,2026-05-29,NetIncomeLoss,10-Q,2026-06-15
ADBE,COMPLETED,1.0000,FREE_CASH_FLOW,10280000000.000000,CURRENCY,TRAILING_TWELVE_MONTHS,2026-05-29,NetCashProvidedByUsedInOperatingActivities PaymentsToAcquirePropertyPlantAndEquipment,10-Q,2026-06-15
ADBE,COMPLETED,1.0000,FREE_CASH_FLOW_MARGIN,0.407969,FRACTION,TRAILING_TWELVE_MONTHS,2026-05-29,NetCashProvidedByUsedInOperatingActivities PaymentsToAcquirePropertyPlantAndEquipment Revenues,10-Q,2026-06-15
ADBE,COMPLETED,1.0000,GROSS_MARGIN,0.894039,FRACTION,TRAILING_TWELVE_MONTHS,2026-05-29,GrossProfit Revenues,10-Q,2026-06-15
ADBE,COMPLETED,1.0000,OPERATING_MARGIN,0.360743,FRACTION,TRAILING_TWELVE_MONTHS,2026-05-29,OperatingIncomeLoss Revenues,10-Q,2026-06-15
ADBE,COMPLETED,1.0000,NET_MARGIN,0.286888,FRACTION,TRAILING_TWELVE_MONTHS,2026-05-29,NetIncomeLoss Revenues,10-Q,2026-06-15
ADBE,COMPLETED,1.0000,RETURN_ON_EQUITY,0.627626,FRACTION,TRAILING_TWELVE_MONTHS,2026-05-29,NetIncomeLoss StockholdersEquity,10-Q,2026-06-15
ADBE,COMPLETED,1.0000,RETURN_ON_ASSETS,0.241506,FRACTION,TRAILING_TWELVE_MONTHS,2026-05-29,NetIncomeLoss Assets,10-Q,2026-06-15
ADBE,COMPLETED,1.0000,DEBT_TO_EQUITY,1.598802,RATIO,POINT_IN_TIME,2026-05-29,Liabilities StockholdersEquity,10-Q,2026-06-15
ADBE,COMPLETED,1.0000,CURRENT_RATIO,0.750787,RATIO,POINT_IN_TIME,2026-05-29,AssetsCurrent LiabilitiesCurrent,10-Q,2026-06-15
ADBE,COMPLETED,1.0000,REVENUE_GROWTH,0.105223,FRACTION,FISCAL_YEAR,2025-11-28,Revenues Revenues,10-K,2026-01-15
ADBE,COMPLETED,1.0000,NET_INCOME_GROWTH,0.144500,FRACTION,FISCAL_YEAR,2025-11-28,NetIncomeLoss NetIncomeLoss,10-K,2026-01-15
ADBE,COMPLETED,1.0000,SHARE_COUNT_GROWTH,-0.035593,FRACTION,FISCAL_YEAR,2025-11-28,WeightedAverageNumberOfDilutedSharesOutstanding WeightedAverageNumberOfDilutedSharesOutstanding,10-K,2026-01-15
ADBE,COMPLETED,1.0000,MARKET_CAPITALIZATION,109427775000.000015,CURRENCY,POINT_IN_TIME,2026-06-11,EntityCommonStockSharesOutstanding,10-Q,2026-06-15
ADBE,COMPLETED,1.0000,PRICE_EARNINGS_RATIO,15.137332,RATIO,TRAILING_TWELVE_MONTHS,2026-05-29,EntityCommonStockSharesOutstanding NetIncomeLoss,10-Q,2026-06-15
ADBE,COMPLETED,1.0000,PRICE_SALES_RATIO,4.342717,RATIO,TRAILING_TWELVE_MONTHS,2026-05-29,EntityCommonStockSharesOutstanding Revenues,10-Q,2026-06-15
ADBE,COMPLETED,1.0000,PRICE_FREE_CASH_FLOW_RATIO,10.644725,RATIO,TRAILING_TWELVE_MONTHS,2026-05-29,EntityCommonStockSharesOutstanding NetCashProvidedByUsedInOperatingActivities PaymentsToAcquirePropertyPlantAndEquipment,10-Q,2026-06-15
ADI,COMPLETED,0.9444,REVENUE,13881744000.000000,CURRENCY,TRAILING_TWELVE_MONTHS,2026-08-01,RevenueFromContractWithCustomerExcludingAssessedTax,10-Q,2026-08-19
ADI,COMPLETED,0.9444,NET_INCOME,4135004000.000000,CURRENCY,TRAILING_TWELVE_MONTHS,2026-08-01,NetIncomeLoss,10-Q,2026-08-19
ADI,COMPLETED,0.9444,FREE_CASH_FLOW,4937495000.000000,CURRENCY,TRAILING_TWELVE_MONTHS,2026-08-01,NetCashProvidedByUsedInOperatingActivities PaymentsToAcquirePropertyPlantAndEquipment,10-Q,2026-08-19
ADI,COMPLETED,0.9444,FREE_CASH_FLOW_MARGIN,0.355683,FRACTION,TRAILING_TWELVE_MONTHS,2026-08-01,NetCashProvidedByUsedInOperatingActivities PaymentsToAcquirePropertyPlantAndEquipment RevenueFromContractWithCustomerExcludingAssessedTax,10-Q,2026-08-19
ADI,COMPLETED,0.9444,GROSS_MARGIN,0.657996,FRACTION,TRAILING_TWELVE_MONTHS,2026-08-01,GrossProfit RevenueFromContractWithCustomerExcludingAssessedTax,10-Q,2026-08-19
ADI,COMPLETED,0.9444,OPERATING_MARGIN,0.355495,FRACTION,TRAILING_TWELVE_MONTHS,2026-08-01,OperatingIncomeLoss RevenueFromContractWithCustomerExcludingAssessedTax,10-Q,2026-08-19
ADI,COMPLETED,0.9444,NET_MARGIN,0.297874,FRACTION,TRAILING_TWELVE_MONTHS,2026-08-01,NetIncomeLoss RevenueFromContractWithCustomerExcludingAssessedTax,10-Q,2026-08-19
ADI,COMPLETED,0.9444,RETURN_ON_EQUITY,0.123246,FRACTION,TRAILING_TWELVE_MONTHS,2026-08-01,NetIncomeLoss StockholdersEquity,10-Q,2026-08-19
ADI,COMPLETED,0.9444,RETURN_ON_ASSETS,0.085391,FRACTION,TRAILING_TWELVE_MONTHS,2026-08-01,NetIncomeLoss Assets,10-Q,2026-08-19
ADI,COMPLETED,0.9444,CURRENT_RATIO,1.250391,RATIO,POINT_IN_TIME,2026-08-01,AssetsCurrent LiabilitiesCurrent,10-Q,2026-08-19
ADI,COMPLETED,0.9444,REVENUE_GROWTH,-0.028384,FRACTION,FISCAL_YEAR,2025-11-01,RevenueFromContractWithCustomerExcludingAssessedTax RevenueFromContractWithCustomerExcludingAssessedTax,10-K,2025-11-25
ADI,COMPLETED,0.9444,NET_INCOME_GROWTH,-0.062142,FRACTION,FISCAL_YEAR,2025-11-01,NetIncomeLoss NetIncomeLoss,10-K,2025-11-25
ADI,COMPLETED,0.9444,SHARE_COUNT_GROWTH,-0.009183,FRACTION,FISCAL_YEAR,2025-11-01,WeightedAverageNumberOfDilutedSharesOutstanding WeightedAverageNumberOfDilutedSharesOutstanding,10-K,2025-11-25
ADI,COMPLETED,0.9444,MARKET_CAPITALIZATION,180796220646.149994,CURRENCY,POINT_IN_TIME,2026-08-01,EntityCommonStockSharesOutstanding,10-Q,2026-08-19
ADI,COMPLETED,0.9444,PRICE_EARNINGS_RATIO,43.723348,RATIO,TRAILING_TWELVE_MONTHS,2026-08-01,EntityCommonStockSharesOutstanding NetIncomeLoss,10-Q,2026-08-19
ADI,COMPLETED,0.9444,PRICE_SALES_RATIO,13.024028,RATIO,TRAILING_TWELVE_MONTHS,2026-08-01,EntityCommonStockSharesOutstanding RevenueFromContractWithCustomerExcludingAssessedTax,10-Q,2026-08-19
ADI,COMPLETED,0.9444,PRICE_FREE_CASH_FLOW_RATIO,36.616993,RATIO,TRAILING_TWELVE_MONTHS,2026-08-01,EntityCommonStockSharesOutstanding NetCashProvidedByUsedInOperatingActivities PaymentsToAcquirePropertyPlantAndEquipment,10-Q,2026-08-19
ADM,COMPLETED,0.8333,REVENUE,82099000000.000000,CURRENCY,TRAILING_TWELVE_MONTHS,2026-06-30,Revenues,10-Q,2026-08-04
ADM,COMPLETED,0.8333,NET_INCOME,1770000000.000000,CURRENCY,TRAILING_TWELVE_MONTHS,2026-06-30,NetIncomeLoss,10-Q,2026-08-04
ADM,COMPLETED,0.8333,FREE_CASH_FLOW,1677000000.000000,CURRENCY,TRAILING_TWELVE_MONTHS,2026-06-30,NetCashProvidedByUsedInOperatingActivities PaymentsToAcquirePropertyPlantAndEquipment,10-Q,2026-08-04
ADM,COMPLETED,0.8333,FREE_CASH_FLOW_MARGIN,0.020427,FRACTION,TRAILING_TWELVE_MONTHS,2026-06-30,NetCashProvidedByUsedInOperatingActivities PaymentsToAcquirePropertyPlantAndEquipment Revenues,10-Q,2026-08-04
ADM,COMPLETED,0.8333,GROSS_MARGIN,0.068698,FRACTION,TRAILING_TWELVE_MONTHS,2026-06-30,GrossProfit Revenues,10-Q,2026-08-04
ADM,COMPLETED,0.8333,NET_MARGIN,0.021559,FRACTION,TRAILING_TWELVE_MONTHS,2026-06-30,NetIncomeLoss Revenues,10-Q,2026-08-04
ADM,COMPLETED,0.8333,RETURN_ON_ASSETS,0.033067,FRACTION,TRAILING_TWELVE_MONTHS,2026-06-30,NetIncomeLoss Assets,10-Q,2026-08-04
ADM,COMPLETED,0.8333,CURRENT_RATIO,1.389117,RATIO,POINT_IN_TIME,2026-06-30,AssetsCurrent LiabilitiesCurrent,10-Q,2026-08-04
ADM,COMPLETED,0.8333,REVENUE_GROWTH,-0.075414,FRACTION,FISCAL_YEAR,2025-12-31,Revenues Revenues,10-K,2026-02-17
ADM,COMPLETED,0.8333,NET_INCOME_GROWTH,-0.371397,FRACTION,FISCAL_YEAR,2025-12-31,NetIncomeLoss NetIncomeLoss,10-K,2026-02-17
ADM,COMPLETED,0.8333,SHARE_COUNT_GROWTH,-0.055019,FRACTION,FISCAL_YEAR,2025-12-31,WeightedAverageNumberOfDilutedSharesOutstanding WeightedAverageNumberOfDilutedSharesOutstanding,10-K,2026-02-17
ADM,COMPLETED,0.8333,MARKET_CAPITALIZATION,38701354514.900002,CURRENCY,POINT_IN_TIME,2026-07-30,EntityCommonStockSharesOutstanding,10-Q,2026-08-04
ADM,COMPLETED,0.8333,PRICE_EARNINGS_RATIO,21.865172,RATIO,TRAILING_TWELVE_MONTHS,2026-06-30,EntityCommonStockSharesOutstanding NetIncomeLoss,10-Q,2026-08-04
ADM,COMPLETED,0.8333,PRICE_SALES_RATIO,0.471399,RATIO,TRAILING_TWELVE_MONTHS,2026-06-30,EntityCommonStockSharesOutstanding Revenues,10-Q,2026-08-04
ADM,COMPLETED,0.8333,PRICE_FREE_CASH_FLOW_RATIO,23.077731,RATIO,TRAILING_TWELVE_MONTHS,2026-06-30,EntityCommonStockSharesOutstanding NetCashProvidedByUsedInOperatingActivities PaymentsToAcquirePropertyPlantAndEquipment,10-Q,2026-08-04
ADP,COMPLETED,0.7222,REVENUE,21947400000.000000,CURRENCY,FISCAL_YEAR,2026-06-30,Revenues,10-K,2026-08-05
ADP,COMPLETED,0.7222,NET_INCOME,4413500000.000000,CURRENCY,FISCAL_YEAR,2026-06-30,NetIncomeLoss,10-K,2026-08-05
ADP,COMPLETED,0.7222,NET_MARGIN,0.201094,FRACTION,FISCAL_YEAR,2026-06-30,NetIncomeLoss Revenues,10-K,2026-08-05
ADP,COMPLETED,0.7222,RETURN_ON_EQUITY,0.731778,FRACTION,FISCAL_YEAR,2026-06-30,NetIncomeLoss StockholdersEquity,10-K,2026-08-05
ADP,COMPLETED,0.7222,RETURN_ON_ASSETS,0.069841,FRACTION,FISCAL_YEAR,2026-06-30,NetIncomeLoss Assets,10-K,2026-08-05
ADP,COMPLETED,0.7222,DEBT_TO_EQUITY,9.477732,RATIO,POINT_IN_TIME,2026-06-30,Liabilities StockholdersEquity,10-K,2026-08-05
ADP,COMPLETED,0.7222,CURRENT_RATIO,1.050699,RATIO,POINT_IN_TIME,2026-06-30,AssetsCurrent LiabilitiesCurrent,10-K,2026-08-05
ADP,COMPLETED,0.7222,REVENUE_GROWTH,0.068084,FRACTION,FISCAL_YEAR,2026-06-30,Revenues Revenues,10-K,2026-08-05
ADP,COMPLETED,0.7222,NET_INCOME_GROWTH,0.089577,FRACTION,FISCAL_YEAR,2026-06-30,NetIncomeLoss NetIncomeLoss,10-K,2026-08-05
ADP,COMPLETED,0.7222,SHARE_COUNT_GROWTH,-0.010855,FRACTION,FISCAL_YEAR,2026-06-30,WeightedAverageNumberOfDilutedSharesOutstanding WeightedAverageNumberOfDilutedSharesOutstanding,10-K,2026-08-05
ADP,COMPLETED,0.7222,MARKET_CAPITALIZATION,111583157568.559998,CURRENCY,POINT_IN_TIME,2026-07-31,EntityCommonStockSharesOutstanding,10-K,2026-08-05
ADP,COMPLETED,0.7222,PRICE_EARNINGS_RATIO,25.282238,RATIO,FISCAL_YEAR,2026-06-30,EntityCommonStockSharesOutstanding NetIncomeLoss,10-K,2026-08-05
ADP,COMPLETED,0.7222,PRICE_SALES_RATIO,5.084117,RATIO,FISCAL_YEAR,2026-06-30,EntityCommonStockSharesOutstanding Revenues,10-K,2026-08-05
ADSK,COMPLETED,0.9444,REVENUE,7790000000.000000,CURRENCY,TRAILING_TWELVE_MONTHS,2026-07-31,RevenueFromContractWithCustomerExcludingAssessedTax,10-Q,2026-08-28
ADSK,COMPLETED,0.9444,NET_INCOME,1642000000.000000,CURRENCY,TRAILING_TWELVE_MONTHS,2026-07-31,NetIncomeLoss,10-Q,2026-08-28
ADSK,COMPLETED,0.9444,FREE_CASH_FLOW,2839000000.000000,CURRENCY,TRAILING_TWELVE_MONTHS,2026-07-31,NetCashProvidedByUsedInOperatingActivities PaymentsToAcquirePropertyPlantAndEquipment,10-Q,2026-08-28
ADSK,COMPLETED,0.9444,FREE_CASH_FLOW_MARGIN,0.364442,FRACTION,TRAILING_TWELVE_MONTHS,2026-07-31,NetCashProvidedByUsedInOperatingActivities PaymentsToAcquirePropertyPlantAndEquipment RevenueFromContractWithCustomerExcludingAssessedTax,10-Q,2026-08-28
ADSK,COMPLETED,0.9444,GROSS_MARGIN,0.912452,FRACTION,TRAILING_TWELVE_MONTHS,2026-07-31,GrossProfit RevenueFromContractWithCustomerExcludingAssessedTax,10-Q,2026-08-28
ADSK,COMPLETED,0.9444,OPERATING_MARGIN,0.262003,FRACTION,TRAILING_TWELVE_MONTHS,2026-07-31,OperatingIncomeLoss RevenueFromContractWithCustomerExcludingAssessedTax,10-Q,2026-08-28
ADSK,COMPLETED,0.9444,NET_MARGIN,0.210783,FRACTION,TRAILING_TWELVE_MONTHS,2026-07-31,NetIncomeLoss RevenueFromContractWithCustomerExcludingAssessedTax,10-Q,2026-08-28
ADSK,COMPLETED,0.9444,RETURN_ON_EQUITY,0.485368,FRACTION,TRAILING_TWELVE_MONTHS,2026-07-31,NetIncomeLoss StockholdersEquity,10-Q,2026-08-28
ADSK,COMPLETED,0.9444,RETURN_ON_ASSETS,0.126473,FRACTION,TRAILING_TWELVE_MONTHS,2026-07-31,NetIncomeLoss Assets,10-Q,2026-08-28
ADSK,COMPLETED,0.9444,CURRENT_RATIO,0.855462,RATIO,POINT_IN_TIME,2026-07-31,AssetsCurrent LiabilitiesCurrent,10-Q,2026-08-28
ADSK,COMPLETED,0.9444,REVENUE_GROWTH,0.129181,FRACTION,FISCAL_YEAR,2026-01-31,RevenueFromContractWithCustomerExcludingAssessedTax RevenueFromContractWithCustomerExcludingAssessedTax,10-K,2026-03-03
ADSK,COMPLETED,0.9444,NET_INCOME_GROWTH,0.109487,FRACTION,FISCAL_YEAR,2026-01-31,NetIncomeLoss NetIncomeLoss,10-K,2026-03-03
ADSK,COMPLETED,0.9444,SHARE_COUNT_GROWTH,-0.002318,FRACTION,FISCAL_YEAR,2026-01-31,WeightedAverageNumberOfDilutedSharesOutstanding WeightedAverageNumberOfDilutedSharesOutstanding,10-K,2026-03-03
ADSK,COMPLETED,0.9444,MARKET_CAPITALIZATION,53050470000.000000,CURRENCY,POINT_IN_TIME,2026-08-21,EntityCommonStockSharesOutstanding,10-Q,2026-08-28
ADSK,COMPLETED,0.9444,PRICE_EARNINGS_RATIO,32.308447,RATIO,TRAILING_TWELVE_MONTHS,2026-07-31,EntityCommonStockSharesOutstanding NetIncomeLoss,10-Q,2026-08-28
ADSK,COMPLETED,0.9444,PRICE_SALES_RATIO,6.810073,RATIO,TRAILING_TWELVE_MONTHS,2026-07-31,EntityCommonStockSharesOutstanding RevenueFromContractWithCustomerExcludingAssessedTax,10-Q,2026-08-28
ADSK,COMPLETED,0.9444,PRICE_FREE_CASH_FLOW_RATIO,18.686323,RATIO,TRAILING_TWELVE_MONTHS,2026-07-31,EntityCommonStockSharesOutstanding NetCashProvidedByUsedInOperatingActivities PaymentsToAcquirePropertyPlantAndEquipment,10-Q,2026-08-28
AJG,COMPLETED,0.6667,REVENUE,15754000000.000000,CURRENCY,TRAILING_TWELVE_MONTHS,2026-06-30,RevenueFromContractWithCustomerExcludingAssessedTax,10-Q,2026-08-05
AJG,COMPLETED,0.6667,NET_INCOME,1568000000.000000,CURRENCY,TRAILING_TWELVE_MONTHS,2026-06-30,NetIncomeLoss,10-Q,2026-08-05
AJG,COMPLETED,0.6667,NET_MARGIN,0.099530,FRACTION,TRAILING_TWELVE_MONTHS,2026-06-30,NetIncomeLoss RevenueFromContractWithCustomerExcludingAssessedTax,10-Q,2026-08-05
AJG,COMPLETED,0.6667,RETURN_ON_EQUITY,0.066113,FRACTION,TRAILING_TWELVE_MONTHS,2026-06-30,NetIncomeLoss StockholdersEquity,10-Q,2026-08-05
AJG,COMPLETED,0.6667,RETURN_ON_ASSETS,0.019167,FRACTION,TRAILING_TWELVE_MONTHS,2026-06-30,NetIncomeLoss Assets,10-Q,2026-08-05
AJG,COMPLETED,0.6667,DEBT_TO_EQUITY,2.448075,RATIO,POINT_IN_TIME,2026-06-30,Liabilities StockholdersEquity,10-Q,2026-08-05
AJG,COMPLETED,0.6667,CURRENT_RATIO,1.052788,RATIO,POINT_IN_TIME,2026-06-30,AssetsCurrent LiabilitiesCurrent,10-Q,2026-08-05
AJG,COMPLETED,0.6667,REVENUE_GROWTH,0.176999,FRACTION,FISCAL_YEAR,2025-12-31,RevenueFromContractWithCustomerExcludingAssessedTax RevenueFromContractWithCustomerExcludingAssessedTax,10-K,2026-02-17
AJG,COMPLETED,0.6667,NET_INCOME_GROWTH,0.102713,FRACTION,FISCAL_YEAR,2025-12-31,NetIncomeLoss NetIncomeLoss,10-K,2026-02-17
AJG,COMPLETED,0.6667,MARKET_CAPITALIZATION,67655511000.000008,CURRENCY,POINT_IN_TIME,2026-06-30,EntityCommonStockSharesOutstanding,10-Q,2026-08-05
AJG,COMPLETED,0.6667,PRICE_EARNINGS_RATIO,43.147647,RATIO,TRAILING_TWELVE_MONTHS,2026-06-30,EntityCommonStockSharesOutstanding NetIncomeLoss,10-Q,2026-08-05
AJG,COMPLETED,0.6667,PRICE_SALES_RATIO,4.294497,RATIO,TRAILING_TWELVE_MONTHS,2026-06-30,EntityCommonStockSharesOutstanding RevenueFromContractWithCustomerExcludingAssessedTax,10-Q,2026-08-05
AKAM,COMPLETED,0.9444,REVENUE,4322834000.000000,CURRENCY,TRAILING_TWELVE_MONTHS,2026-06-30,RevenueFromContractWithCustomerIncludingAssessedTax,10-Q,2026-08-07
AKAM,COMPLETED,0.9444,NET_INCOME,410965000.000000,CURRENCY,TRAILING_TWELVE_MONTHS,2026-06-30,NetIncomeLoss,10-Q,2026-08-07
AKAM,COMPLETED,0.9444,FREE_CASH_FLOW,956103000.000000,CURRENCY,TRAILING_TWELVE_MONTHS,2026-06-30,NetCashProvidedByUsedInOperatingActivities PaymentsToAcquirePropertyPlantAndEquipment,10-Q,2026-08-07
AKAM,COMPLETED,0.9444,FREE_CASH_FLOW_MARGIN,0.221175,FRACTION,TRAILING_TWELVE_MONTHS,2026-06-30,NetCashProvidedByUsedInOperatingActivities PaymentsToAcquirePropertyPlantAndEquipment RevenueFromContractWithCustomerIncludingAssessedTax,10-Q,2026-08-07
AKAM,COMPLETED,0.9444,OPERATING_MARGIN,0.105412,FRACTION,TRAILING_TWELVE_MONTHS,2026-06-30,OperatingIncomeLoss RevenueFromContractWithCustomerIncludingAssessedTax,10-Q,2026-08-07
AKAM,COMPLETED,0.9444,NET_MARGIN,0.095068,FRACTION,TRAILING_TWELVE_MONTHS,2026-06-30,NetIncomeLoss RevenueFromContractWithCustomerIncludingAssessedTax,10-Q,2026-08-07
AKAM,COMPLETED,0.9444,RETURN_ON_EQUITY,0.086546,FRACTION,TRAILING_TWELVE_MONTHS,2026-06-30,NetIncomeLoss StockholdersEquity,10-Q,2026-08-07
AKAM,COMPLETED,0.9444,RETURN_ON_ASSETS,0.027264,FRACTION,TRAILING_TWELVE_MONTHS,2026-06-30,NetIncomeLoss Assets,10-Q,2026-08-07
AKAM,COMPLETED,0.9444,DEBT_TO_EQUITY,2.174343,RATIO,POINT_IN_TIME,2026-06-30,Liabilities StockholdersEquity,10-Q,2026-08-07
AKAM,COMPLETED,0.9444,CURRENT_RATIO,1.636652,RATIO,POINT_IN_TIME,2026-06-30,AssetsCurrent LiabilitiesCurrent,10-Q,2026-08-07
AKAM,COMPLETED,0.9444,REVENUE_GROWTH,0.051790,FRACTION,FISCAL_YEAR,2025-12-31,RevenueFromContractWithCustomerIncludingAssessedTax RevenueFromContractWithCustomerIncludingAssessedTax,10-K,2026-02-20
AKAM,COMPLETED,0.9444,NET_INCOME_GROWTH,-0.047855,FRACTION,FISCAL_YEAR,2025-12-31,NetIncomeLoss NetIncomeLoss,10-K,2026-02-20
AKAM,COMPLETED,0.9444,SHARE_COUNT_GROWTH,-0.027317,FRACTION,FISCAL_YEAR,2025-12-31,WeightedAverageNumberOfDilutedSharesOutstanding WeightedAverageNumberOfDilutedSharesOutstanding,10-K,2026-02-20
AKAM,COMPLETED,0.9444,MARKET_CAPITALIZATION,15866313633.600000,CURRENCY,POINT_IN_TIME,2026-08-03,EntityCommonStockSharesOutstanding,10-Q,2026-08-07
AKAM,COMPLETED,0.9444,PRICE_EARNINGS_RATIO,38.607457,RATIO,TRAILING_TWELVE_MONTHS,2026-06-30,EntityCommonStockSharesOutstanding NetIncomeLoss,10-Q,2026-08-07
AKAM,COMPLETED,0.9444,PRICE_SALES_RATIO,3.670350,RATIO,TRAILING_TWELVE_MONTHS,2026-06-30,EntityCommonStockSharesOutstanding RevenueFromContractWithCustomerIncludingAssessedTax,10-Q,2026-08-07
AKAM,COMPLETED,0.9444,PRICE_FREE_CASH_FLOW_RATIO,16.594774,RATIO,TRAILING_TWELVE_MONTHS,2026-06-30,EntityCommonStockSharesOutstanding NetCashProvidedByUsedInOperatingActivities PaymentsToAcquirePropertyPlantAndEquipment,10-Q,2026-08-07
ALGN,COMPLETED,1.0000,REVENUE,4139532000.000000,CURRENCY,TRAILING_TWELVE_MONTHS,2026-06-30,RevenueFromContractWithCustomerExcludingAssessedTax,10-Q,2026-08-05
ALGN,COMPLETED,1.0000,NET_INCOME,413578000.000000,CURRENCY,TRAILING_TWELVE_MONTHS,2026-06-30,NetIncomeLoss,10-Q,2026-08-05
ALGN,COMPLETED,1.0000,FREE_CASH_FLOW,633569000.000000,CURRENCY,TRAILING_TWELVE_MONTHS,2026-06-30,NetCashProvidedByUsedInOperatingActivities PaymentsToAcquirePropertyPlantAndEquipment,10-Q,2026-08-05
ALGN,COMPLETED,1.0000,FREE_CASH_FLOW_MARGIN,0.153053,FRACTION,TRAILING_TWELVE_MONTHS,2026-06-30,NetCashProvidedByUsedInOperatingActivities PaymentsToAcquirePropertyPlantAndEquipment RevenueFromContractWithCustomerExcludingAssessedTax,10-Q,2026-08-05
ALGN,COMPLETED,1.0000,GROSS_MARGIN,0.680465,FRACTION,TRAILING_TWELVE_MONTHS,2026-06-30,GrossProfit RevenueFromContractWithCustomerExcludingAssessedTax,10-Q,2026-08-05
ALGN,COMPLETED,1.0000,OPERATING_MARGIN,0.132283,FRACTION,TRAILING_TWELVE_MONTHS,2026-06-30,OperatingIncomeLoss RevenueFromContractWithCustomerExcludingAssessedTax,10-Q,2026-08-05
ALGN,COMPLETED,1.0000,NET_MARGIN,0.099909,FRACTION,TRAILING_TWELVE_MONTHS,2026-06-30,NetIncomeLoss RevenueFromContractWithCustomerExcludingAssessedTax,10-Q,2026-08-05
ALGN,COMPLETED,1.0000,RETURN_ON_EQUITY,0.097716,FRACTION,TRAILING_TWELVE_MONTHS,2026-06-30,NetIncomeLoss StockholdersEquity,10-Q,2026-08-05
ALGN,COMPLETED,1.0000,RETURN_ON_ASSETS,0.064445,FRACTION,TRAILING_TWELVE_MONTHS,2026-06-30,NetIncomeLoss Assets,10-Q,2026-08-05
ALGN,COMPLETED,1.0000,DEBT_TO_EQUITY,0.516279,RATIO,POINT_IN_TIME,2026-06-30,Liabilities StockholdersEquity,10-Q,2026-08-05
ALGN,COMPLETED,1.0000,CURRENT_RATIO,1.395291,RATIO,POINT_IN_TIME,2026-06-30,AssetsCurrent LiabilitiesCurrent,10-Q,2026-08-05
ALGN,COMPLETED,1.0000,REVENUE_GROWTH,0.026118,FRACTION,FISCAL_YEAR,2025-12-31,RevenueFromContractWithCustomerExcludingAssessedTax RevenueFromContractWithCustomerExcludingAssessedTax,10-K,2026-02-27
ALGN,COMPLETED,1.0000,NET_INCOME_GROWTH,0.043085,FRACTION,FISCAL_YEAR,2025-12-31,NetIncomeLoss NetIncomeLoss,10-K,2026-02-27
ALGN,COMPLETED,1.0000,SHARE_COUNT_GROWTH,-0.026337,FRACTION,FISCAL_YEAR,2025-12-31,WeightedAverageNumberOfDilutedSharesOutstanding WeightedAverageNumberOfDilutedSharesOutstanding,10-K,2026-02-27
ALGN,COMPLETED,1.0000,MARKET_CAPITALIZATION,11558894318.920000,CURRENCY,POINT_IN_TIME,2026-07-31,EntityCommonStockSharesOutstanding,10-Q,2026-08-05
ALGN,COMPLETED,1.0000,PRICE_EARNINGS_RATIO,27.948523,RATIO,TRAILING_TWELVE_MONTHS,2026-06-30,EntityCommonStockSharesOutstanding NetIncomeLoss,10-Q,2026-08-05
ALGN,COMPLETED,1.0000,PRICE_SALES_RATIO,2.792319,RATIO,TRAILING_TWELVE_MONTHS,2026-06-30,EntityCommonStockSharesOutstanding RevenueFromContractWithCustomerExcludingAssessedTax,10-Q,2026-08-05
ALGN,COMPLETED,1.0000,PRICE_FREE_CASH_FLOW_RATIO,18.244097,RATIO,TRAILING_TWELVE_MONTHS,2026-06-30,EntityCommonStockSharesOutstanding NetCashProvidedByUsedInOperatingActivities PaymentsToAcquirePropertyPlantAndEquipment,10-Q,2026-08-05
AMAT,COMPLETED,1.0000,REVENUE,30837000000.000000,CURRENCY,TRAILING_TWELVE_MONTHS,2026-07-26,RevenueFromContractWithCustomerExcludingAssessedTax,10-Q,2026-08-20
AMAT,COMPLETED,1.0000,NET_INCOME,9267000000.000000,CURRENCY,TRAILING_TWELVE_MONTHS,2026-07-26,NetIncomeLoss,10-Q,2026-08-20
AMAT,COMPLETED,1.0000,FREE_CASH_FLOW,5623000000.000000,CURRENCY,TRAILING_TWELVE_MONTHS,2026-07-26,NetCashProvidedByUsedInOperatingActivities PaymentsToAcquirePropertyPlantAndEquipment,10-Q,2026-08-20
AMAT,COMPLETED,1.0000,FREE_CASH_FLOW_MARGIN,0.182346,FRACTION,TRAILING_TWELVE_MONTHS,2026-07-26,NetCashProvidedByUsedInOperatingActivities PaymentsToAcquirePropertyPlantAndEquipment RevenueFromContractWithCustomerExcludingAssessedTax,10-Q,2026-08-20
AMAT,COMPLETED,1.0000,GROSS_MARGIN,0.493984,FRACTION,TRAILING_TWELVE_MONTHS,2026-07-26,GrossProfit RevenueFromContractWithCustomerExcludingAssessedTax,10-Q,2026-08-20
AMAT,COMPLETED,1.0000,OPERATING_MARGIN,0.296430,FRACTION,TRAILING_TWELVE_MONTHS,2026-07-26,OperatingIncomeLoss RevenueFromContractWithCustomerExcludingAssessedTax,10-Q,2026-08-20
AMAT,COMPLETED,1.0000,NET_MARGIN,0.300516,FRACTION,TRAILING_TWELVE_MONTHS,2026-07-26,NetIncomeLoss RevenueFromContractWithCustomerExcludingAssessedTax,10-Q,2026-08-20
AMAT,COMPLETED,1.0000,RETURN_ON_EQUITY,0.361625,FRACTION,TRAILING_TWELVE_MONTHS,2026-07-26,NetIncomeLoss StockholdersEquity,10-Q,2026-08-20
AMAT,COMPLETED,1.0000,RETURN_ON_ASSETS,0.212927,FRACTION,TRAILING_TWELVE_MONTHS,2026-07-26,NetIncomeLoss Assets,10-Q,2026-08-20
AMAT,COMPLETED,1.0000,DEBT_TO_EQUITY,0.698353,RATIO,POINT_IN_TIME,2026-07-26,Liabilities StockholdersEquity,10-Q,2026-08-20
AMAT,COMPLETED,1.0000,CURRENT_RATIO,2.422999,RATIO,POINT_IN_TIME,2026-07-26,AssetsCurrent LiabilitiesCurrent,10-Q,2026-08-20
AMAT,COMPLETED,1.0000,REVENUE_GROWTH,0.032335,FRACTION,FISCAL_YEAR,2025-10-26,RevenueFromContractWithCustomerExcludingAssessedTax RevenueFromContractWithCustomerExcludingAssessedTax,10-K,2025-12-12
AMAT,COMPLETED,1.0000,NET_INCOME_GROWTH,0.023602,FRACTION,FISCAL_YEAR,2025-10-26,NetIncomeLoss NetIncomeLoss,10-K,2025-12-12
AMAT,COMPLETED,1.0000,SHARE_COUNT_GROWTH,-0.022139,FRACTION,FISCAL_YEAR,2025-10-26,WeightedAverageNumberOfDilutedSharesOutstanding WeightedAverageNumberOfDilutedSharesOutstanding,10-K,2025-12-12
AMAT,COMPLETED,1.0000,MARKET_CAPITALIZATION,390862612626.359985,CURRENCY,POINT_IN_TIME,2026-07-26,EntityCommonStockSharesOutstanding,10-Q,2026-08-20
AMAT,COMPLETED,1.0000,PRICE_EARNINGS_RATIO,42.177901,RATIO,TRAILING_TWELVE_MONTHS,2026-07-26,EntityCommonStockSharesOutstanding NetIncomeLoss,10-Q,2026-08-20
AMAT,COMPLETED,1.0000,PRICE_SALES_RATIO,12.675118,RATIO,TRAILING_TWELVE_MONTHS,2026-07-26,EntityCommonStockSharesOutstanding RevenueFromContractWithCustomerExcludingAssessedTax,10-Q,2026-08-20
AMAT,COMPLETED,1.0000,PRICE_FREE_CASH_FLOW_RATIO,69.511402,RATIO,TRAILING_TWELVE_MONTHS,2026-07-26,EntityCommonStockSharesOutstanding NetCashProvidedByUsedInOperatingActivities PaymentsToAcquirePropertyPlantAndEquipment,10-Q,2026-08-20
AMD,COMPLETED,0.9444,REVENUE,41305000000.000000,CURRENCY,TRAILING_TWELVE_MONTHS,2026-06-27,RevenueFromContractWithCustomerExcludingAssessedTax,10-Q,2026-08-05
AMD,COMPLETED,0.9444,NET_INCOME,6434000000.000000,CURRENCY,TRAILING_TWELVE_MONTHS,2026-06-27,NetIncomeLoss,10-Q,2026-08-05
AMD,COMPLETED,0.9444,FREE_CASH_FLOW,8403000000.000000,CURRENCY,TRAILING_TWELVE_MONTHS,2026-06-27,NetCashProvidedByUsedInOperatingActivities PaymentsToAcquirePropertyPlantAndEquipment,10-Q,2026-08-05
AMD,COMPLETED,0.9444,FREE_CASH_FLOW_MARGIN,0.203438,FRACTION,TRAILING_TWELVE_MONTHS,2026-06-27,NetCashProvidedByUsedInOperatingActivities PaymentsToAcquirePropertyPlantAndEquipment RevenueFromContractWithCustomerExcludingAssessedTax,10-Q,2026-08-05
AMD,COMPLETED,0.9444,GROSS_MARGIN,0.532042,FRACTION,TRAILING_TWELVE_MONTHS,2026-06-27,GrossProfit RevenueFromContractWithCustomerExcludingAssessedTax,10-Q,2026-08-05
AMD,COMPLETED,0.9444,OPERATING_MARGIN,0.157075,FRACTION,TRAILING_TWELVE_MONTHS,2026-06-27,OperatingIncomeLoss RevenueFromContractWithCustomerExcludingAssessedTax,10-Q,2026-08-05
AMD,COMPLETED,0.9444,NET_MARGIN,0.155768,FRACTION,TRAILING_TWELVE_MONTHS,2026-06-27,NetIncomeLoss RevenueFromContractWithCustomerExcludingAssessedTax,10-Q,2026-08-05
AMD,COMPLETED,0.9444,RETURN_ON_EQUITY,0.095710,FRACTION,TRAILING_TWELVE_MONTHS,2026-06-27,NetIncomeLoss StockholdersEquity,10-Q,2026-08-05
AMD,COMPLETED,0.9444,RETURN_ON_ASSETS,0.076174,FRACTION,TRAILING_TWELVE_MONTHS,2026-06-27,NetIncomeLoss Assets,10-Q,2026-08-05
AMD,COMPLETED,0.9444,CURRENT_RATIO,2.609221,RATIO,POINT_IN_TIME,2026-06-27,AssetsCurrent LiabilitiesCurrent,10-Q,2026-08-05
AMD,COMPLETED,0.9444,REVENUE_GROWTH,0.136436,FRACTION,FISCAL_YEAR,2025-12-27,RevenueFromContractWithCustomerExcludingAssessedTax RevenueFromContractWithCustomerExcludingAssessedTax,10-K,2026-02-04
AMD,COMPLETED,0.9444,NET_INCOME_GROWTH,0.486409,FRACTION,FISCAL_YEAR,2025-12-27,NetIncomeLoss NetIncomeLoss,10-K,2026-02-04
AMD,COMPLETED,0.9444,SHARE_COUNT_GROWTH,0.003379,FRACTION,FISCAL_YEAR,2025-12-27,WeightedAverageNumberOfDilutedSharesOutstanding WeightedAverageNumberOfDilutedSharesOutstanding,10-K,2026-02-04
AMD,COMPLETED,0.9444,MARKET_CAPITALIZATION,772503514624.819946,CURRENCY,POINT_IN_TIME,2026-07-29,EntityCommonStockSharesOutstanding,10-Q,2026-08-05
AMD,COMPLETED,0.9444,PRICE_EARNINGS_RATIO,120.065824,RATIO,TRAILING_TWELVE_MONTHS,2026-06-27,EntityCommonStockSharesOutstanding NetIncomeLoss,10-Q,2026-08-05
AMD,COMPLETED,0.9444,PRICE_SALES_RATIO,18.702421,RATIO,TRAILING_TWELVE_MONTHS,2026-06-27,EntityCommonStockSharesOutstanding RevenueFromContractWithCustomerExcludingAssessedTax,10-Q,2026-08-05
AMD,COMPLETED,0.9444,PRICE_FREE_CASH_FLOW_RATIO,91.931871,RATIO,TRAILING_TWELVE_MONTHS,2026-06-27,EntityCommonStockSharesOutstanding NetCashProvidedByUsedInOperatingActivities PaymentsToAcquirePropertyPlantAndEquipment,10-Q,2026-08-05
AME,COMPLETED,0.9444,REVENUE,7863923000.000000,CURRENCY,TRAILING_TWELVE_MONTHS,2026-06-30,RevenueFromContractWithCustomerExcludingAssessedTax,10-Q,2026-08-04
AME,COMPLETED,0.9444,NET_INCOME,1576270000.000000,CURRENCY,TRAILING_TWELVE_MONTHS,2026-06-30,NetIncomeLoss,10-Q,2026-08-04
AME,COMPLETED,0.9444,FREE_CASH_FLOW,1824950000.000000,CURRENCY,TRAILING_TWELVE_MONTHS,2026-06-30,NetCashProvidedByUsedInOperatingActivities PaymentsToAcquirePropertyPlantAndEquipment,10-Q,2026-08-04
AME,COMPLETED,0.9444,FREE_CASH_FLOW_MARGIN,0.232066,FRACTION,TRAILING_TWELVE_MONTHS,2026-06-30,NetCashProvidedByUsedInOperatingActivities PaymentsToAcquirePropertyPlantAndEquipment RevenueFromContractWithCustomerExcludingAssessedTax,10-Q,2026-08-04
AME,COMPLETED,0.9444,OPERATING_MARGIN,0.259030,FRACTION,TRAILING_TWELVE_MONTHS,2026-06-30,OperatingIncomeLoss RevenueFromContractWithCustomerExcludingAssessedTax,10-Q,2026-08-04
AME,COMPLETED,0.9444,NET_MARGIN,0.200443,FRACTION,TRAILING_TWELVE_MONTHS,2026-06-30,NetIncomeLoss RevenueFromContractWithCustomerExcludingAssessedTax,10-Q,2026-08-04
AME,COMPLETED,0.9444,RETURN_ON_EQUITY,0.139979,FRACTION,TRAILING_TWELVE_MONTHS,2026-06-30,NetIncomeLoss StockholdersEquity,10-Q,2026-08-04
AME,COMPLETED,0.9444,RETURN_ON_ASSETS,0.094986,FRACTION,TRAILING_TWELVE_MONTHS,2026-06-30,NetIncomeLoss Assets,10-Q,2026-08-04
AME,COMPLETED,0.9444,DEBT_TO_EQUITY,0.473676,RATIO,POINT_IN_TIME,2026-06-30,Liabilities StockholdersEquity,10-Q,2026-08-04
AME,COMPLETED,0.9444,CURRENT_RATIO,1.213723,RATIO,POINT_IN_TIME,2026-06-30,AssetsCurrent LiabilitiesCurrent,10-Q,2026-08-04
AME,COMPLETED,0.9444,REVENUE_GROWTH,0.063641,FRACTION,FISCAL_YEAR,2025-12-31,RevenueFromContractWithCustomerExcludingAssessedTax RevenueFromContractWithCustomerExcludingAssessedTax,10-K,2026-02-17
AME,COMPLETED,0.9444,NET_INCOME_GROWTH,0.084773,FRACTION,FISCAL_YEAR,2025-12-31,NetIncomeLoss NetIncomeLoss,10-K,2026-02-17
AME,COMPLETED,0.9444,SHARE_COUNT_GROWTH,-0.000540,FRACTION,FISCAL_YEAR,2025-12-31,WeightedAverageNumberOfDilutedSharesOutstanding WeightedAverageNumberOfDilutedSharesOutstanding,10-K,2026-02-17
AME,COMPLETED,0.9444,MARKET_CAPITALIZATION,54919531000.200005,CURRENCY,POINT_IN_TIME,2026-07-28,EntityCommonStockSharesOutstanding,10-Q,2026-08-04
AME,COMPLETED,0.9444,PRICE_EARNINGS_RATIO,34.841449,RATIO,TRAILING_TWELVE_MONTHS,2026-06-30,EntityCommonStockSharesOutstanding NetIncomeLoss,10-Q,2026-08-04
AME,COMPLETED,0.9444,PRICE_SALES_RATIO,6.983732,RATIO,TRAILING_TWELVE_MONTHS,2026-06-30,EntityCommonStockSharesOutstanding RevenueFromContractWithCustomerExcludingAssessedTax,10-Q,2026-08-04
AME,COMPLETED,0.9444,PRICE_FREE_CASH_FLOW_RATIO,30.093718,RATIO,TRAILING_TWELVE_MONTHS,2026-06-30,EntityCommonStockSharesOutstanding NetCashProvidedByUsedInOperatingActivities PaymentsToAcquirePropertyPlantAndEquipment,10-Q,2026-08-04
AMGN,COMPLETED,0.8889,REVENUE,38095000000.000000,CURRENCY,TRAILING_TWELVE_MONTHS,2026-06-30,RevenueFromContractWithCustomerExcludingAssessedTax,10-Q,2026-08-05
AMGN,COMPLETED,0.8889,NET_INCOME,8743000000.000000,CURRENCY,TRAILING_TWELVE_MONTHS,2026-06-30,NetIncomeLoss,10-Q,2026-08-05
AMGN,COMPLETED,0.8889,FREE_CASH_FLOW,10175000000.000000,CURRENCY,TRAILING_TWELVE_MONTHS,2026-06-30,NetCashProvidedByUsedInOperatingActivities PaymentsToAcquirePropertyPlantAndEquipment,10-Q,2026-08-05
AMGN,COMPLETED,0.8889,FREE_CASH_FLOW_MARGIN,0.267095,FRACTION,TRAILING_TWELVE_MONTHS,2026-06-30,NetCashProvidedByUsedInOperatingActivities PaymentsToAcquirePropertyPlantAndEquipment RevenueFromContractWithCustomerExcludingAssessedTax,10-Q,2026-08-05
AMGN,COMPLETED,0.8889,OPERATING_MARGIN,0.299934,FRACTION,TRAILING_TWELVE_MONTHS,2026-06-30,OperatingIncomeLoss RevenueFromContractWithCustomerExcludingAssessedTax,10-Q,2026-08-05
AMGN,COMPLETED,0.8889,NET_MARGIN,0.229505,FRACTION,TRAILING_TWELVE_MONTHS,2026-06-30,NetIncomeLoss RevenueFromContractWithCustomerExcludingAssessedTax,10-Q,2026-08-05
AMGN,COMPLETED,0.8889,RETURN_ON_EQUITY,0.748032,FRACTION,TRAILING_TWELVE_MONTHS,2026-06-30,NetIncomeLoss StockholdersEquity,10-Q,2026-08-05
AMGN,COMPLETED,0.8889,RETURN_ON_ASSETS,0.091417,FRACTION,TRAILING_TWELVE_MONTHS,2026-06-30,NetIncomeLoss Assets,10-Q,2026-08-05
AMGN,COMPLETED,0.8889,CURRENT_RATIO,1.370912,RATIO,POINT_IN_TIME,2026-06-30,AssetsCurrent LiabilitiesCurrent,10-Q,2026-08-05
AMGN,COMPLETED,0.8889,REVENUE_GROWTH,0.117664,FRACTION,FISCAL_YEAR,2025-12-31,RevenueFromContractWithCustomerExcludingAssessedTax RevenueFromContractWithCustomerExcludingAssessedTax,10-K,2026-02-13
AMGN,COMPLETED,0.8889,NET_INCOME_GROWTH,0.055793,FRACTION,FISCAL_YEAR,2025-12-31,NetIncomeLoss NetIncomeLoss,10-K,2026-02-13
AMGN,COMPLETED,0.8889,SHARE_COUNT_GROWTH,0.003711,FRACTION,FISCAL_YEAR,2025-12-31,WeightedAverageNumberOfDilutedSharesOutstanding WeightedAverageNumberOfDilutedSharesOutstanding,10-K,2026-02-13
AMGN,COMPLETED,0.8889,MARKET_CAPITALIZATION,237548296676.949982,CURRENCY,POINT_IN_TIME,2026-07-30,EntityCommonStockSharesOutstanding,10-Q,2026-08-05
AMGN,COMPLETED,0.8889,PRICE_EARNINGS_RATIO,27.170113,RATIO,TRAILING_TWELVE_MONTHS,2026-06-30,EntityCommonStockSharesOutstanding NetIncomeLoss,10-Q,2026-08-05
AMGN,COMPLETED,0.8889,PRICE_SALES_RATIO,6.235682,RATIO,TRAILING_TWELVE_MONTHS,2026-06-30,EntityCommonStockSharesOutstanding RevenueFromContractWithCustomerExcludingAssessedTax,10-Q,2026-08-05
AMGN,COMPLETED,0.8889,PRICE_FREE_CASH_FLOW_RATIO,23.346270,RATIO,TRAILING_TWELVE_MONTHS,2026-06-30,EntityCommonStockSharesOutstanding NetCashProvidedByUsedInOperatingActivities PaymentsToAcquirePropertyPlantAndEquipment,10-Q,2026-08-05
AMZN,COMPLETED,0.7778,REVENUE,775680000000.000000,CURRENCY,TRAILING_TWELVE_MONTHS,2026-06-30,RevenueFromContractWithCustomerExcludingAssessedTax,10-Q,2026-07-31
AMZN,COMPLETED,0.7778,NET_INCOME,135281000000.000000,CURRENCY,TRAILING_TWELVE_MONTHS,2026-06-30,NetIncomeLoss,10-Q,2026-07-31
AMZN,COMPLETED,0.7778,FREE_CASH_FLOW,-11625000000.000000,CURRENCY,TRAILING_TWELVE_MONTHS,2026-06-30,NetCashProvidedByUsedInOperatingActivities PaymentsToAcquireProductiveAssets,10-Q,2026-07-31
AMZN,COMPLETED,0.7778,FREE_CASH_FLOW_MARGIN,-0.014987,FRACTION,TRAILING_TWELVE_MONTHS,2026-06-30,NetCashProvidedByUsedInOperatingActivities PaymentsToAcquireProductiveAssets RevenueFromContractWithCustomerExcludingAssessedTax,10-Q,2026-07-31
AMZN,COMPLETED,0.7778,OPERATING_MARGIN,0.120813,FRACTION,TRAILING_TWELVE_MONTHS,2026-06-30,OperatingIncomeLoss RevenueFromContractWithCustomerExcludingAssessedTax,10-Q,2026-07-31
AMZN,COMPLETED,0.7778,NET_MARGIN,0.174403,FRACTION,TRAILING_TWELVE_MONTHS,2026-06-30,NetIncomeLoss RevenueFromContractWithCustomerExcludingAssessedTax,10-Q,2026-07-31
AMZN,COMPLETED,0.7778,RETURN_ON_EQUITY,0.245243,FRACTION,TRAILING_TWELVE_MONTHS,2026-06-30,NetIncomeLoss StockholdersEquity,10-Q,2026-07-31
AMZN,COMPLETED,0.7778,RETURN_ON_ASSETS,0.123467,FRACTION,TRAILING_TWELVE_MONTHS,2026-06-30,NetIncomeLoss Assets,10-Q,2026-07-31
AMZN,COMPLETED,0.7778,CURRENT_RATIO,1.033116,RATIO,POINT_IN_TIME,2026-06-30,AssetsCurrent LiabilitiesCurrent,10-Q,2026-07-31
AMZN,COMPLETED,0.7778,REVENUE_GROWTH,0.117313,FRACTION,FISCAL_YEAR,2025-12-31,RevenueFromContractWithCustomerExcludingAssessedTax RevenueFromContractWithCustomerExcludingAssessedTax,10-K,2026-02-06
AMZN,COMPLETED,0.7778,SHARE_COUNT_GROWTH,0.015839,FRACTION,FISCAL_YEAR,2025-12-31,WeightedAverageNumberOfDilutedSharesOutstanding WeightedAverageNumberOfDilutedSharesOutstanding,10-K,2026-02-06
AMZN,COMPLETED,0.7778,MARKET_CAPITALIZATION,2789772142262.080078,CURRENCY,POINT_IN_TIME,2026-07-22,EntityCommonStockSharesOutstanding,10-Q,2026-07-31
AMZN,COMPLETED,0.7778,PRICE_EARNINGS_RATIO,20.622054,RATIO,TRAILING_TWELVE_MONTHS,2026-06-30,EntityCommonStockSharesOutstanding NetIncomeLoss,10-Q,2026-07-31
AMZN,COMPLETED,0.7778,PRICE_SALES_RATIO,3.596550,RATIO,TRAILING_TWELVE_MONTHS,2026-06-30,EntityCommonStockSharesOutstanding RevenueFromContractWithCustomerExcludingAssessedTax,10-Q,2026-07-31
ANET,COMPLETED,0.8333,REVENUE,10540800000.000000,CURRENCY,TRAILING_TWELVE_MONTHS,2026-06-30,RevenueFromContractWithCustomerExcludingAssessedTax,10-Q,2026-08-05
ANET,COMPLETED,0.8333,NET_INCOME,4044600000.000000,CURRENCY,TRAILING_TWELVE_MONTHS,2026-06-30,NetIncomeLoss,10-Q,2026-08-05
ANET,COMPLETED,0.8333,GROSS_MARGIN,0.630038,FRACTION,TRAILING_TWELVE_MONTHS,2026-06-30,GrossProfit RevenueFromContractWithCustomerExcludingAssessedTax,10-Q,2026-08-05
ANET,COMPLETED,0.8333,OPERATING_MARGIN,0.431362,FRACTION,TRAILING_TWELVE_MONTHS,2026-06-30,OperatingIncomeLoss RevenueFromContractWithCustomerExcludingAssessedTax,10-Q,2026-08-05
ANET,COMPLETED,0.8333,NET_MARGIN,0.383709,FRACTION,TRAILING_TWELVE_MONTHS,2026-06-30,NetIncomeLoss RevenueFromContractWithCustomerExcludingAssessedTax,10-Q,2026-08-05
ANET,COMPLETED,0.8333,RETURN_ON_EQUITY,0.273326,FRACTION,TRAILING_TWELVE_MONTHS,2026-06-30,NetIncomeLoss StockholdersEquity,10-Q,2026-08-05
ANET,COMPLETED,0.8333,RETURN_ON_ASSETS,0.170514,FRACTION,TRAILING_TWELVE_MONTHS,2026-06-30,NetIncomeLoss Assets,10-Q,2026-08-05
ANET,COMPLETED,0.8333,DEBT_TO_EQUITY,0.602959,RATIO,POINT_IN_TIME,2026-06-30,Liabilities StockholdersEquity,10-Q,2026-08-05
ANET,COMPLETED,0.8333,CURRENT_RATIO,2.957204,RATIO,POINT_IN_TIME,2026-06-30,AssetsCurrent LiabilitiesCurrent,10-Q,2026-08-05
ANET,COMPLETED,0.8333,REVENUE_GROWTH,0.271465,FRACTION,FISCAL_YEAR,2025-12-31,RevenueFromContractWithCustomerExcludingAssessedTax RevenueFromContractWithCustomerExcludingAssessedTax,10-K,2026-02-17
ANET,COMPLETED,0.8333,NET_INCOME_GROWTH,0.374422,FRACTION,FISCAL_YEAR,2025-12-31,NetIncomeLoss NetIncomeLoss,10-K,2026-02-17
ANET,COMPLETED,0.8333,SHARE_COUNT_GROWTH,0.002834,FRACTION,FISCAL_YEAR,2025-12-31,WeightedAverageNumberOfDilutedSharesOutstanding WeightedAverageNumberOfDilutedSharesOutstanding,10-K,2026-02-17
ANET,COMPLETED,0.8333,MARKET_CAPITALIZATION,237942642091.679993,CURRENCY,POINT_IN_TIME,2026-07-30,EntityCommonStockSharesOutstanding,10-Q,2026-08-05
ANET,COMPLETED,0.8333,PRICE_EARNINGS_RATIO,58.829709,RATIO,TRAILING_TWELVE_MONTHS,2026-06-30,EntityCommonStockSharesOutstanding NetIncomeLoss,10-Q,2026-08-05
ANET,COMPLETED,0.8333,PRICE_SALES_RATIO,22.573490,RATIO,TRAILING_TWELVE_MONTHS,2026-06-30,EntityCommonStockSharesOutstanding RevenueFromContractWithCustomerExcludingAssessedTax,10-Q,2026-08-05
APH,COMPLETED,1.0000,REVENUE,29011600000.000000,CURRENCY,TRAILING_TWELVE_MONTHS,2026-06-30,RevenueFromContractWithCustomerExcludingAssessedTax,10-Q,2026-07-31
APH,COMPLETED,1.0000,NET_INCOME,5143400000.000000,CURRENCY,TRAILING_TWELVE_MONTHS,2026-06-30,NetIncomeLoss,10-Q,2026-07-31
APH,COMPLETED,1.0000,FREE_CASH_FLOW,4713700000.000000,CURRENCY,TRAILING_TWELVE_MONTHS,2026-06-30,NetCashProvidedByUsedInOperatingActivities PaymentsToAcquirePropertyPlantAndEquipment,10-Q,2026-07-31
APH,COMPLETED,1.0000,FREE_CASH_FLOW_MARGIN,0.162476,FRACTION,TRAILING_TWELVE_MONTHS,2026-06-30,NetCashProvidedByUsedInOperatingActivities PaymentsToAcquirePropertyPlantAndEquipment RevenueFromContractWithCustomerExcludingAssessedTax,10-Q,2026-07-31
APH,COMPLETED,1.0000,GROSS_MARGIN,0.384970,FRACTION,TRAILING_TWELVE_MONTHS,2026-06-30,GrossProfit RevenueFromContractWithCustomerExcludingAssessedTax,10-Q,2026-07-31
APH,COMPLETED,1.0000,OPERATING_MARGIN,0.270285,FRACTION,TRAILING_TWELVE_MONTHS,2026-06-30,OperatingIncomeLoss RevenueFromContractWithCustomerExcludingAssessedTax,10-Q,2026-07-31
APH,COMPLETED,1.0000,NET_MARGIN,0.177288,FRACTION,TRAILING_TWELVE_MONTHS,2026-06-30,NetIncomeLoss RevenueFromContractWithCustomerExcludingAssessedTax,10-Q,2026-07-31
APH,COMPLETED,1.0000,RETURN_ON_EQUITY,0.332012,FRACTION,TRAILING_TWELVE_MONTHS,2026-06-30,NetIncomeLoss StockholdersEquity,10-Q,2026-07-31
APH,COMPLETED,1.0000,RETURN_ON_ASSETS,0.114791,FRACTION,TRAILING_TWELVE_MONTHS,2026-06-30,NetIncomeLoss Assets,10-Q,2026-07-31
APH,COMPLETED,1.0000,DEBT_TO_EQUITY,1.883892,RATIO,POINT_IN_TIME,2026-06-30,Liabilities StockholdersEquity,10-Q,2026-07-31
APH,COMPLETED,1.0000,CURRENT_RATIO,1.887773,RATIO,POINT_IN_TIME,2026-06-30,AssetsCurrent LiabilitiesCurrent,10-Q,2026-07-31
APH,COMPLETED,1.0000,REVENUE_GROWTH,0.223066,FRACTION,FISCAL_YEAR,2025-12-31,RevenueFromContractWithCustomerExcludingAssessedTax RevenueFromContractWithCustomerExcludingAssessedTax,10-K,2026-02-11
APH,COMPLETED,1.0000,NET_INCOME_GROWTH,0.309362,FRACTION,FISCAL_YEAR,2025-12-31,NetIncomeLoss NetIncomeLoss,10-K,2026-02-11
APH,COMPLETED,1.0000,SHARE_COUNT_GROWTH,0.014518,FRACTION,FISCAL_YEAR,2025-12-31,WeightedAverageNumberOfDilutedSharesOutstanding WeightedAverageNumberOfDilutedSharesOutstanding,10-K,2026-02-11
APH,COMPLETED,1.0000,MARKET_CAPITALIZATION,193627722087.279999,CURRENCY,POINT_IN_TIME,2026-07-28,EntityCommonStockSharesOutstanding,10-Q,2026-07-31
APH,COMPLETED,1.0000,PRICE_EARNINGS_RATIO,37.645861,RATIO,TRAILING_TWELVE_MONTHS,2026-06-30,EntityCommonStockSharesOutstanding NetIncomeLoss,10-Q,2026-07-31
APH,COMPLETED,1.0000,PRICE_SALES_RATIO,6.674148,RATIO,TRAILING_TWELVE_MONTHS,2026-06-30,EntityCommonStockSharesOutstanding RevenueFromContractWithCustomerExcludingAssessedTax,10-Q,2026-07-31
APH,COMPLETED,1.0000,PRICE_FREE_CASH_FLOW_RATIO,41.077651,RATIO,TRAILING_TWELVE_MONTHS,2026-06-30,EntityCommonStockSharesOutstanding NetCashProvidedByUsedInOperatingActivities PaymentsToAcquirePropertyPlantAndEquipment,10-Q,2026-07-31
AVGO,COMPLETED,0.8889,REVENUE,75465000000.000000,CURRENCY,TRAILING_TWELVE_MONTHS,2026-05-03,RevenueFromContractWithCustomerExcludingAssessedTax,10-Q,2026-06-09
AVGO,COMPLETED,0.8889,NET_INCOME,29317000000.000000,CURRENCY,TRAILING_TWELVE_MONTHS,2026-05-03,ProfitLoss,10-Q,2026-06-09
AVGO,COMPLETED,0.8889,FREE_CASH_FLOW,32762000000.000000,CURRENCY,TRAILING_TWELVE_MONTHS,2026-05-03,NetCashProvidedByUsedInOperatingActivities PaymentsToAcquirePropertyPlantAndEquipment,10-Q,2026-06-09
AVGO,COMPLETED,0.8889,FREE_CASH_FLOW_MARGIN,0.434135,FRACTION,TRAILING_TWELVE_MONTHS,2026-05-03,NetCashProvidedByUsedInOperatingActivities PaymentsToAcquirePropertyPlantAndEquipment RevenueFromContractWithCustomerExcludingAssessedTax,10-Q,2026-06-09
AVGO,COMPLETED,0.8889,GROSS_MARGIN,0.682754,FRACTION,TRAILING_TWELVE_MONTHS,2026-05-03,GrossProfit RevenueFromContractWithCustomerExcludingAssessedTax,10-Q,2026-06-09
AVGO,COMPLETED,0.8889,OPERATING_MARGIN,0.433923,FRACTION,TRAILING_TWELVE_MONTHS,2026-05-03,OperatingIncomeLoss RevenueFromContractWithCustomerExcludingAssessedTax,10-Q,2026-06-09
AVGO,COMPLETED,0.8889,NET_MARGIN,0.388485,FRACTION,TRAILING_TWELVE_MONTHS,2026-05-03,ProfitLoss RevenueFromContractWithCustomerExcludingAssessedTax,10-Q,2026-06-09
AVGO,COMPLETED,0.8889,RETURN_ON_ASSETS,0.163638,FRACTION,TRAILING_TWELVE_MONTHS,2026-05-03,ProfitLoss Assets,10-Q,2026-06-09
AVGO,COMPLETED,0.8889,CURRENT_RATIO,2.237992,RATIO,POINT_IN_TIME,2026-05-03,AssetsCurrent LiabilitiesCurrent,10-Q,2026-06-09
AVGO,COMPLETED,0.8889,REVENUE_GROWTH,0.243784,FRACTION,FISCAL_YEAR,2025-11-02,RevenueFromContractWithCustomerExcludingAssessedTax RevenueFromContractWithCustomerExcludingAssessedTax,10-K,2025-12-18
AVGO,COMPLETED,0.8889,NET_INCOME_GROWTH,0.262401,FRACTION,FISCAL_YEAR,2025-11-02,NetIncomeLoss ProfitLoss,10-K,2025-12-18
AVGO,COMPLETED,0.8889,SHARE_COUNT_GROWTH,0.065834,FRACTION,FISCAL_YEAR,2025-11-02,WeightedAverageNumberOfDilutedSharesOutstanding WeightedAverageNumberOfDilutedSharesOutstanding,10-K,2025-12-18
AVGO,COMPLETED,0.8889,MARKET_CAPITALIZATION,1752930423953.099854,CURRENCY,POINT_IN_TIME,2026-05-29,EntityCommonStockSharesOutstanding,10-Q,2026-06-09
AVGO,COMPLETED,0.8889,PRICE_EARNINGS_RATIO,59.792285,RATIO,TRAILING_TWELVE_MONTHS,2026-05-03,EntityCommonStockSharesOutstanding ProfitLoss,10-Q,2026-06-09
AVGO,COMPLETED,0.8889,PRICE_SALES_RATIO,23.228390,RATIO,TRAILING_TWELVE_MONTHS,2026-05-03,EntityCommonStockSharesOutstanding RevenueFromContractWithCustomerExcludingAssessedTax,10-Q,2026-06-09
AVGO,COMPLETED,0.8889,PRICE_FREE_CASH_FLOW_RATIO,53.504988,RATIO,TRAILING_TWELVE_MONTHS,2026-05-03,EntityCommonStockSharesOutstanding NetCashProvidedByUsedInOperatingActivities PaymentsToAcquirePropertyPlantAndEquipment,10-Q,2026-06-09
AWK,COMPLETED,0.8333,REVENUE,5268000000.000000,CURRENCY,TRAILING_TWELVE_MONTHS,2026-06-30,RevenueFromContractWithCustomerExcludingAssessedTax,10-Q,2026-07-29
AWK,COMPLETED,0.8333,NET_INCOME,1128000000.000000,CURRENCY,TRAILING_TWELVE_MONTHS,2026-06-30,NetIncomeLoss,10-Q,2026-07-29
AWK,COMPLETED,0.8333,FREE_CASH_FLOW,-1030000000.000000,CURRENCY,TRAILING_TWELVE_MONTHS,2026-06-30,NetCashProvidedByUsedInOperatingActivities PaymentsToAcquirePropertyPlantAndEquipment,10-Q,2026-07-29
AWK,COMPLETED,0.8333,FREE_CASH_FLOW_MARGIN,-0.195520,FRACTION,TRAILING_TWELVE_MONTHS,2026-06-30,NetCashProvidedByUsedInOperatingActivities PaymentsToAcquirePropertyPlantAndEquipment RevenueFromContractWithCustomerExcludingAssessedTax,10-Q,2026-07-29
AWK,COMPLETED,0.8333,OPERATING_MARGIN,0.370539,FRACTION,TRAILING_TWELVE_MONTHS,2026-06-30,OperatingIncomeLoss RevenueFromContractWithCustomerExcludingAssessedTax,10-Q,2026-07-29
AWK,COMPLETED,0.8333,NET_MARGIN,0.214123,FRACTION,TRAILING_TWELVE_MONTHS,2026-06-30,NetIncomeLoss RevenueFromContractWithCustomerExcludingAssessedTax,10-Q,2026-07-29
AWK,COMPLETED,0.8333,RETURN_ON_EQUITY,0.096700,FRACTION,TRAILING_TWELVE_MONTHS,2026-06-30,NetIncomeLoss StockholdersEquity,10-Q,2026-07-29
AWK,COMPLETED,0.8333,RETURN_ON_ASSETS,0.030944,FRACTION,TRAILING_TWELVE_MONTHS,2026-06-30,NetIncomeLoss Assets,10-Q,2026-07-29
AWK,COMPLETED,0.8333,CURRENT_RATIO,0.522790,RATIO,POINT_IN_TIME,2026-06-30,AssetsCurrent LiabilitiesCurrent,10-Q,2026-07-29
AWK,COMPLETED,0.8333,REVENUE_GROWTH,0.108171,FRACTION,FISCAL_YEAR,2025-12-31,RevenueFromContractWithCustomerExcludingAssessedTax RevenueFromContractWithCustomerExcludingAssessedTax,10-K,2026-02-18
AWK,COMPLETED,0.8333,NET_INCOME_GROWTH,0.106539,FRACTION,FISCAL_YEAR,2025-12-31,NetIncomeLoss NetIncomeLoss,10-K,2026-02-18
AWK,COMPLETED,0.8333,SHARE_COUNT_GROWTH,0.005168,FRACTION,FISCAL_YEAR,2025-12-31,WeightedAverageNumberOfDilutedSharesOutstanding WeightedAverageNumberOfDilutedSharesOutstanding,10-K,2026-02-18
AWK,COMPLETED,0.8333,MARKET_CAPITALIZATION,26913866980.270000,CURRENCY,POINT_IN_TIME,2026-07-20,EntityCommonStockSharesOutstanding,10-Q,2026-07-29
AWK,COMPLETED,0.8333,PRICE_EARNINGS_RATIO,23.859811,RATIO,TRAILING_TWELVE_MONTHS,2026-06-30,EntityCommonStockSharesOutstanding NetIncomeLoss,10-Q,2026-07-29
AWK,COMPLETED,0.8333,PRICE_SALES_RATIO,5.108935,RATIO,TRAILING_TWELVE_MONTHS,2026-06-30,EntityCommonStockSharesOutstanding RevenueFromContractWithCustomerExcludingAssessedTax,10-Q,2026-07-29
AXP,COMPLETED,0.8333,REVENUE,43086000000.000000,CURRENCY,TRAILING_TWELVE_MONTHS,2026-06-30,RevenueFromContractWithCustomerExcludingAssessedTax,10-Q,2026-07-24
AXP,COMPLETED,0.8333,NET_INCOME,11446000000.000000,CURRENCY,TRAILING_TWELVE_MONTHS,2026-06-30,NetIncomeLoss,10-Q,2026-07-24
AXP,COMPLETED,0.8333,FREE_CASH_FLOW,15052000000.000000,CURRENCY,TRAILING_TWELVE_MONTHS,2026-06-30,NetCashProvidedByUsedInOperatingActivities PaymentsToAcquirePropertyPlantAndEquipment,10-Q,2026-07-24
AXP,COMPLETED,0.8333,FREE_CASH_FLOW_MARGIN,0.349348,FRACTION,TRAILING_TWELVE_MONTHS,2026-06-30,NetCashProvidedByUsedInOperatingActivities PaymentsToAcquirePropertyPlantAndEquipment RevenueFromContractWithCustomerExcludingAssessedTax,10-Q,2026-07-24
AXP,COMPLETED,0.8333,NET_MARGIN,0.265655,FRACTION,TRAILING_TWELVE_MONTHS,2026-06-30,NetIncomeLoss RevenueFromContractWithCustomerExcludingAssessedTax,10-Q,2026-07-24
AXP,COMPLETED,0.8333,RETURN_ON_EQUITY,0.333897,FRACTION,TRAILING_TWELVE_MONTHS,2026-06-30,NetIncomeLoss StockholdersEquity,10-Q,2026-07-24
AXP,COMPLETED,0.8333,RETURN_ON_ASSETS,0.037138,FRACTION,TRAILING_TWELVE_MONTHS,2026-06-30,NetIncomeLoss Assets,10-Q,2026-07-24
AXP,COMPLETED,0.8333,DEBT_TO_EQUITY,7.990753,RATIO,POINT_IN_TIME,2026-06-30,Liabilities StockholdersEquity,10-Q,2026-07-24
AXP,COMPLETED,0.8333,REVENUE_GROWTH,0.064735,FRACTION,FISCAL_YEAR,2025-12-31,RevenueFromContractWithCustomerExcludingAssessedTax RevenueFromContractWithCustomerExcludingAssessedTax,10-K,2026-02-06
AXP,COMPLETED,0.8333,NET_INCOME_GROWTH,0.129690,FRACTION,FISCAL_YEAR,2025-12-31,NetIncomeLoss NetIncomeLoss,10-K,2026-02-06
AXP,COMPLETED,0.8333,SHARE_COUNT_GROWTH,-0.027554,FRACTION,FISCAL_YEAR,2025-12-31,WeightedAverageNumberOfDilutedSharesOutstanding WeightedAverageNumberOfDilutedSharesOutstanding,10-K,2026-02-06
AXP,COMPLETED,0.8333,MARKET_CAPITALIZATION,226856832199.690002,CURRENCY,POINT_IN_TIME,2026-07-14,EntityCommonStockSharesOutstanding,10-Q,2026-07-24
AXP,COMPLETED,0.8333,PRICE_EARNINGS_RATIO,19.819748,RATIO,TRAILING_TWELVE_MONTHS,2026-06-30,EntityCommonStockSharesOutstanding NetIncomeLoss,10-Q,2026-07-24
AXP,COMPLETED,0.8333,PRICE_SALES_RATIO,5.265210,RATIO,TRAILING_TWELVE_MONTHS,2026-06-30,EntityCommonStockSharesOutstanding RevenueFromContractWithCustomerExcludingAssessedTax,10-Q,2026-07-24
AXP,COMPLETED,0.8333,PRICE_FREE_CASH_FLOW_RATIO,15.071541,RATIO,TRAILING_TWELVE_MONTHS,2026-06-30,EntityCommonStockSharesOutstanding NetCashProvidedByUsedInOperatingActivities PaymentsToAcquirePropertyPlantAndEquipment,10-Q,2026-07-24
BAC,COMPLETED,0.6667,REVENUE,119237000000.000000,CURRENCY,TRAILING_TWELVE_MONTHS,2026-06-30,Revenues,10-Q,2026-07-31
BAC,COMPLETED,0.6667,NET_INCOME,33637000000.000000,CURRENCY,TRAILING_TWELVE_MONTHS,2026-06-30,NetIncomeLoss,10-Q,2026-07-31
BAC,COMPLETED,0.6667,NET_MARGIN,0.282102,FRACTION,TRAILING_TWELVE_MONTHS,2026-06-30,NetIncomeLoss Revenues,10-Q,2026-07-31
BAC,COMPLETED,0.6667,RETURN_ON_EQUITY,0.111716,FRACTION,TRAILING_TWELVE_MONTHS,2026-06-30,NetIncomeLoss StockholdersEquity,10-Q,2026-07-31
BAC,COMPLETED,0.6667,RETURN_ON_ASSETS,0.009613,FRACTION,TRAILING_TWELVE_MONTHS,2026-06-30,NetIncomeLoss Assets,10-Q,2026-07-31
BAC,COMPLETED,0.6667,DEBT_TO_EQUITY,10.621590,RATIO,POINT_IN_TIME,2026-06-30,Liabilities StockholdersEquity,10-Q,2026-07-31
BAC,COMPLETED,0.6667,REVENUE_GROWTH,0.060031,FRACTION,FISCAL_YEAR,2025-12-31,Revenues Revenues,10-K,2026-02-25
BAC,COMPLETED,0.6667,NET_INCOME_GROWTH,0.034867,FRACTION,FISCAL_YEAR,2025-12-31,NetIncomeLoss NetIncomeLoss,10-K,2026-02-25
BAC,COMPLETED,0.6667,SHARE_COUNT_GROWTH,-0.025040,FRACTION,FISCAL_YEAR,2025-12-31,WeightedAverageNumberOfDilutedSharesOutstanding WeightedAverageNumberOfDilutedSharesOutstanding,10-K,2026-02-25
BAC,COMPLETED,0.6667,MARKET_CAPITALIZATION,431452574120.500000,CURRENCY,POINT_IN_TIME,2026-07-30,EntityCommonStockSharesOutstanding,10-Q,2026-07-31
BAC,COMPLETED,0.6667,PRICE_EARNINGS_RATIO,12.826726,RATIO,TRAILING_TWELVE_MONTHS,2026-06-30,EntityCommonStockSharesOutstanding NetIncomeLoss,10-Q,2026-07-31
BAC,COMPLETED,0.6667,PRICE_SALES_RATIO,3.618445,RATIO,TRAILING_TWELVE_MONTHS,2026-06-30,EntityCommonStockSharesOutstanding Revenues,10-Q,2026-07-31
BAH,COMPLETED,0.9444,REVENUE,11093000000.000000,CURRENCY,TRAILING_TWELVE_MONTHS,2026-06-30,RevenueFromContractWithCustomerExcludingAssessedTax,10-Q,2026-07-24
BAH,COMPLETED,0.9444,NET_INCOME,778000000.000000,CURRENCY,TRAILING_TWELVE_MONTHS,2026-06-30,NetIncomeLoss,10-Q,2026-07-24
BAH,COMPLETED,0.9444,FREE_CASH_FLOW,1116000000.000000,CURRENCY,TRAILING_TWELVE_MONTHS,2026-06-30,NetCashProvidedByUsedInOperatingActivities PaymentsToAcquireProductiveAssets,10-Q,2026-07-24
BAH,COMPLETED,0.9444,FREE_CASH_FLOW_MARGIN,0.100604,FRACTION,TRAILING_TWELVE_MONTHS,2026-06-30,NetCashProvidedByUsedInOperatingActivities PaymentsToAcquireProductiveAssets RevenueFromContractWithCustomerExcludingAssessedTax,10-Q,2026-07-24
BAH,COMPLETED,0.9444,OPERATING_MARGIN,0.095105,FRACTION,TRAILING_TWELVE_MONTHS,2026-06-30,OperatingIncomeLoss RevenueFromContractWithCustomerExcludingAssessedTax,10-Q,2026-07-24
BAH,COMPLETED,0.9444,NET_MARGIN,0.070134,FRACTION,TRAILING_TWELVE_MONTHS,2026-06-30,NetIncomeLoss RevenueFromContractWithCustomerExcludingAssessedTax,10-Q,2026-07-24
BAH,COMPLETED,0.9444,RETURN_ON_EQUITY,0.647255,FRACTION,TRAILING_TWELVE_MONTHS,2026-06-30,NetIncomeLoss StockholdersEquity,10-Q,2026-07-24
BAH,COMPLETED,0.9444,RETURN_ON_ASSETS,0.102234,FRACTION,TRAILING_TWELVE_MONTHS,2026-06-30,NetIncomeLoss Assets,10-Q,2026-07-24
BAH,COMPLETED,0.9444,DEBT_TO_EQUITY,5.331115,RATIO,POINT_IN_TIME,2026-06-30,Liabilities StockholdersEquity,10-Q,2026-07-24
BAH,COMPLETED,0.9444,CURRENT_RATIO,1.594963,RATIO,POINT_IN_TIME,2026-06-30,AssetsCurrent LiabilitiesCurrent,10-Q,2026-07-24
BAH,COMPLETED,0.9444,REVENUE_GROWTH,0.066034,FRACTION,FISCAL_YEAR,2026-03-31,RevenueFromContractWithCustomerExcludingAssessedTax RevenueFromContractWithCustomerExcludingAssessedTax,10-K,2026-05-22
BAH,COMPLETED,0.9444,NET_INCOME_GROWTH,0.462582,FRACTION,FISCAL_YEAR,2026-03-31,NetIncomeLoss NetIncomeLoss,10-K,2026-05-22
BAH,COMPLETED,0.9444,SHARE_COUNT_GROWTH,-0.032800,FRACTION,FISCAL_YEAR,2026-03-31,WeightedAverageNumberOfDilutedSharesOutstanding WeightedAverageNumberOfDilutedSharesOutstanding,10-K,2026-05-22
BAH,COMPLETED,0.9444,MARKET_CAPITALIZATION,9271565718.840000,CURRENCY,POINT_IN_TIME,2026-07-20,EntityCommonStockSharesOutstanding,10-Q,2026-07-24
BAH,COMPLETED,0.9444,PRICE_EARNINGS_RATIO,11.917180,RATIO,TRAILING_TWELVE_MONTHS,2026-06-30,EntityCommonStockSharesOutstanding NetIncomeLoss,10-Q,2026-07-24
BAH,COMPLETED,0.9444,PRICE_SALES_RATIO,0.835803,RATIO,TRAILING_TWELVE_MONTHS,2026-06-30,EntityCommonStockSharesOutstanding RevenueFromContractWithCustomerExcludingAssessedTax,10-Q,2026-07-24
BAH,COMPLETED,0.9444,PRICE_FREE_CASH_FLOW_RATIO,8.307855,RATIO,TRAILING_TWELVE_MONTHS,2026-06-30,EntityCommonStockSharesOutstanding NetCashProvidedByUsedInOperatingActivities PaymentsToAcquireProductiveAssets,10-Q,2026-07-24
BDX,COMPLETED,0.7222,REVENUE,22484000000.000000,CURRENCY,TRAILING_TWELVE_MONTHS,2026-06-30,Revenues,10-Q,2026-08-06
BDX,COMPLETED,0.7222,NET_INCOME,942000000.000000,CURRENCY,TRAILING_TWELVE_MONTHS,2026-06-30,NetIncomeLoss,10-Q,2026-08-06
BDX,COMPLETED,0.7222,OPERATING_MARGIN,0.106698,FRACTION,TRAILING_TWELVE_MONTHS,2026-06-30,OperatingIncomeLoss Revenues,10-Q,2026-08-06
BDX,COMPLETED,0.7222,NET_MARGIN,0.041896,FRACTION,TRAILING_TWELVE_MONTHS,2026-06-30,NetIncomeLoss Revenues,10-Q,2026-08-06
BDX,COMPLETED,0.7222,RETURN_ON_EQUITY,0.038581,FRACTION,TRAILING_TWELVE_MONTHS,2026-06-30,NetIncomeLoss StockholdersEquity,10-Q,2026-08-06
BDX,COMPLETED,0.7222,RETURN_ON_ASSETS,0.018569,FRACTION,TRAILING_TWELVE_MONTHS,2026-06-30,NetIncomeLoss Assets,10-Q,2026-08-06
BDX,COMPLETED,0.7222,CURRENT_RATIO,0.865483,RATIO,POINT_IN_TIME,2026-06-30,AssetsCurrent LiabilitiesCurrent,10-Q,2026-08-06
BDX,COMPLETED,0.7222,REVENUE_GROWTH,0.049930,FRACTION,FISCAL_YEAR,2025-09-30,Revenues Revenues,10-K,2025-11-25
BDX,COMPLETED,0.7222,NET_INCOME_GROWTH,-0.019294,FRACTION,FISCAL_YEAR,2025-09-30,NetIncomeLoss NetIncomeLoss,10-K,2025-11-25
BDX,COMPLETED,0.7222,SHARE_COUNT_GROWTH,0.000203,FRACTION,FISCAL_YEAR,2025-09-30,WeightedAverageNumberOfDilutedSharesOutstanding WeightedAverageNumberOfDilutedSharesOutstanding,10-K,2025-11-25
BDX,COMPLETED,0.7222,MARKET_CAPITALIZATION,52303713336.000000,CURRENCY,POINT_IN_TIME,2026-06-30,EntityCommonStockSharesOutstanding,10-Q,2026-08-06
BDX,COMPLETED,0.7222,PRICE_EARNINGS_RATIO,55.524112,RATIO,TRAILING_TWELVE_MONTHS,2026-06-30,EntityCommonStockSharesOutstanding NetIncomeLoss,10-Q,2026-08-06
BDX,COMPLETED,0.7222,PRICE_SALES_RATIO,2.326264,RATIO,TRAILING_TWELVE_MONTHS,2026-06-30,EntityCommonStockSharesOutstanding Revenues,10-Q,2026-08-06
BLK,COMPLETED,0.6667,REVENUE,27299000000.000000,CURRENCY,TRAILING_TWELVE_MONTHS,2026-06-30,RevenueFromContractWithCustomerExcludingAssessedTax,10-Q,2026-08-06
BLK,COMPLETED,0.6667,NET_INCOME,6576000000.000000,CURRENCY,TRAILING_TWELVE_MONTHS,2026-06-30,NetIncomeLoss,10-Q,2026-08-06
BLK,COMPLETED,0.6667,FREE_CASH_FLOW,3515000000.000000,CURRENCY,TRAILING_TWELVE_MONTHS,2026-06-30,NetCashProvidedByUsedInOperatingActivities PaymentsToAcquirePropertyPlantAndEquipment,10-Q,2026-08-06
BLK,COMPLETED,0.6667,FREE_CASH_FLOW_MARGIN,0.128759,FRACTION,TRAILING_TWELVE_MONTHS,2026-06-30,NetCashProvidedByUsedInOperatingActivities PaymentsToAcquirePropertyPlantAndEquipment RevenueFromContractWithCustomerExcludingAssessedTax,10-Q,2026-08-06
BLK,COMPLETED,0.6667,OPERATING_MARGIN,0.325690,FRACTION,TRAILING_TWELVE_MONTHS,2026-06-30,OperatingIncomeLoss RevenueFromContractWithCustomerExcludingAssessedTax,10-Q,2026-08-06
BLK,COMPLETED,0.6667,NET_MARGIN,0.240888,FRACTION,TRAILING_TWELVE_MONTHS,2026-06-30,NetIncomeLoss RevenueFromContractWithCustomerExcludingAssessedTax,10-Q,2026-08-06
BLK,COMPLETED,0.6667,RETURN_ON_EQUITY,0.114141,FRACTION,TRAILING_TWELVE_MONTHS,2026-06-30,NetIncomeLoss StockholdersEquity,10-Q,2026-08-06
BLK,COMPLETED,0.6667,RETURN_ON_ASSETS,0.037390,FRACTION,TRAILING_TWELVE_MONTHS,2026-06-30,NetIncomeLoss Assets,10-Q,2026-08-06
BLK,COMPLETED,0.6667,DEBT_TO_EQUITY,1.932463,RATIO,POINT_IN_TIME,2026-06-30,Liabilities StockholdersEquity,10-Q,2026-08-06
BLK,COMPLETED,0.6667,REVENUE_GROWTH,0.298482,FRACTION,FISCAL_YEAR,2025-12-31,Revenues RevenueFromContractWithCustomerExcludingAssessedTax,10-K,2026-02-25
BLK,COMPLETED,0.6667,NET_INCOME_GROWTH,0.023580,FRACTION,FISCAL_YEAR,2025-12-31,NetIncomeLoss NetIncomeLoss,10-K,2026-02-25
BLK,COMPLETED,0.6667,SHARE_COUNT_GROWTH,0.033158,FRACTION,FISCAL_YEAR,2025-12-31,WeightedAverageNumberOfDilutedSharesOutstanding WeightedAverageNumberOfDilutedSharesOutstanding,10-K,2026-02-25
BMRN,COMPLETED,0.9444,REVENUE,3406614000.000000,CURRENCY,TRAILING_TWELVE_MONTHS,2026-06-30,RevenueFromContractWithCustomerExcludingAssessedTax,10-Q,2026-08-06
BMRN,COMPLETED,0.9444,NET_INCOME,72972000.000000,CURRENCY,TRAILING_TWELVE_MONTHS,2026-06-30,NetIncomeLoss,10-Q,2026-08-06
BMRN,COMPLETED,0.9444,FREE_CASH_FLOW,738181000.000000,CURRENCY,TRAILING_TWELVE_MONTHS,2026-06-30,NetCashProvidedByUsedInOperatingActivities PaymentsToAcquirePropertyPlantAndEquipment,10-Q,2026-08-06
BMRN,COMPLETED,0.9444,FREE_CASH_FLOW_MARGIN,0.216691,FRACTION,TRAILING_TWELVE_MONTHS,2026-06-30,NetCashProvidedByUsedInOperatingActivities PaymentsToAcquirePropertyPlantAndEquipment RevenueFromContractWithCustomerExcludingAssessedTax,10-Q,2026-08-06
BMRN,COMPLETED,0.9444,OPERATING_MARGIN,0.043814,FRACTION,TRAILING_TWELVE_MONTHS,2026-06-30,OperatingIncomeLoss RevenueFromContractWithCustomerExcludingAssessedTax,10-Q,2026-08-06
BMRN,COMPLETED,0.9444,NET_MARGIN,0.021421,FRACTION,TRAILING_TWELVE_MONTHS,2026-06-30,NetIncomeLoss RevenueFromContractWithCustomerExcludingAssessedTax,10-Q,2026-08-06
BMRN,COMPLETED,0.9444,RETURN_ON_EQUITY,0.011543,FRACTION,TRAILING_TWELVE_MONTHS,2026-06-30,NetIncomeLoss StockholdersEquity,10-Q,2026-08-06
BMRN,COMPLETED,0.9444,RETURN_ON_ASSETS,0.006224,FRACTION,TRAILING_TWELVE_MONTHS,2026-06-30,NetIncomeLoss Assets,10-Q,2026-08-06
BMRN,COMPLETED,0.9444,DEBT_TO_EQUITY,0.854479,RATIO,POINT_IN_TIME,2026-06-30,Liabilities StockholdersEquity,10-Q,2026-08-06
BMRN,COMPLETED,0.9444,CURRENT_RATIO,2.386798,RATIO,POINT_IN_TIME,2026-06-30,AssetsCurrent LiabilitiesCurrent,10-Q,2026-08-06
BMRN,COMPLETED,0.9444,REVENUE_GROWTH,0.154007,FRACTION,FISCAL_YEAR,2025-12-31,RevenueFromContractWithCustomerExcludingAssessedTax RevenueFromContractWithCustomerExcludingAssessedTax,10-K,2026-02-26
BMRN,COMPLETED,0.9444,NET_INCOME_GROWTH,0.350785,FRACTION,FISCAL_YEAR,2025-12-31,NetIncomeLoss NetIncomeLoss,10-K,2026-02-26
BMRN,COMPLETED,0.9444,SHARE_COUNT_GROWTH,0.015021,FRACTION,FISCAL_YEAR,2025-12-31,WeightedAverageNumberOfDilutedSharesOutstanding WeightedAverageNumberOfDilutedSharesOutstanding,10-K,2026-02-26
BMRN,COMPLETED,0.9444,MARKET_CAPITALIZATION,12909433987.709999,CURRENCY,POINT_IN_TIME,2026-07-28,EntityCommonStockSharesOutstanding,10-Q,2026-08-06
BMRN,COMPLETED,0.9444,PRICE_EARNINGS_RATIO,176.909417,RATIO,TRAILING_TWELVE_MONTHS,2026-06-30,EntityCommonStockSharesOutstanding NetIncomeLoss,10-Q,2026-08-06
BMRN,COMPLETED,0.9444,PRICE_SALES_RATIO,3.789521,RATIO,TRAILING_TWELVE_MONTHS,2026-06-30,EntityCommonStockSharesOutstanding RevenueFromContractWithCustomerExcludingAssessedTax,10-Q,2026-08-06
BMRN,COMPLETED,0.9444,PRICE_FREE_CASH_FLOW_RATIO,17.488169,RATIO,TRAILING_TWELVE_MONTHS,2026-06-30,EntityCommonStockSharesOutstanding NetCashProvidedByUsedInOperatingActivities PaymentsToAcquirePropertyPlantAndEquipment,10-Q,2026-08-06
BRK B,COMPLETED,0.5000,REVENUE,384687000000.000000,CURRENCY,TRAILING_TWELVE_MONTHS,2026-06-30,Revenues,10-Q,2026-08-10
BRK B,COMPLETED,0.5000,NET_INCOME,85768000000.000000,CURRENCY,TRAILING_TWELVE_MONTHS,2026-06-30,NetIncomeLoss,10-Q,2026-08-10
BRK B,COMPLETED,0.5000,FREE_CASH_FLOW,24215000000.000000,CURRENCY,TRAILING_TWELVE_MONTHS,2026-06-30,NetCashProvidedByUsedInOperatingActivities PaymentsToAcquirePropertyPlantAndEquipment,10-Q,2026-08-10
BRK B,COMPLETED,0.5000,FREE_CASH_FLOW_MARGIN,0.062947,FRACTION,TRAILING_TWELVE_MONTHS,2026-06-30,NetCashProvidedByUsedInOperatingActivities PaymentsToAcquirePropertyPlantAndEquipment Revenues,10-Q,2026-08-10
BRK B,COMPLETED,0.5000,NET_MARGIN,0.222955,FRACTION,TRAILING_TWELVE_MONTHS,2026-06-30,NetIncomeLoss Revenues,10-Q,2026-08-10
BRK B,COMPLETED,0.5000,RETURN_ON_EQUITY,0.114677,FRACTION,TRAILING_TWELVE_MONTHS,2026-06-30,NetIncomeLoss StockholdersEquity,10-Q,2026-08-10
BRK B,COMPLETED,0.5000,RETURN_ON_ASSETS,0.067904,FRACTION,TRAILING_TWELVE_MONTHS,2026-06-30,NetIncomeLoss Assets,10-Q,2026-08-10
BRK B,COMPLETED,0.5000,DEBT_TO_EQUITY,0.685770,RATIO,POINT_IN_TIME,2026-06-30,Liabilities StockholdersEquity,10-Q,2026-08-10
BRK B,COMPLETED,0.5000,REVENUE_GROWTH,0.071402,FRACTION,FISCAL_YEAR,2025-12-31,Revenues Revenues,10-K,2026-03-02
C,COMPLETED,0.7778,REVENUE,85225000000.000000,CURRENCY,FISCAL_YEAR,2025-12-31,Revenues,10-K,2026-02-20
C,COMPLETED,0.7778,NET_INCOME,14306000000.000000,CURRENCY,FISCAL_YEAR,2025-12-31,NetIncomeLoss,10-K,2026-02-20
C,COMPLETED,0.7778,FREE_CASH_FLOW,-74152000000.000000,CURRENCY,FISCAL_YEAR,2025-12-31,NetCashProvidedByUsedInOperatingActivities PaymentsToAcquirePropertyPlantAndEquipment,10-K,2026-02-20
C,COMPLETED,0.7778,FREE_CASH_FLOW_MARGIN,-0.870073,FRACTION,FISCAL_YEAR,2025-12-31,NetCashProvidedByUsedInOperatingActivities PaymentsToAcquirePropertyPlantAndEquipment Revenues,10-K,2026-02-20
C,COMPLETED,0.7778,NET_MARGIN,0.167862,FRACTION,FISCAL_YEAR,2025-12-31,NetIncomeLoss Revenues,10-K,2026-02-20
C,COMPLETED,0.7778,RETURN_ON_EQUITY,0.067389,FRACTION,FISCAL_YEAR,2025-12-31,NetIncomeLoss StockholdersEquity,10-K,2026-02-20
C,COMPLETED,0.7778,RETURN_ON_ASSETS,0.005384,FRACTION,FISCAL_YEAR,2025-12-31,NetIncomeLoss Assets,10-K,2026-02-20
C,COMPLETED,0.7778,DEBT_TO_EQUITY,11.509579,RATIO,POINT_IN_TIME,2025-12-31,Liabilities StockholdersEquity,10-K,2026-02-20
C,COMPLETED,0.7778,REVENUE_GROWTH,0.041960,FRACTION,FISCAL_YEAR,2025-12-31,Revenues Revenues,10-K,2026-02-20
C,COMPLETED,0.7778,NET_INCOME_GROWTH,-0.012252,FRACTION,FISCAL_YEAR,2025-12-31,NetIncomeLoss NetIncomeLoss,10-K,2026-02-20
C,COMPLETED,0.7778,SHARE_COUNT_GROWTH,-0.021371,FRACTION,FISCAL_YEAR,2025-12-31,WeightedAverageNumberOfDilutedSharesOutstanding WeightedAverageNumberOfDilutedSharesOutstanding,10-K,2026-02-20
C,COMPLETED,0.7778,MARKET_CAPITALIZATION,230332833915.029968,CURRENCY,POINT_IN_TIME,2026-01-31,EntityCommonStockSharesOutstanding,10-K,2026-02-20
C,COMPLETED,0.7778,PRICE_EARNINGS_RATIO,16.100436,RATIO,FISCAL_YEAR,2025-12-31,EntityCommonStockSharesOutstanding NetIncomeLoss,10-K,2026-02-20
C,COMPLETED,0.7778,PRICE_SALES_RATIO,2.702644,RATIO,FISCAL_YEAR,2025-12-31,EntityCommonStockSharesOutstanding Revenues,10-K,2026-02-20
CAH,COMPLETED,0.8889,REVENUE,254248000000.000000,CURRENCY,FISCAL_YEAR,2026-06-30,Revenues,10-K,2026-08-11
CAH,COMPLETED,0.8889,NET_INCOME,1714000000.000000,CURRENCY,FISCAL_YEAR,2026-06-30,NetIncomeLoss,10-K,2026-08-11
CAH,COMPLETED,0.8889,FREE_CASH_FLOW,4525000000.000000,CURRENCY,FISCAL_YEAR,2026-06-30,NetCashProvidedByUsedInOperatingActivities PaymentsToAcquirePropertyPlantAndEquipment,10-K,2026-08-11
CAH,COMPLETED,0.8889,FREE_CASH_FLOW_MARGIN,0.017798,FRACTION,FISCAL_YEAR,2026-06-30,NetCashProvidedByUsedInOperatingActivities PaymentsToAcquirePropertyPlantAndEquipment Revenues,10-K,2026-08-11
CAH,COMPLETED,0.8889,GROSS_MARGIN,0.038443,FRACTION,FISCAL_YEAR,2026-06-30,GrossProfit Revenues,10-K,2026-08-11
CAH,COMPLETED,0.8889,OPERATING_MARGIN,0.010277,FRACTION,FISCAL_YEAR,2026-06-30,OperatingIncomeLoss Revenues,10-K,2026-08-11
CAH,COMPLETED,0.8889,NET_MARGIN,0.006741,FRACTION,FISCAL_YEAR,2026-06-30,NetIncomeLoss Revenues,10-K,2026-08-11
CAH,COMPLETED,0.8889,RETURN_ON_ASSETS,0.029913,FRACTION,FISCAL_YEAR,2026-06-30,NetIncomeLoss Assets,10-K,2026-08-11
CAH,COMPLETED,0.8889,CURRENT_RATIO,0.882676,RATIO,POINT_IN_TIME,2026-06-30,AssetsCurrent LiabilitiesCurrent,10-K,2026-08-11
CAH,COMPLETED,0.8889,REVENUE_GROWTH,0.074441,FRACTION,FISCAL_YEAR,2026-06-30,Revenues Revenues,10-K,2026-08-11
CAH,COMPLETED,0.8889,NET_INCOME_GROWTH,0.731805,FRACTION,FISCAL_YEAR,2026-06-30,NetIncomeLoss NetIncomeLoss,10-K,2026-08-11
CAH,COMPLETED,0.8889,SHARE_COUNT_GROWTH,-0.020452,FRACTION,FISCAL_YEAR,2026-06-30,WeightedAverageNumberOfDilutedSharesOutstanding WeightedAverageNumberOfDilutedSharesOutstanding,10-K,2026-08-11
CAH,COMPLETED,0.8889,MARKET_CAPITALIZATION,53383106847.840004,CURRENCY,POINT_IN_TIME,2026-07-31,EntityCommonStockSharesOutstanding,10-K,2026-08-11
CAH,COMPLETED,0.8889,PRICE_EARNINGS_RATIO,31.145337,RATIO,FISCAL_YEAR,2026-06-30,EntityCommonStockSharesOutstanding NetIncomeLoss,10-K,2026-08-11
CAH,COMPLETED,0.8889,PRICE_SALES_RATIO,0.209965,RATIO,FISCAL_YEAR,2026-06-30,EntityCommonStockSharesOutstanding Revenues,10-K,2026-08-11
CAH,COMPLETED,0.8889,PRICE_FREE_CASH_FLOW_RATIO,11.797372,RATIO,FISCAL_YEAR,2026-06-30,EntityCommonStockSharesOutstanding NetCashProvidedByUsedInOperatingActivities PaymentsToAcquirePropertyPlantAndEquipment,10-K,2026-08-11
CBRE,COMPLETED,0.9444,REVENUE,43711000000.000000,CURRENCY,TRAILING_TWELVE_MONTHS,2026-06-30,Revenues,10-Q,2026-07-29
CBRE,COMPLETED,0.9444,NET_INCOME,1301000000.000000,CURRENCY,TRAILING_TWELVE_MONTHS,2026-06-30,NetIncomeLoss,10-Q,2026-07-29
CBRE,COMPLETED,0.9444,FREE_CASH_FLOW,938000000.000000,CURRENCY,TRAILING_TWELVE_MONTHS,2026-06-30,NetCashProvidedByUsedInOperatingActivities PaymentsToAcquireProductiveAssets,10-Q,2026-07-29
CBRE,COMPLETED,0.9444,FREE_CASH_FLOW_MARGIN,0.021459,FRACTION,TRAILING_TWELVE_MONTHS,2026-06-30,NetCashProvidedByUsedInOperatingActivities PaymentsToAcquireProductiveAssets Revenues,10-Q,2026-07-29
CBRE,COMPLETED,0.9444,OPERATING_MARGIN,0.045275,FRACTION,TRAILING_TWELVE_MONTHS,2026-06-30,OperatingIncomeLoss Revenues,10-Q,2026-07-29
CBRE,COMPLETED,0.9444,NET_MARGIN,0.029764,FRACTION,TRAILING_TWELVE_MONTHS,2026-06-30,NetIncomeLoss Revenues,10-Q,2026-07-29
CBRE,COMPLETED,0.9444,RETURN_ON_EQUITY,0.154918,FRACTION,TRAILING_TWELVE_MONTHS,2026-06-30,NetIncomeLoss StockholdersEquity,10-Q,2026-07-29
CBRE,COMPLETED,0.9444,RETURN_ON_ASSETS,0.042696,FRACTION,TRAILING_TWELVE_MONTHS,2026-06-30,NetIncomeLoss Assets,10-Q,2026-07-29
CBRE,COMPLETED,0.9444,DEBT_TO_EQUITY,2.535961,RATIO,POINT_IN_TIME,2026-06-30,Liabilities StockholdersEquity,10-Q,2026-07-29
CBRE,COMPLETED,0.9444,CURRENT_RATIO,1.140938,RATIO,POINT_IN_TIME,2026-06-30,AssetsCurrent LiabilitiesCurrent,10-Q,2026-07-29
CBRE,COMPLETED,0.9444,REVENUE_GROWTH,0.095675,FRACTION,FISCAL_YEAR,2025-12-31,Revenues Revenues,10-K,2026-02-12
CBRE,COMPLETED,0.9444,NET_INCOME_GROWTH,-0.063129,FRACTION,FISCAL_YEAR,2025-12-31,NetIncomeLoss NetIncomeLoss,10-K,2026-02-12
CBRE,COMPLETED,0.9444,SHARE_COUNT_GROWTH,-0.019058,FRACTION,FISCAL_YEAR,2025-12-31,WeightedAverageNumberOfDilutedSharesOutstanding WeightedAverageNumberOfDilutedSharesOutstanding,10-K,2026-02-12
CBRE,COMPLETED,0.9444,MARKET_CAPITALIZATION,44044402825.799995,CURRENCY,POINT_IN_TIME,2026-07-27,EntityCommonStockSharesOutstanding,10-Q,2026-07-29
CBRE,COMPLETED,0.9444,PRICE_EARNINGS_RATIO,33.854268,RATIO,TRAILING_TWELVE_MONTHS,2026-06-30,EntityCommonStockSharesOutstanding NetIncomeLoss,10-Q,2026-07-29
CBRE,COMPLETED,0.9444,PRICE_SALES_RATIO,1.007627,RATIO,TRAILING_TWELVE_MONTHS,2026-06-30,EntityCommonStockSharesOutstanding Revenues,10-Q,2026-07-29
CBRE,COMPLETED,0.9444,PRICE_FREE_CASH_FLOW_RATIO,46.955653,RATIO,TRAILING_TWELVE_MONTHS,2026-06-30,EntityCommonStockSharesOutstanding NetCashProvidedByUsedInOperatingActivities PaymentsToAcquireProductiveAssets,10-Q,2026-07-29
CDNS,COMPLETED,0.8889,REVENUE,5528613000.000000,CURRENCY,TRAILING_TWELVE_MONTHS,2026-03-31,RevenueFromContractWithCustomerExcludingAssessedTax,10-Q,2026-05-01
CDNS,COMPLETED,0.8889,NET_INCOME,1170969000.000000,CURRENCY,TRAILING_TWELVE_MONTHS,2026-03-31,NetIncomeLoss,10-Q,2026-05-01
CDNS,COMPLETED,0.8889,FREE_CASH_FLOW,1429912000.000000,CURRENCY,TRAILING_TWELVE_MONTHS,2026-03-31,NetCashProvidedByUsedInOperatingActivities PaymentsToAcquirePropertyPlantAndEquipment,10-Q,2026-05-01
CDNS,COMPLETED,0.8889,FREE_CASH_FLOW_MARGIN,0.258638,FRACTION,TRAILING_TWELVE_MONTHS,2026-03-31,NetCashProvidedByUsedInOperatingActivities PaymentsToAcquirePropertyPlantAndEquipment RevenueFromContractWithCustomerExcludingAssessedTax,10-Q,2026-05-01
CDNS,COMPLETED,0.8889,OPERATING_MARGIN,0.282503,FRACTION,TRAILING_TWELVE_MONTHS,2026-03-31,OperatingIncomeLoss RevenueFromContractWithCustomerExcludingAssessedTax,10-Q,2026-05-01
CDNS,COMPLETED,0.8889,NET_MARGIN,0.211802,FRACTION,TRAILING_TWELVE_MONTHS,2026-03-31,NetIncomeLoss RevenueFromContractWithCustomerExcludingAssessedTax,10-Q,2026-05-01
CDNS,COMPLETED,0.8889,RETURN_ON_EQUITY,0.178462,FRACTION,TRAILING_TWELVE_MONTHS,2026-03-31,NetIncomeLoss StockholdersEquity,10-Q,2026-05-01
CDNS,COMPLETED,0.8889,RETURN_ON_ASSETS,0.096787,FRACTION,TRAILING_TWELVE_MONTHS,2026-03-31,NetIncomeLoss Assets,10-Q,2026-05-01
CDNS,COMPLETED,0.8889,CURRENT_RATIO,1.470700,RATIO,POINT_IN_TIME,2026-03-31,AssetsCurrent LiabilitiesCurrent,10-Q,2026-05-01
CDNS,COMPLETED,0.8889,REVENUE_GROWTH,0.141432,FRACTION,FISCAL_YEAR,2025-12-31,RevenueFromContractWithCustomerExcludingAssessedTax RevenueFromContractWithCustomerExcludingAssessedTax,10-K,2026-02-19
CDNS,COMPLETED,0.8889,NET_INCOME_GROWTH,0.093121,FRACTION,FISCAL_YEAR,2025-12-31,NetIncomeLoss NetIncomeLoss,10-K,2026-02-19
CDNS,COMPLETED,0.8889,SHARE_COUNT_GROWTH,0.001033,FRACTION,FISCAL_YEAR,2025-12-31,WeightedAverageNumberOfDilutedSharesOutstanding WeightedAverageNumberOfDilutedSharesOutstanding,10-K,2026-02-19
CDNS,COMPLETED,0.8889,MARKET_CAPITALIZATION,87963238720.000000,CURRENCY,POINT_IN_TIME,2026-03-31,EntityCommonStockSharesOutstanding,10-Q,2026-05-01
CDNS,COMPLETED,0.8889,PRICE_EARNINGS_RATIO,75.120041,RATIO,TRAILING_TWELVE_MONTHS,2026-03-31,EntityCommonStockSharesOutstanding NetIncomeLoss,10-Q,2026-05-01
CDNS,COMPLETED,0.8889,PRICE_SALES_RATIO,15.910544,RATIO,TRAILING_TWELVE_MONTHS,2026-03-31,EntityCommonStockSharesOutstanding RevenueFromContractWithCustomerExcludingAssessedTax,10-Q,2026-05-01
CDNS,COMPLETED,0.8889,PRICE_FREE_CASH_FLOW_RATIO,61.516540,RATIO,TRAILING_TWELVE_MONTHS,2026-03-31,EntityCommonStockSharesOutstanding NetCashProvidedByUsedInOperatingActivities PaymentsToAcquirePropertyPlantAndEquipment,10-Q,2026-05-01
CDW,COMPLETED,0.9444,REVENUE,23500400000.000000,CURRENCY,TRAILING_TWELVE_MONTHS,2026-06-30,RevenueFromContractWithCustomerExcludingAssessedTax,10-Q,2026-08-05
CDW,COMPLETED,0.9444,NET_INCOME,1080300000.000000,CURRENCY,TRAILING_TWELVE_MONTHS,2026-06-30,NetIncomeLoss,10-Q,2026-08-05
CDW,COMPLETED,0.9444,FREE_CASH_FLOW,860200000.000000,CURRENCY,TRAILING_TWELVE_MONTHS,2026-06-30,NetCashProvidedByUsedInOperatingActivities PaymentsToAcquirePropertyPlantAndEquipment,10-Q,2026-08-05
CDW,COMPLETED,0.9444,FREE_CASH_FLOW_MARGIN,0.036604,FRACTION,TRAILING_TWELVE_MONTHS,2026-06-30,NetCashProvidedByUsedInOperatingActivities PaymentsToAcquirePropertyPlantAndEquipment RevenueFromContractWithCustomerExcludingAssessedTax,10-Q,2026-08-05
CDW,COMPLETED,0.9444,GROSS_MARGIN,0.213601,FRACTION,TRAILING_TWELVE_MONTHS,2026-06-30,GrossProfit RevenueFromContractWithCustomerExcludingAssessedTax,10-Q,2026-08-05
CDW,COMPLETED,0.9444,OPERATING_MARGIN,0.071429,FRACTION,TRAILING_TWELVE_MONTHS,2026-06-30,OperatingIncomeLoss RevenueFromContractWithCustomerExcludingAssessedTax,10-Q,2026-08-05
CDW,COMPLETED,0.9444,NET_MARGIN,0.045969,FRACTION,TRAILING_TWELVE_MONTHS,2026-06-30,NetIncomeLoss RevenueFromContractWithCustomerExcludingAssessedTax,10-Q,2026-08-05
CDW,COMPLETED,0.9444,RETURN_ON_EQUITY,0.442365,FRACTION,TRAILING_TWELVE_MONTHS,2026-06-30,NetIncomeLoss StockholdersEquity,10-Q,2026-08-05
CDW,COMPLETED,0.9444,RETURN_ON_ASSETS,0.062609,FRACTION,TRAILING_TWELVE_MONTHS,2026-06-30,NetIncomeLoss Assets,10-Q,2026-08-05
CDW,COMPLETED,0.9444,CURRENT_RATIO,1.166831,RATIO,POINT_IN_TIME,2026-06-30,AssetsCurrent LiabilitiesCurrent,10-Q,2026-08-05
CDW,COMPLETED,0.9444,REVENUE_GROWTH,-0.018949,FRACTION,FISCAL_YEAR,2025-12-31,RevenueFromContractWithCustomerExcludingAssessedTax RevenueFromContractWithCustomerExcludingAssessedTax,10-K,2026-02-20
CDW,COMPLETED,0.9444,NET_INCOME_GROWTH,-0.014537,FRACTION,FISCAL_YEAR,2025-12-31,NetIncomeLoss NetIncomeLoss,10-K,2026-02-20
CDW,COMPLETED,0.9444,SHARE_COUNT_GROWTH,-0.015528,FRACTION,FISCAL_YEAR,2025-12-31,WeightedAverageNumberOfDilutedSharesOutstanding WeightedAverageNumberOfDilutedSharesOutstanding,10-K,2026-02-20
CDW,COMPLETED,0.9444,MARKET_CAPITALIZATION,17158641718.500000,CURRENCY,POINT_IN_TIME,2026-07-31,EntityCommonStockSharesOutstanding,10-Q,2026-08-05
CDW,COMPLETED,0.9444,PRICE_EARNINGS_RATIO,15.883219,RATIO,TRAILING_TWELVE_MONTHS,2026-06-30,EntityCommonStockSharesOutstanding NetIncomeLoss,10-Q,2026-08-05
CDW,COMPLETED,0.9444,PRICE_SALES_RATIO,0.730143,RATIO,TRAILING_TWELVE_MONTHS,2026-06-30,EntityCommonStockSharesOutstanding RevenueFromContractWithCustomerExcludingAssessedTax,10-Q,2026-08-05
CDW,COMPLETED,0.9444,PRICE_FREE_CASH_FLOW_RATIO,19.947270,RATIO,TRAILING_TWELVE_MONTHS,2026-06-30,EntityCommonStockSharesOutstanding NetCashProvidedByUsedInOperatingActivities PaymentsToAcquirePropertyPlantAndEquipment,10-Q,2026-08-05
CHKP,INSUFFICIENT_DATA,0.0000,,,,,,,,
CLX,COMPLETED,0.8333,REVENUE,6760000000.000000,CURRENCY,TRAILING_TWELVE_MONTHS,2026-03-31,RevenueFromContractWithCustomerExcludingAssessedTax,10-Q,2026-04-30
CLX,COMPLETED,0.8333,NET_INCOME,756000000.000000,CURRENCY,TRAILING_TWELVE_MONTHS,2026-03-31,NetIncomeLoss,10-Q,2026-04-30
CLX,COMPLETED,0.8333,FREE_CASH_FLOW,380000000.000000,CURRENCY,TRAILING_TWELVE_MONTHS,2026-03-31,NetCashProvidedByUsedInOperatingActivities PaymentsToAcquirePropertyPlantAndEquipment,10-Q,2026-04-30
CLX,COMPLETED,0.8333,FREE_CASH_FLOW_MARGIN,0.056213,FRACTION,TRAILING_TWELVE_MONTHS,2026-03-31,NetCashProvidedByUsedInOperatingActivities PaymentsToAcquirePropertyPlantAndEquipment RevenueFromContractWithCustomerExcludingAssessedTax,10-Q,2026-04-30
CLX,COMPLETED,0.8333,GROSS_MARGIN,0.438462,FRACTION,TRAILING_TWELVE_MONTHS,2026-03-31,GrossProfit RevenueFromContractWithCustomerExcludingAssessedTax,10-Q,2026-04-30
CLX,COMPLETED,0.8333,NET_MARGIN,0.111834,FRACTION,TRAILING_TWELVE_MONTHS,2026-03-31,NetIncomeLoss RevenueFromContractWithCustomerExcludingAssessedTax,10-Q,2026-04-30
CLX,COMPLETED,0.8333,RETURN_ON_ASSETS,0.117464,FRACTION,TRAILING_TWELVE_MONTHS,2026-03-31,NetIncomeLoss Assets,10-Q,2026-04-30
CLX,COMPLETED,0.8333,CURRENT_RATIO,0.840254,RATIO,POINT_IN_TIME,2026-03-31,AssetsCurrent LiabilitiesCurrent,10-Q,2026-04-30
CLX,COMPLETED,0.8333,REVENUE_GROWTH,-0.000141,FRACTION,FISCAL_YEAR,2025-06-30,RevenueFromContractWithCustomerExcludingAssessedTax RevenueFromContractWithCustomerExcludingAssessedTax,10-K,2025-08-08
CLX,COMPLETED,0.8333,NET_INCOME_GROWTH,0.205816,FRACTION,FISCAL_YEAR,2025-06-30,NetIncomeLoss NetIncomeLoss,10-K,2025-08-08
CLX,COMPLETED,0.8333,SHARE_COUNT_GROWTH,0.000427,FRACTION,FISCAL_YEAR,2025-06-30,WeightedAverageNumberOfDilutedSharesOutstanding WeightedAverageNumberOfDilutedSharesOutstanding,10-K,2025-08-08
CLX,COMPLETED,0.8333,MARKET_CAPITALIZATION,12898680511.170000,CURRENCY,POINT_IN_TIME,2026-04-16,EntityCommonStockSharesOutstanding,10-Q,2026-04-30
CLX,COMPLETED,0.8333,PRICE_EARNINGS_RATIO,17.061747,RATIO,TRAILING_TWELVE_MONTHS,2026-03-31,EntityCommonStockSharesOutstanding NetIncomeLoss,10-Q,2026-04-30
CLX,COMPLETED,0.8333,PRICE_SALES_RATIO,1.908089,RATIO,TRAILING_TWELVE_MONTHS,2026-03-31,EntityCommonStockSharesOutstanding RevenueFromContractWithCustomerExcludingAssessedTax,10-Q,2026-04-30
CLX,COMPLETED,0.8333,PRICE_FREE_CASH_FLOW_RATIO,33.943896,RATIO,TRAILING_TWELVE_MONTHS,2026-03-31,EntityCommonStockSharesOutstanding NetCashProvidedByUsedInOperatingActivities PaymentsToAcquirePropertyPlantAndEquipment,10-Q,2026-04-30
CMCSA,COMPLETED,0.6667,REVENUE,124904000000.000000,CURRENCY,TRAILING_TWELVE_MONTHS,2026-06-30,RevenueFromContractWithCustomerExcludingAssessedTax,10-Q,2026-07-23
CMCSA,COMPLETED,0.6667,NET_INCOME,11199000000.000000,CURRENCY,TRAILING_TWELVE_MONTHS,2026-06-30,NetIncomeLoss,10-Q,2026-07-23
CMCSA,COMPLETED,0.6667,FREE_CASH_FLOW,20444000000.000000,CURRENCY,TRAILING_TWELVE_MONTHS,2026-06-30,NetCashProvidedByUsedInOperatingActivities PaymentsToAcquirePropertyPlantAndEquipment,10-Q,2026-07-23
CMCSA,COMPLETED,0.6667,FREE_CASH_FLOW_MARGIN,0.163678,FRACTION,TRAILING_TWELVE_MONTHS,2026-06-30,NetCashProvidedByUsedInOperatingActivities PaymentsToAcquirePropertyPlantAndEquipment RevenueFromContractWithCustomerExcludingAssessedTax,10-Q,2026-07-23
CMCSA,COMPLETED,0.6667,OPERATING_MARGIN,0.146657,FRACTION,TRAILING_TWELVE_MONTHS,2026-06-30,OperatingIncomeLoss RevenueFromContractWithCustomerExcludingAssessedTax,10-Q,2026-07-23
CMCSA,COMPLETED,0.6667,NET_MARGIN,0.089661,FRACTION,TRAILING_TWELVE_MONTHS,2026-06-30,NetIncomeLoss RevenueFromContractWithCustomerExcludingAssessedTax,10-Q,2026-07-23
CMCSA,COMPLETED,0.6667,RETURN_ON_EQUITY,0.124762,FRACTION,TRAILING_TWELVE_MONTHS,2026-06-30,NetIncomeLoss StockholdersEquity,10-Q,2026-07-23
CMCSA,COMPLETED,0.6667,RETURN_ON_ASSETS,0.043483,FRACTION,TRAILING_TWELVE_MONTHS,2026-06-30,NetIncomeLoss Assets,10-Q,2026-07-23
CMCSA,COMPLETED,0.6667,CURRENT_RATIO,0.795788,RATIO,POINT_IN_TIME,2026-06-30,AssetsCurrent LiabilitiesCurrent,10-Q,2026-07-23
CMCSA,COMPLETED,0.6667,REVENUE_GROWTH,0.006220,FRACTION,FISCAL_YEAR,2025-12-31,Revenues RevenueFromContractWithCustomerExcludingAssessedTax,10-K,2026-02-03
CMCSA,COMPLETED,0.6667,NET_INCOME_GROWTH,0.550020,FRACTION,FISCAL_YEAR,2025-12-31,NetIncomeLoss NetIncomeLoss,10-K,2026-02-03
CMCSA,COMPLETED,0.6667,SHARE_COUNT_GROWTH,-0.054397,FRACTION,FISCAL_YEAR,2025-12-31,WeightedAverageNumberOfDilutedSharesOutstanding WeightedAverageNumberOfDilutedSharesOutstanding,10-K,2026-02-03
CME,COMPLETED,0.7222,REVENUE,6772600000.000000,CURRENCY,TRAILING_TWELVE_MONTHS,2026-06-30,Revenues,10-Q,2026-07-24
CME,COMPLETED,0.7222,NET_INCOME,4287000000.000000,CURRENCY,TRAILING_TWELVE_MONTHS,2026-06-30,NetIncomeLoss,10-Q,2026-07-24
CME,COMPLETED,0.7222,FREE_CASH_FLOW,4212700000.000000,CURRENCY,TRAILING_TWELVE_MONTHS,2026-06-30,NetCashProvidedByUsedInOperatingActivities PaymentsToAcquirePropertyPlantAndEquipment,10-Q,2026-07-24
CME,COMPLETED,0.7222,FREE_CASH_FLOW_MARGIN,0.622021,FRACTION,TRAILING_TWELVE_MONTHS,2026-06-30,NetCashProvidedByUsedInOperatingActivities PaymentsToAcquirePropertyPlantAndEquipment Revenues,10-Q,2026-07-24
CME,COMPLETED,0.7222,OPERATING_MARGIN,0.651006,FRACTION,TRAILING_TWELVE_MONTHS,2026-06-30,OperatingIncomeLoss Revenues,10-Q,2026-07-24
CME,COMPLETED,0.7222,NET_MARGIN,0.632992,FRACTION,TRAILING_TWELVE_MONTHS,2026-06-30,NetIncomeLoss Revenues,10-Q,2026-07-24
CME,COMPLETED,0.7222,RETURN_ON_EQUITY,0.161649,FRACTION,TRAILING_TWELVE_MONTHS,2026-06-30,NetIncomeLoss StockholdersEquity,10-Q,2026-07-24
CME,COMPLETED,0.7222,RETURN_ON_ASSETS,0.022021,FRACTION,TRAILING_TWELVE_MONTHS,2026-06-30,NetIncomeLoss Assets,10-Q,2026-07-24
CME,COMPLETED,0.7222,DEBT_TO_EQUITY,6.340636,RATIO,POINT_IN_TIME,2026-06-30,Liabilities StockholdersEquity,10-Q,2026-07-24
CME,COMPLETED,0.7222,CURRENT_RATIO,1.018358,RATIO,POINT_IN_TIME,2026-06-30,AssetsCurrent LiabilitiesCurrent,10-Q,2026-07-24
CME,COMPLETED,0.7222,REVENUE_GROWTH,0.091135,FRACTION,FISCAL_YEAR,2025-12-31,Revenues Revenues,10-K,2026-02-26
CME,COMPLETED,0.7222,NET_INCOME_GROWTH,0.148079,FRACTION,FISCAL_YEAR,2025-12-31,NetIncomeLoss NetIncomeLoss,10-K,2026-02-26
CME,COMPLETED,0.7222,SHARE_COUNT_GROWTH,0.001126,FRACTION,FISCAL_YEAR,2025-12-31,WeightedAverageNumberOfDilutedSharesOutstanding WeightedAverageNumberOfDilutedSharesOutstanding,10-K,2026-02-26
CMI,COMPLETED,0.3889,REVENUE,33670000000.000000,CURRENCY,FISCAL_YEAR,2025-12-31,Revenues,10-K,2026-02-10
CMI,COMPLETED,0.3889,NET_INCOME,2715000000.000000,CURRENCY,TRAILING_TWELVE_MONTHS,2026-06-30,NetIncomeLossAvailableToCommonStockholdersBasic,10-Q,2026-08-04
CMI,COMPLETED,0.3889,REVENUE_GROWTH,0.062461,FRACTION,FISCAL_YEAR,2025-12-31,Revenues Revenues,10-K,2026-02-10
CMI,COMPLETED,0.3889,NET_INCOME_GROWTH,0.097435,FRACTION,FISCAL_YEAR,2025-12-31,NetIncomeLossAvailableToCommonStockholdersBasic NetIncomeLossAvailableToCommonStockholdersBasic,10-K,2026-02-10
CMI,COMPLETED,0.3889,SHARE_COUNT_GROWTH,-0.014115,FRACTION,FISCAL_YEAR,2025-12-31,WeightedAverageNumberOfDilutedSharesOutstanding WeightedAverageNumberOfDilutedSharesOutstanding,10-K,2026-02-10
CMI,COMPLETED,0.3889,MARKET_CAPITALIZATION,80905419009.900009,CURRENCY,POINT_IN_TIME,2026-06-30,EntityCommonStockSharesOutstanding,10-Q,2026-08-04
CMI,COMPLETED,0.3889,PRICE_SALES_RATIO,2.402893,RATIO,FISCAL_YEAR,2025-12-31,EntityCommonStockSharesOutstanding Revenues,10-K 10-Q,2026-08-04
CMS,COMPLETED,0.7222,REVENUE,8813000000.000000,CURRENCY,TRAILING_TWELVE_MONTHS,2026-06-30,Revenues,10-Q,2026-07-28
CMS,COMPLETED,0.7222,NET_INCOME,1026000000.000000,CURRENCY,TRAILING_TWELVE_MONTHS,2026-06-30,NetIncomeLoss,10-Q,2026-07-28
CMS,COMPLETED,0.7222,OPERATING_MARGIN,0.189493,FRACTION,TRAILING_TWELVE_MONTHS,2026-06-30,OperatingIncomeLoss Revenues,10-Q,2026-07-28
CMS,COMPLETED,0.7222,NET_MARGIN,0.116419,FRACTION,TRAILING_TWELVE_MONTHS,2026-06-30,NetIncomeLoss Revenues,10-Q,2026-07-28
CMS,COMPLETED,0.7222,RETURN_ON_EQUITY,0.104972,FRACTION,TRAILING_TWELVE_MONTHS,2026-06-30,NetIncomeLoss StockholdersEquity,10-Q,2026-07-28
CMS,COMPLETED,0.7222,RETURN_ON_ASSETS,0.025083,FRACTION,TRAILING_TWELVE_MONTHS,2026-06-30,NetIncomeLoss Assets,10-Q,2026-07-28
CMS,COMPLETED,0.7222,CURRENT_RATIO,0.935684,RATIO,POINT_IN_TIME,2026-06-30,AssetsCurrent LiabilitiesCurrent,10-Q,2026-07-28
CMS,COMPLETED,0.7222,REVENUE_GROWTH,-0.002215,FRACTION,FISCAL_YEAR,2025-12-31,Revenues Revenues,10-K,2026-02-10
CMS,COMPLETED,0.7222,NET_INCOME_GROWTH,0.085645,FRACTION,FISCAL_YEAR,2025-12-31,NetIncomeLoss NetIncomeLoss,10-K,2026-02-10
CMS,COMPLETED,0.7222,SHARE_COUNT_GROWTH,0.015816,FRACTION,FISCAL_YEAR,2025-12-31,WeightedAverageNumberOfDilutedSharesOutstanding WeightedAverageNumberOfDilutedSharesOutstanding,10-K,2026-02-10
CMS,COMPLETED,0.7222,MARKET_CAPITALIZATION,21407911074.719997,CURRENCY,POINT_IN_TIME,2026-07-13,EntityCommonStockSharesOutstanding,10-Q,2026-07-28
CMS,COMPLETED,0.7222,PRICE_EARNINGS_RATIO,20.865410,RATIO,TRAILING_TWELVE_MONTHS,2026-06-30,EntityCommonStockSharesOutstanding NetIncomeLoss,10-Q,2026-07-28
CMS,COMPLETED,0.7222,PRICE_SALES_RATIO,2.429129,RATIO,TRAILING_TWELVE_MONTHS,2026-06-30,EntityCommonStockSharesOutstanding Revenues,10-Q,2026-07-28
CNC,COMPLETED,0.8889,REVENUE,202938000000.000000,CURRENCY,TRAILING_TWELVE_MONTHS,2026-06-30,Revenues,10-Q,2026-07-28
CNC,COMPLETED,0.8889,NET_INCOME,-5100000000.000000,CURRENCY,TRAILING_TWELVE_MONTHS,2026-06-30,NetIncomeLoss,10-Q,2026-07-28
CNC,COMPLETED,0.8889,FREE_CASH_FLOW,8951000000.000000,CURRENCY,TRAILING_TWELVE_MONTHS,2026-06-30,NetCashProvidedByUsedInOperatingActivities PaymentsToAcquirePropertyPlantAndEquipment,10-Q,2026-07-28
CNC,COMPLETED,0.8889,FREE_CASH_FLOW_MARGIN,0.044107,FRACTION,TRAILING_TWELVE_MONTHS,2026-06-30,NetCashProvidedByUsedInOperatingActivities PaymentsToAcquirePropertyPlantAndEquipment Revenues,10-Q,2026-07-28
CNC,COMPLETED,0.8889,GROSS_MARGIN,0.079680,FRACTION,TRAILING_TWELVE_MONTHS,2026-06-30,GrossProfit Revenues,10-Q,2026-07-28
CNC,COMPLETED,0.8889,OPERATING_MARGIN,-0.027792,FRACTION,TRAILING_TWELVE_MONTHS,2026-06-30,OperatingIncomeLoss Revenues,10-Q,2026-07-28
CNC,COMPLETED,0.8889,NET_MARGIN,-0.025131,FRACTION,TRAILING_TWELVE_MONTHS,2026-06-30,NetIncomeLoss Revenues,10-Q,2026-07-28
CNC,COMPLETED,0.8889,RETURN_ON_EQUITY,-0.226044,FRACTION,TRAILING_TWELVE_MONTHS,2026-06-30,NetIncomeLoss StockholdersEquity,10-Q,2026-07-28
CNC,COMPLETED,0.8889,RETURN_ON_ASSETS,-0.061437,FRACTION,TRAILING_TWELVE_MONTHS,2026-06-30,NetIncomeLoss Assets,10-Q,2026-07-28
CNC,COMPLETED,0.8889,DEBT_TO_EQUITY,2.675073,RATIO,POINT_IN_TIME,2026-06-30,Liabilities StockholdersEquity,10-Q,2026-07-28
CNC,COMPLETED,0.8889,CURRENT_RATIO,1.145391,RATIO,POINT_IN_TIME,2026-06-30,AssetsCurrent LiabilitiesCurrent,10-Q,2026-07-28
CNC,COMPLETED,0.8889,REVENUE_GROWTH,0.104527,FRACTION,FISCAL_YEAR,2025-12-31,Revenues Revenues,10-K,2026-02-17
CNC,COMPLETED,0.8889,SHARE_COUNT_GROWTH,-0.049404,FRACTION,FISCAL_YEAR,2025-12-31,WeightedAverageNumberOfDilutedSharesOutstanding WeightedAverageNumberOfDilutedSharesOutstanding,10-K,2026-02-17
CNC,COMPLETED,0.8889,MARKET_CAPITALIZATION,32119554899.999996,CURRENCY,POINT_IN_TIME,2026-07-24,EntityCommonStockSharesOutstanding,10-Q,2026-07-28
CNC,COMPLETED,0.8889,PRICE_SALES_RATIO,0.158273,RATIO,TRAILING_TWELVE_MONTHS,2026-06-30,EntityCommonStockSharesOutstanding Revenues,10-Q,2026-07-28
CNC,COMPLETED,0.8889,PRICE_FREE_CASH_FLOW_RATIO,3.588376,RATIO,TRAILING_TWELVE_MONTHS,2026-06-30,EntityCommonStockSharesOutstanding NetCashProvidedByUsedInOperatingActivities PaymentsToAcquirePropertyPlantAndEquipment,10-Q,2026-07-28
COO,COMPLETED,1.0000,REVENUE,4231000000.000000,CURRENCY,TRAILING_TWELVE_MONTHS,2026-04-30,RevenueFromContractWithCustomerExcludingAssessedTax,10-Q,2026-06-05
COO,COMPLETED,1.0000,NET_INCOME,235800000.000000,CURRENCY,TRAILING_TWELVE_MONTHS,2026-04-30,NetIncomeLoss,10-Q,2026-06-05
COO,COMPLETED,1.0000,FREE_CASH_FLOW,569500000.000000,CURRENCY,TRAILING_TWELVE_MONTHS,2026-04-30,NetCashProvidedByUsedInOperatingActivities PaymentsToAcquirePropertyPlantAndEquipment,10-Q,2026-06-05
COO,COMPLETED,1.0000,FREE_CASH_FLOW_MARGIN,0.134602,FRACTION,TRAILING_TWELVE_MONTHS,2026-04-30,NetCashProvidedByUsedInOperatingActivities PaymentsToAcquirePropertyPlantAndEquipment RevenueFromContractWithCustomerExcludingAssessedTax,10-Q,2026-06-05
COO,COMPLETED,1.0000,GROSS_MARGIN,0.655495,FRACTION,TRAILING_TWELVE_MONTHS,2026-04-30,GrossProfit RevenueFromContractWithCustomerExcludingAssessedTax,10-Q,2026-06-05
COO,COMPLETED,1.0000,OPERATING_MARGIN,0.117679,FRACTION,TRAILING_TWELVE_MONTHS,2026-04-30,OperatingIncomeLoss RevenueFromContractWithCustomerExcludingAssessedTax,10-Q,2026-06-05
COO,COMPLETED,1.0000,NET_MARGIN,0.055732,FRACTION,TRAILING_TWELVE_MONTHS,2026-04-30,NetIncomeLoss RevenueFromContractWithCustomerExcludingAssessedTax,10-Q,2026-06-05
COO,COMPLETED,1.0000,RETURN_ON_EQUITY,0.028620,FRACTION,TRAILING_TWELVE_MONTHS,2026-04-30,NetIncomeLoss StockholdersEquity,10-Q,2026-06-05
COO,COMPLETED,1.0000,RETURN_ON_ASSETS,0.018891,FRACTION,TRAILING_TWELVE_MONTHS,2026-04-30,NetIncomeLoss Assets,10-Q,2026-06-05
COO,COMPLETED,1.0000,DEBT_TO_EQUITY,0.515020,RATIO,POINT_IN_TIME,2026-04-30,Liabilities StockholdersEquity,10-Q,2026-06-05
COO,COMPLETED,1.0000,CURRENT_RATIO,1.274339,RATIO,POINT_IN_TIME,2026-04-30,AssetsCurrent LiabilitiesCurrent,10-Q,2026-06-05
COO,COMPLETED,1.0000,REVENUE_GROWTH,0.073462,FRACTION,FISCAL_YEAR,2025-10-31,RevenueFromContractWithCustomerExcludingAssessedTax RevenueFromContractWithCustomerExcludingAssessedTax,10-K,2025-12-05
COO,COMPLETED,1.0000,NET_INCOME_GROWTH,-0.009508,FRACTION,FISCAL_YEAR,2025-10-31,NetIncomeLoss NetIncomeLoss,10-K,2025-12-05
COO,COMPLETED,1.0000,SHARE_COUNT_GROWTH,0.001755,FRACTION,FISCAL_YEAR,2025-10-31,WeightedAverageNumberOfDilutedSharesOutstanding WeightedAverageNumberOfDilutedSharesOutstanding,10-K,2025-12-05
COO,COMPLETED,1.0000,MARKET_CAPITALIZATION,14869135231.199999,CURRENCY,POINT_IN_TIME,2026-06-01,EntityCommonStockSharesOutstanding,10-Q,2026-06-05
COO,COMPLETED,1.0000,PRICE_EARNINGS_RATIO,63.058249,RATIO,TRAILING_TWELVE_MONTHS,2026-04-30,EntityCommonStockSharesOutstanding NetIncomeLoss,10-Q,2026-06-05
COO,COMPLETED,1.0000,PRICE_SALES_RATIO,3.514331,RATIO,TRAILING_TWELVE_MONTHS,2026-04-30,EntityCommonStockSharesOutstanding RevenueFromContractWithCustomerExcludingAssessedTax,10-Q,2026-06-05
COO,COMPLETED,1.0000,PRICE_FREE_CASH_FLOW_RATIO,26.109105,RATIO,TRAILING_TWELVE_MONTHS,2026-04-30,EntityCommonStockSharesOutstanding NetCashProvidedByUsedInOperatingActivities PaymentsToAcquirePropertyPlantAndEquipment,10-Q,2026-06-05
COR,COMPLETED,0.9444,REVENUE,332771323000.000000,CURRENCY,TRAILING_TWELVE_MONTHS,2026-06-30,Revenues,10-Q,2026-08-05
COR,COMPLETED,0.9444,NET_INCOME,2624793000.000000,CURRENCY,TRAILING_TWELVE_MONTHS,2026-06-30,NetIncomeLoss,10-Q,2026-08-05
COR,COMPLETED,0.9444,FREE_CASH_FLOW,4060102000.000000,CURRENCY,TRAILING_TWELVE_MONTHS,2026-06-30,NetCashProvidedByUsedInOperatingActivities PaymentsToAcquirePropertyPlantAndEquipment,10-Q,2026-08-05
COR,COMPLETED,0.9444,FREE_CASH_FLOW_MARGIN,0.012201,FRACTION,TRAILING_TWELVE_MONTHS,2026-06-30,NetCashProvidedByUsedInOperatingActivities PaymentsToAcquirePropertyPlantAndEquipment Revenues,10-Q,2026-08-05
COR,COMPLETED,0.9444,GROSS_MARGIN,0.039731,FRACTION,TRAILING_TWELVE_MONTHS,2026-06-30,GrossProfit Revenues,10-Q,2026-08-05
COR,COMPLETED,0.9444,OPERATING_MARGIN,0.009141,FRACTION,TRAILING_TWELVE_MONTHS,2026-06-30,OperatingIncomeLoss Revenues,10-Q,2026-08-05
COR,COMPLETED,0.9444,NET_MARGIN,0.007888,FRACTION,TRAILING_TWELVE_MONTHS,2026-06-30,NetIncomeLoss Revenues,10-Q,2026-08-05
COR,COMPLETED,0.9444,RETURN_ON_EQUITY,0.860318,FRACTION,TRAILING_TWELVE_MONTHS,2026-06-30,NetIncomeLoss StockholdersEquity,10-Q,2026-08-05
COR,COMPLETED,0.9444,RETURN_ON_ASSETS,0.031320,FRACTION,TRAILING_TWELVE_MONTHS,2026-06-30,NetIncomeLoss Assets,10-Q,2026-08-05
COR,COMPLETED,0.9444,CURRENT_RATIO,0.934761,RATIO,POINT_IN_TIME,2026-06-30,AssetsCurrent LiabilitiesCurrent,10-Q,2026-08-05
COR,COMPLETED,0.9444,REVENUE_GROWTH,0.104340,FRACTION,FISCAL_YEAR,2025-09-30,Revenues Revenues,10-K,2025-11-25
COR,COMPLETED,0.9444,NET_INCOME_GROWTH,-0.029229,FRACTION,FISCAL_YEAR,2025-09-30,NetIncomeLoss NetIncomeLoss,10-K,2025-11-25
COR,COMPLETED,0.9444,SHARE_COUNT_GROWTH,-0.023185,FRACTION,FISCAL_YEAR,2025-09-30,WeightedAverageNumberOfDilutedSharesOutstanding WeightedAverageNumberOfDilutedSharesOutstanding,10-K,2025-11-25
COR,COMPLETED,0.9444,MARKET_CAPITALIZATION,60719295631.349998,CURRENCY,POINT_IN_TIME,2026-07-31,EntityCommonStockSharesOutstanding,10-Q,2026-08-05
COR,COMPLETED,0.9444,PRICE_EARNINGS_RATIO,23.132984,RATIO,TRAILING_TWELVE_MONTHS,2026-06-30,EntityCommonStockSharesOutstanding NetIncomeLoss,10-Q,2026-08-05
COR,COMPLETED,0.9444,PRICE_SALES_RATIO,0.182466,RATIO,TRAILING_TWELVE_MONTHS,2026-06-30,EntityCommonStockSharesOutstanding Revenues,10-Q,2026-08-05
COR,COMPLETED,0.9444,PRICE_FREE_CASH_FLOW_RATIO,14.955116,RATIO,TRAILING_TWELVE_MONTHS,2026-06-30,EntityCommonStockSharesOutstanding NetCashProvidedByUsedInOperatingActivities PaymentsToAcquirePropertyPlantAndEquipment,10-Q,2026-08-05
COST,COMPLETED,0.9444,REVENUE,293587000000.000000,CURRENCY,TRAILING_TWELVE_MONTHS,2026-05-10,RevenueFromContractWithCustomerExcludingAssessedTax,10-Q,2026-06-03
COST,COMPLETED,0.9444,NET_INCOME,8838000000.000000,CURRENCY,TRAILING_TWELVE_MONTHS,2026-05-10,NetIncomeLoss,10-Q,2026-06-03
COST,COMPLETED,0.9444,FREE_CASH_FLOW,8806000000.000000,CURRENCY,TRAILING_TWELVE_MONTHS,2026-05-10,NetCashProvidedByUsedInOperatingActivities PaymentsToAcquirePropertyPlantAndEquipment,10-Q,2026-06-03
COST,COMPLETED,0.9444,FREE_CASH_FLOW_MARGIN,0.029995,FRACTION,TRAILING_TWELVE_MONTHS,2026-05-10,NetCashProvidedByUsedInOperatingActivities PaymentsToAcquirePropertyPlantAndEquipment RevenueFromContractWithCustomerExcludingAssessedTax,10-Q,2026-06-03
COST,COMPLETED,0.9444,OPERATING_MARGIN,0.038234,FRACTION,TRAILING_TWELVE_MONTHS,2026-05-10,OperatingIncomeLoss RevenueFromContractWithCustomerExcludingAssessedTax,10-Q,2026-06-03
COST,COMPLETED,0.9444,NET_MARGIN,0.030104,FRACTION,TRAILING_TWELVE_MONTHS,2026-05-10,NetIncomeLoss RevenueFromContractWithCustomerExcludingAssessedTax,10-Q,2026-06-03
COST,COMPLETED,0.9444,RETURN_ON_EQUITY,0.263750,FRACTION,TRAILING_TWELVE_MONTHS,2026-05-10,NetIncomeLoss StockholdersEquity,10-Q,2026-06-03
COST,COMPLETED,0.9444,RETURN_ON_ASSETS,0.102256,FRACTION,TRAILING_TWELVE_MONTHS,2026-05-10,NetIncomeLoss Assets,10-Q,2026-06-03
COST,COMPLETED,0.9444,DEBT_TO_EQUITY,1.579307,RATIO,POINT_IN_TIME,2026-05-10,Liabilities StockholdersEquity,10-Q,2026-06-03
COST,COMPLETED,0.9444,CURRENT_RATIO,1.072451,RATIO,POINT_IN_TIME,2026-05-10,AssetsCurrent LiabilitiesCurrent,10-Q,2026-06-03
COST,COMPLETED,0.9444,REVENUE_GROWTH,0.066404,FRACTION,FISCAL_YEAR,2025-08-31,Revenues Revenues,10-K,2025-10-08
COST,COMPLETED,0.9444,NET_INCOME_GROWTH,0.114912,FRACTION,FISCAL_YEAR,2025-08-31,NetIncomeLoss NetIncomeLoss,10-K,2025-10-08
COST,COMPLETED,0.9444,SHARE_COUNT_GROWTH,0.000395,FRACTION,FISCAL_YEAR,2025-08-31,WeightedAverageNumberOfDilutedSharesOutstanding WeightedAverageNumberOfDilutedSharesOutstanding,10-K,2025-10-08
COST,COMPLETED,0.9444,MARKET_CAPITALIZATION,420382427887.679993,CURRENCY,POINT_IN_TIME,2026-05-27,EntityCommonStockSharesOutstanding,10-Q,2026-06-03
COST,COMPLETED,0.9444,PRICE_EARNINGS_RATIO,47.565335,RATIO,TRAILING_TWELVE_MONTHS,2026-05-10,EntityCommonStockSharesOutstanding NetIncomeLoss,10-Q,2026-06-03
COST,COMPLETED,0.9444,PRICE_SALES_RATIO,1.431884,RATIO,TRAILING_TWELVE_MONTHS,2026-05-10,EntityCommonStockSharesOutstanding RevenueFromContractWithCustomerExcludingAssessedTax,10-Q,2026-06-03
COST,COMPLETED,0.9444,PRICE_FREE_CASH_FLOW_RATIO,47.738182,RATIO,TRAILING_TWELVE_MONTHS,2026-05-10,EntityCommonStockSharesOutstanding NetCashProvidedByUsedInOperatingActivities PaymentsToAcquirePropertyPlantAndEquipment,10-Q,2026-06-03
CPAY,COMPLETED,0.8889,REVENUE,5020502000.000000,CURRENCY,TRAILING_TWELVE_MONTHS,2026-06-30,Revenues,10-Q,2026-08-10
CPAY,COMPLETED,0.8889,NET_INCOME,1140798000.000000,CURRENCY,TRAILING_TWELVE_MONTHS,2026-06-30,NetIncomeLoss,10-Q,2026-08-10
CPAY,COMPLETED,0.8889,FREE_CASH_FLOW,1638406000.000000,CURRENCY,TRAILING_TWELVE_MONTHS,2026-06-30,NetCashProvidedByUsedInOperatingActivities PaymentsToAcquirePropertyPlantAndEquipment,10-Q,2026-08-10
CPAY,COMPLETED,0.8889,FREE_CASH_FLOW_MARGIN,0.326343,FRACTION,TRAILING_TWELVE_MONTHS,2026-06-30,NetCashProvidedByUsedInOperatingActivities PaymentsToAcquirePropertyPlantAndEquipment Revenues,10-Q,2026-08-10
CPAY,COMPLETED,0.8889,OPERATING_MARGIN,0.437413,FRACTION,TRAILING_TWELVE_MONTHS,2026-06-30,OperatingIncomeLoss Revenues,10-Q,2026-08-10
CPAY,COMPLETED,0.8889,NET_MARGIN,0.227228,FRACTION,TRAILING_TWELVE_MONTHS,2026-06-30,NetIncomeLoss Revenues,10-Q,2026-08-10
CPAY,COMPLETED,0.8889,RETURN_ON_EQUITY,0.322088,FRACTION,TRAILING_TWELVE_MONTHS,2026-06-30,NetIncomeLoss StockholdersEquity,10-Q,2026-08-10
CPAY,COMPLETED,0.8889,RETURN_ON_ASSETS,0.040419,FRACTION,TRAILING_TWELVE_MONTHS,2026-06-30,NetIncomeLoss Assets,10-Q,2026-08-10
CPAY,COMPLETED,0.8889,CURRENT_RATIO,0.971985,RATIO,POINT_IN_TIME,2026-06-30,AssetsCurrent LiabilitiesCurrent,10-Q,2026-08-10
CPAY,COMPLETED,0.8889,REVENUE_GROWTH,0.097332,FRACTION,FISCAL_YEAR,2025-12-31,Revenues Revenues,10-K,2026-02-27
CPAY,COMPLETED,0.8889,NET_INCOME_GROWTH,0.038816,FRACTION,FISCAL_YEAR,2025-12-31,NetIncomeLoss NetIncomeLoss,10-K,2026-02-27
CPAY,COMPLETED,0.8889,SHARE_COUNT_GROWTH,-0.022632,FRACTION,FISCAL_YEAR,2025-12-31,WeightedAverageNumberOfDilutedSharesOutstanding WeightedAverageNumberOfDilutedSharesOutstanding,10-K,2026-02-27
CPAY,COMPLETED,0.8889,MARKET_CAPITALIZATION,27376113207.060001,CURRENCY,POINT_IN_TIME,2026-07-31,EntityCommonStockSharesOutstanding,10-Q,2026-08-10
CPAY,COMPLETED,0.8889,PRICE_EARNINGS_RATIO,23.997336,RATIO,TRAILING_TWELVE_MONTHS,2026-06-30,EntityCommonStockSharesOutstanding NetIncomeLoss,10-Q,2026-08-10
CPAY,COMPLETED,0.8889,PRICE_SALES_RATIO,5.452864,RATIO,TRAILING_TWELVE_MONTHS,2026-06-30,EntityCommonStockSharesOutstanding Revenues,10-Q,2026-08-10
CPAY,COMPLETED,0.8889,PRICE_FREE_CASH_FLOW_RATIO,16.708992,RATIO,TRAILING_TWELVE_MONTHS,2026-06-30,EntityCommonStockSharesOutstanding NetCashProvidedByUsedInOperatingActivities PaymentsToAcquirePropertyPlantAndEquipment,10-Q,2026-08-10
CPRT,COMPLETED,0.8333,REVENUE,4638867000.000000,CURRENCY,TRAILING_TWELVE_MONTHS,2026-04-30,RevenueFromContractWithCustomerIncludingAssessedTax,10-Q,2026-05-29
CPRT,COMPLETED,0.8333,NET_INCOME,1553201000.000000,CURRENCY,TRAILING_TWELVE_MONTHS,2026-04-30,NetIncomeLoss,10-Q,2026-05-29
CPRT,COMPLETED,0.8333,FREE_CASH_FLOW,1339233000.000000,CURRENCY,TRAILING_TWELVE_MONTHS,2026-04-30,NetCashProvidedByUsedInOperatingActivities PaymentsToAcquirePropertyPlantAndEquipment,10-Q,2026-05-29
CPRT,COMPLETED,0.8333,FREE_CASH_FLOW_MARGIN,0.288698,FRACTION,TRAILING_TWELVE_MONTHS,2026-04-30,NetCashProvidedByUsedInOperatingActivities PaymentsToAcquirePropertyPlantAndEquipment RevenueFromContractWithCustomerIncludingAssessedTax,10-Q,2026-05-29
CPRT,COMPLETED,0.8333,OPERATING_MARGIN,0.365666,FRACTION,TRAILING_TWELVE_MONTHS,2026-04-30,OperatingIncomeLoss RevenueFromContractWithCustomerIncludingAssessedTax,10-Q,2026-05-29
CPRT,COMPLETED,0.8333,NET_MARGIN,0.334823,FRACTION,TRAILING_TWELVE_MONTHS,2026-04-30,NetIncomeLoss RevenueFromContractWithCustomerIncludingAssessedTax,10-Q,2026-05-29
CPRT,COMPLETED,0.8333,RETURN_ON_ASSETS,0.160970,FRACTION,TRAILING_TWELVE_MONTHS,2026-04-30,NetIncomeLoss Assets,10-Q,2026-05-29
CPRT,COMPLETED,0.8333,CURRENT_RATIO,7.612703,RATIO,POINT_IN_TIME,2026-04-30,AssetsCurrent LiabilitiesCurrent,10-Q,2026-05-29
CPRT,COMPLETED,0.8333,REVENUE_GROWTH,0.098994,FRACTION,FISCAL_YEAR,2025-07-31,RevenueFromContractWithCustomerIncludingAssessedTax RevenueFromContractWithCustomerIncludingAssessedTax,10-K,2025-09-26
CPRT,COMPLETED,0.8333,NET_INCOME_GROWTH,0.125070,FRACTION,FISCAL_YEAR,2025-07-31,NetIncomeLoss NetIncomeLoss,10-K,2025-09-26
CPRT,COMPLETED,0.8333,SHARE_COUNT_GROWTH,0.005630,FRACTION,FISCAL_YEAR,2025-07-31,WeightedAverageNumberOfDilutedSharesOutstanding WeightedAverageNumberOfDilutedSharesOutstanding,10-K,2025-09-26
CPRT,COMPLETED,0.8333,MARKET_CAPITALIZATION,31301686206.420002,CURRENCY,POINT_IN_TIME,2026-05-27,EntityCommonStockSharesOutstanding,10-Q,2026-05-29
CPRT,COMPLETED,0.8333,PRICE_EARNINGS_RATIO,20.153017,RATIO,TRAILING_TWELVE_MONTHS,2026-04-30,EntityCommonStockSharesOutstanding NetIncomeLoss,10-Q,2026-05-29
CPRT,COMPLETED,0.8333,PRICE_SALES_RATIO,6.747701,RATIO,TRAILING_TWELVE_MONTHS,2026-04-30,EntityCommonStockSharesOutstanding RevenueFromContractWithCustomerIncludingAssessedTax,10-Q,2026-05-29
CPRT,COMPLETED,0.8333,PRICE_FREE_CASH_FLOW_RATIO,23.372846,RATIO,TRAILING_TWELVE_MONTHS,2026-04-30,EntityCommonStockSharesOutstanding NetCashProvidedByUsedInOperatingActivities PaymentsToAcquirePropertyPlantAndEquipment,10-Q,2026-05-29
CRWD,COMPLETED,0.9444,REVENUE,5396145000.000000,CURRENCY,TRAILING_TWELVE_MONTHS,2026-07-31,RevenueFromContractWithCustomerIncludingAssessedTax,10-Q,2026-08-27
CRWD,COMPLETED,0.9444,NET_INCOME,44995000.000000,CURRENCY,TRAILING_TWELVE_MONTHS,2026-07-31,NetIncomeLoss,10-Q,2026-08-27
CRWD,COMPLETED,0.9444,FREE_CASH_FLOW,1608718000.000000,CURRENCY,TRAILING_TWELVE_MONTHS,2026-07-31,NetCashProvidedByUsedInOperatingActivities PaymentsToAcquirePropertyPlantAndEquipment,10-Q,2026-08-27
CRWD,COMPLETED,0.9444,FREE_CASH_FLOW_MARGIN,0.298124,FRACTION,TRAILING_TWELVE_MONTHS,2026-07-31,NetCashProvidedByUsedInOperatingActivities PaymentsToAcquirePropertyPlantAndEquipment RevenueFromContractWithCustomerIncludingAssessedTax,10-Q,2026-08-27
CRWD,COMPLETED,0.9444,GROSS_MARGIN,0.751900,FRACTION,TRAILING_TWELVE_MONTHS,2026-07-31,GrossProfit RevenueFromContractWithCustomerIncludingAssessedTax,10-Q,2026-08-27
CRWD,COMPLETED,0.9444,OPERATING_MARGIN,-0.024639,FRACTION,TRAILING_TWELVE_MONTHS,2026-07-31,OperatingIncomeLoss RevenueFromContractWithCustomerIncludingAssessedTax,10-Q,2026-08-27
CRWD,COMPLETED,0.9444,NET_MARGIN,0.008338,FRACTION,TRAILING_TWELVE_MONTHS,2026-07-31,NetIncomeLoss RevenueFromContractWithCustomerIncludingAssessedTax,10-Q,2026-08-27
CRWD,COMPLETED,0.9444,RETURN_ON_EQUITY,0.008820,FRACTION,TRAILING_TWELVE_MONTHS,2026-07-31,NetIncomeLoss StockholdersEquity,10-Q,2026-08-27
CRWD,COMPLETED,0.9444,RETURN_ON_ASSETS,0.003742,FRACTION,TRAILING_TWELVE_MONTHS,2026-07-31,NetIncomeLoss Assets,10-Q,2026-08-27
CRWD,COMPLETED,0.9444,DEBT_TO_EQUITY,1.349637,RATIO,POINT_IN_TIME,2026-07-31,Liabilities StockholdersEquity,10-Q,2026-08-27
CRWD,COMPLETED,0.9444,CURRENT_RATIO,1.570128,RATIO,POINT_IN_TIME,2026-07-31,AssetsCurrent LiabilitiesCurrent,10-Q,2026-08-27
CRWD,COMPLETED,0.9444,REVENUE_GROWTH,0.290069,FRACTION,FISCAL_YEAR,2026-01-31,RevenueFromContractWithCustomerIncludingAssessedTax RevenueFromContractWithCustomerIncludingAssessedTax,10-K,2026-03-05
CRWD,COMPLETED,0.9444,SHARE_COUNT_GROWTH,0.014145,FRACTION,FISCAL_YEAR,2026-01-31,WeightedAverageNumberOfDilutedSharesOutstanding WeightedAverageNumberOfDilutedSharesOutstanding,10-K,2026-03-05
CRWD,COMPLETED,0.9444,MARKET_CAPITALIZATION,196544292921.899994,CURRENCY,POINT_IN_TIME,2026-08-20,EntityCommonStockSharesOutstanding,10-Q,2026-08-27
CRWD,COMPLETED,0.9444,PRICE_EARNINGS_RATIO,4368.136302,RATIO,TRAILING_TWELVE_MONTHS,2026-07-31,EntityCommonStockSharesOutstanding NetIncomeLoss,10-Q,2026-08-27
CRWD,COMPLETED,0.9444,PRICE_SALES_RATIO,36.423093,RATIO,TRAILING_TWELVE_MONTHS,2026-07-31,EntityCommonStockSharesOutstanding RevenueFromContractWithCustomerIncludingAssessedTax,10-Q,2026-08-27
CRWD,COMPLETED,0.9444,PRICE_FREE_CASH_FLOW_RATIO,122.174485,RATIO,TRAILING_TWELVE_MONTHS,2026-07-31,EntityCommonStockSharesOutstanding NetCashProvidedByUsedInOperatingActivities PaymentsToAcquirePropertyPlantAndEquipment,10-Q,2026-08-27
CSCO,COMPLETED,1.0000,REVENUE,60746000000.000000,CURRENCY,TRAILING_TWELVE_MONTHS,2026-04-25,RevenueFromContractWithCustomerExcludingAssessedTax,10-Q,2026-05-19
CSCO,COMPLETED,1.0000,NET_INCOME,11958000000.000000,CURRENCY,TRAILING_TWELVE_MONTHS,2026-04-25,NetIncomeLoss,10-Q,2026-05-19
CSCO,COMPLETED,1.0000,FREE_CASH_FLOW,11788000000.000000,CURRENCY,TRAILING_TWELVE_MONTHS,2026-04-25,NetCashProvidedByUsedInOperatingActivities PaymentsToAcquirePropertyPlantAndEquipment,10-Q,2026-05-19
CSCO,COMPLETED,1.0000,FREE_CASH_FLOW_MARGIN,0.194054,FRACTION,TRAILING_TWELVE_MONTHS,2026-04-25,NetCashProvidedByUsedInOperatingActivities PaymentsToAcquirePropertyPlantAndEquipment RevenueFromContractWithCustomerExcludingAssessedTax,10-Q,2026-05-19
CSCO,COMPLETED,1.0000,GROSS_MARGIN,0.643285,FRACTION,TRAILING_TWELVE_MONTHS,2026-04-25,GrossProfit RevenueFromContractWithCustomerExcludingAssessedTax,10-Q,2026-05-19
CSCO,COMPLETED,1.0000,OPERATING_MARGIN,0.233612,FRACTION,TRAILING_TWELVE_MONTHS,2026-04-25,OperatingIncomeLoss RevenueFromContractWithCustomerExcludingAssessedTax,10-Q,2026-05-19
CSCO,COMPLETED,1.0000,NET_MARGIN,0.196852,FRACTION,TRAILING_TWELVE_MONTHS,2026-04-25,NetIncomeLoss RevenueFromContractWithCustomerExcludingAssessedTax,10-Q,2026-05-19
CSCO,COMPLETED,1.0000,RETURN_ON_EQUITY,0.244735,FRACTION,TRAILING_TWELVE_MONTHS,2026-04-25,NetIncomeLoss StockholdersEquity,10-Q,2026-05-19
CSCO,COMPLETED,1.0000,RETURN_ON_ASSETS,0.095248,FRACTION,TRAILING_TWELVE_MONTHS,2026-04-25,NetIncomeLoss Assets,10-Q,2026-05-19
CSCO,COMPLETED,1.0000,DEBT_TO_EQUITY,1.569452,RATIO,POINT_IN_TIME,2026-04-25,Liabilities StockholdersEquity,10-Q,2026-05-19
CSCO,COMPLETED,1.0000,CURRENT_RATIO,0.924585,RATIO,POINT_IN_TIME,2026-04-25,AssetsCurrent LiabilitiesCurrent,10-Q,2026-05-19
CSCO,COMPLETED,1.0000,REVENUE_GROWTH,0.031924,FRACTION,FISCAL_YEAR,2025-07-26,RevenueFromContractWithCustomerExcludingAssessedTax RevenueFromContractWithCustomerExcludingAssessedTax,10-K,2025-09-03
CSCO,COMPLETED,1.0000,NET_INCOME_GROWTH,-0.048355,FRACTION,FISCAL_YEAR,2025-07-26,NetIncomeLoss NetIncomeLoss,10-K,2025-09-03
CSCO,COMPLETED,1.0000,SHARE_COUNT_GROWTH,-0.013119,FRACTION,FISCAL_YEAR,2025-07-26,WeightedAverageNumberOfDilutedSharesOutstanding WeightedAverageNumberOfDilutedSharesOutstanding,10-K,2025-09-03
CSCO,COMPLETED,1.0000,MARKET_CAPITALIZATION,437656905201.600037,CURRENCY,POINT_IN_TIME,2026-05-14,EntityCommonStockSharesOutstanding,10-Q,2026-05-19
CSCO,COMPLETED,1.0000,PRICE_EARNINGS_RATIO,36.599507,RATIO,TRAILING_TWELVE_MONTHS,2026-04-25,EntityCommonStockSharesOutstanding NetIncomeLoss,10-Q,2026-05-19
CSCO,COMPLETED,1.0000,PRICE_SALES_RATIO,7.204703,RATIO,TRAILING_TWELVE_MONTHS,2026-04-25,EntityCommonStockSharesOutstanding RevenueFromContractWithCustomerExcludingAssessedTax,10-Q,2026-05-19
CSCO,COMPLETED,1.0000,PRICE_FREE_CASH_FLOW_RATIO,37.127325,RATIO,TRAILING_TWELVE_MONTHS,2026-04-25,EntityCommonStockSharesOutstanding NetCashProvidedByUsedInOperatingActivities PaymentsToAcquirePropertyPlantAndEquipment,10-Q,2026-05-19
CSGP,COMPLETED,1.0000,REVENUE,3556000000.000000,CURRENCY,TRAILING_TWELVE_MONTHS,2026-06-30,RevenueFromContractWithCustomerExcludingAssessedTax,10-Q,2026-07-29
CSGP,COMPLETED,1.0000,NET_INCOME,74000000.000000,CURRENCY,TRAILING_TWELVE_MONTHS,2026-06-30,NetIncomeLoss,10-Q,2026-07-29
CSGP,COMPLETED,1.0000,FREE_CASH_FLOW,280000000.000000,CURRENCY,TRAILING_TWELVE_MONTHS,2026-06-30,NetCashProvidedByUsedInOperatingActivities PaymentsToAcquirePropertyPlantAndEquipment,10-Q,2026-07-29
CSGP,COMPLETED,1.0000,FREE_CASH_FLOW_MARGIN,0.078740,FRACTION,TRAILING_TWELVE_MONTHS,2026-06-30,NetCashProvidedByUsedInOperatingActivities PaymentsToAcquirePropertyPlantAndEquipment RevenueFromContractWithCustomerExcludingAssessedTax,10-Q,2026-07-29
CSGP,COMPLETED,1.0000,GROSS_MARGIN,0.786839,FRACTION,TRAILING_TWELVE_MONTHS,2026-06-30,GrossProfit RevenueFromContractWithCustomerExcludingAssessedTax,10-Q,2026-07-29
CSGP,COMPLETED,1.0000,OPERATING_MARGIN,0.021654,FRACTION,TRAILING_TWELVE_MONTHS,2026-06-30,OperatingIncomeLoss RevenueFromContractWithCustomerExcludingAssessedTax,10-Q,2026-07-29
CSGP,COMPLETED,1.0000,NET_MARGIN,0.020810,FRACTION,TRAILING_TWELVE_MONTHS,2026-06-30,NetIncomeLoss RevenueFromContractWithCustomerExcludingAssessedTax,10-Q,2026-07-29
CSGP,COMPLETED,1.0000,RETURN_ON_EQUITY,0.009329,FRACTION,TRAILING_TWELVE_MONTHS,2026-06-30,NetIncomeLoss StockholdersEquity,10-Q,2026-07-29
CSGP,COMPLETED,1.0000,RETURN_ON_ASSETS,0.007299,FRACTION,TRAILING_TWELVE_MONTHS,2026-06-30,NetIncomeLoss Assets,10-Q,2026-07-29
CSGP,COMPLETED,1.0000,DEBT_TO_EQUITY,0.276601,RATIO,POINT_IN_TIME,2026-06-30,Liabilities StockholdersEquity,10-Q,2026-07-29
CSGP,COMPLETED,1.0000,CURRENT_RATIO,2.214190,RATIO,POINT_IN_TIME,2026-06-30,AssetsCurrent LiabilitiesCurrent,10-Q,2026-07-29
CSGP,COMPLETED,1.0000,REVENUE_GROWTH,0.141605,FRACTION,FISCAL_YEAR,2025-12-31,RevenueFromContractWithCustomerExcludingAssessedTax RevenueFromContractWithCustomerExcludingAssessedTax,10-K,2026-02-26
CSGP,COMPLETED,1.0000,NET_INCOME_GROWTH,-0.733420,FRACTION,FISCAL_YEAR,2025-12-31,NetIncomeLoss NetIncomeLoss,10-K,2026-02-26
CSGP,COMPLETED,1.0000,SHARE_COUNT_GROWTH,0.016816,FRACTION,FISCAL_YEAR,2025-12-31,WeightedAverageNumberOfDilutedSharesOutstanding WeightedAverageNumberOfDilutedSharesOutstanding,10-K,2026-02-26
CSGP,COMPLETED,1.0000,MARKET_CAPITALIZATION,13075726164.760002,CURRENCY,POINT_IN_TIME,2026-07-27,EntityCommonStockSharesOutstanding,10-Q,2026-07-29
CSGP,COMPLETED,1.0000,PRICE_EARNINGS_RATIO,176.699002,RATIO,TRAILING_TWELVE_MONTHS,2026-06-30,EntityCommonStockSharesOutstanding NetIncomeLoss,10-Q,2026-07-29
CSGP,COMPLETED,1.0000,PRICE_SALES_RATIO,3.677088,RATIO,TRAILING_TWELVE_MONTHS,2026-06-30,EntityCommonStockSharesOutstanding RevenueFromContractWithCustomerExcludingAssessedTax,10-Q,2026-07-29
CSGP,COMPLETED,1.0000,PRICE_FREE_CASH_FLOW_RATIO,46.699022,RATIO,TRAILING_TWELVE_MONTHS,2026-06-30,EntityCommonStockSharesOutstanding NetCashProvidedByUsedInOperatingActivities PaymentsToAcquirePropertyPlantAndEquipment,10-Q,2026-07-29
CSL,COMPLETED,0.8889,REVENUE,5097000000.000000,CURRENCY,TRAILING_TWELVE_MONTHS,2026-06-30,RevenueFromContractWithCustomerExcludingAssessedTax,10-Q,2026-07-30
CSL,COMPLETED,0.8889,NET_INCOME,724500000.000000,CURRENCY,TRAILING_TWELVE_MONTHS,2026-06-30,NetIncomeLoss,10-Q,2026-07-30
CSL,COMPLETED,0.8889,FREE_CASH_FLOW,866600000.000000,CURRENCY,TRAILING_TWELVE_MONTHS,2026-06-30,NetCashProvidedByUsedInOperatingActivities PaymentsToAcquirePropertyPlantAndEquipment,10-Q,2026-07-30
CSL,COMPLETED,0.8889,FREE_CASH_FLOW_MARGIN,0.170022,FRACTION,TRAILING_TWELVE_MONTHS,2026-06-30,NetCashProvidedByUsedInOperatingActivities PaymentsToAcquirePropertyPlantAndEquipment RevenueFromContractWithCustomerExcludingAssessedTax,10-Q,2026-07-30
CSL,COMPLETED,0.8889,OPERATING_MARGIN,0.199470,FRACTION,TRAILING_TWELVE_MONTHS,2026-06-30,OperatingIncomeLoss RevenueFromContractWithCustomerExcludingAssessedTax,10-Q,2026-07-30
CSL,COMPLETED,0.8889,NET_MARGIN,0.142142,FRACTION,TRAILING_TWELVE_MONTHS,2026-06-30,NetIncomeLoss RevenueFromContractWithCustomerExcludingAssessedTax,10-Q,2026-07-30
CSL,COMPLETED,0.8889,RETURN_ON_EQUITY,0.447997,FRACTION,TRAILING_TWELVE_MONTHS,2026-06-30,NetIncomeLoss StockholdersEquity,10-Q,2026-07-30
CSL,COMPLETED,0.8889,RETURN_ON_ASSETS,0.116204,FRACTION,TRAILING_TWELVE_MONTHS,2026-06-30,NetIncomeLoss Assets,10-Q,2026-07-30
CSL,COMPLETED,0.8889,CURRENT_RATIO,2.600294,RATIO,POINT_IN_TIME,2026-06-30,AssetsCurrent LiabilitiesCurrent,10-Q,2026-07-30
CSL,COMPLETED,0.8889,REVENUE_GROWTH,-0.026994,FRACTION,FISCAL_YEAR,2025-12-31,Revenues RevenueFromContractWithCustomerExcludingAssessedTax,10-K,2026-02-13
CSL,COMPLETED,0.8889,NET_INCOME_GROWTH,-0.071055,FRACTION,FISCAL_YEAR,2025-12-31,NetIncomeLoss NetIncomeLoss,10-K,2026-02-13
CSL,COMPLETED,0.8889,SHARE_COUNT_GROWTH,-0.074180,FRACTION,FISCAL_YEAR,2025-12-31,WeightedAverageNumberOfDilutedSharesOutstanding WeightedAverageNumberOfDilutedSharesOutstanding,10-K,2026-02-13
CSL,COMPLETED,0.8889,MARKET_CAPITALIZATION,14606063834.740000,CURRENCY,POINT_IN_TIME,2026-07-23,EntityCommonStockSharesOutstanding,10-Q,2026-07-30
CSL,COMPLETED,0.8889,PRICE_EARNINGS_RATIO,20.160199,RATIO,TRAILING_TWELVE_MONTHS,2026-06-30,EntityCommonStockSharesOutstanding NetIncomeLoss,10-Q,2026-07-30
CSL,COMPLETED,0.8889,PRICE_SALES_RATIO,2.865620,RATIO,TRAILING_TWELVE_MONTHS,2026-06-30,EntityCommonStockSharesOutstanding RevenueFromContractWithCustomerExcludingAssessedTax,10-Q,2026-07-30
CSL,COMPLETED,0.8889,PRICE_FREE_CASH_FLOW_RATIO,16.854447,RATIO,TRAILING_TWELVE_MONTHS,2026-06-30,EntityCommonStockSharesOutstanding NetCashProvidedByUsedInOperatingActivities PaymentsToAcquirePropertyPlantAndEquipment,10-Q,2026-07-30
CTAS,COMPLETED,0.9444,REVENUE,11264761000.000000,CURRENCY,FISCAL_YEAR,2026-05-31,RevenueFromContractWithCustomerExcludingAssessedTax,10-K,2026-07-29
CTAS,COMPLETED,0.9444,NET_INCOME,1999968000.000000,CURRENCY,FISCAL_YEAR,2026-05-31,NetIncomeLoss,10-K,2026-07-29
CTAS,COMPLETED,0.9444,FREE_CASH_FLOW,1881175000.000000,CURRENCY,FISCAL_YEAR,2026-05-31,NetCashProvidedByUsedInOperatingActivities PaymentsToAcquirePropertyPlantAndEquipment,10-K,2026-07-29
CTAS,COMPLETED,0.9444,FREE_CASH_FLOW_MARGIN,0.166996,FRACTION,FISCAL_YEAR,2026-05-31,NetCashProvidedByUsedInOperatingActivities PaymentsToAcquirePropertyPlantAndEquipment RevenueFromContractWithCustomerExcludingAssessedTax,10-K,2026-07-29
CTAS,COMPLETED,0.9444,GROSS_MARGIN,0.506695,FRACTION,FISCAL_YEAR,2026-05-31,GrossProfit RevenueFromContractWithCustomerExcludingAssessedTax,10-K,2026-07-29
CTAS,COMPLETED,0.9444,OPERATING_MARGIN,0.231386,FRACTION,FISCAL_YEAR,2026-05-31,OperatingIncomeLoss RevenueFromContractWithCustomerExcludingAssessedTax,10-K,2026-07-29
CTAS,COMPLETED,0.9444,NET_MARGIN,0.177542,FRACTION,FISCAL_YEAR,2026-05-31,NetIncomeLoss RevenueFromContractWithCustomerExcludingAssessedTax,10-K,2026-07-29
CTAS,COMPLETED,0.9444,RETURN_ON_EQUITY,0.389107,FRACTION,FISCAL_YEAR,2026-05-31,NetIncomeLoss StockholdersEquity,10-K,2026-07-29
CTAS,COMPLETED,0.9444,RETURN_ON_ASSETS,0.189946,FRACTION,FISCAL_YEAR,2026-05-31,NetIncomeLoss Assets,10-K,2026-07-29
CTAS,COMPLETED,0.9444,CURRENT_RATIO,1.433979,RATIO,POINT_IN_TIME,2026-05-31,AssetsCurrent LiabilitiesCurrent,10-K,2026-07-29
CTAS,COMPLETED,0.9444,REVENUE_GROWTH,0.085144,FRACTION,FISCAL_YEAR,2026-05-31,RevenueFromContractWithCustomerExcludingAssessedTax RevenueFromContractWithCustomerExcludingAssessedTax,10-K,2026-07-29
CTAS,COMPLETED,0.9444,NET_INCOME_GROWTH,0.140539,FRACTION,FISCAL_YEAR,2026-05-31,NetIncomeLoss NetIncomeLoss,10-K,2026-07-29
CTAS,COMPLETED,0.9444,SHARE_COUNT_GROWTH,-0.008832,FRACTION,FISCAL_YEAR,2026-05-31,WeightedAverageNumberOfDilutedSharesOutstanding WeightedAverageNumberOfDilutedSharesOutstanding,10-K,2026-07-29
CTAS,COMPLETED,0.9444,MARKET_CAPITALIZATION,81566561618.630005,CURRENCY,POINT_IN_TIME,2026-06-30,EntityCommonStockSharesOutstanding,10-K,2026-07-29
CTAS,COMPLETED,0.9444,PRICE_EARNINGS_RATIO,40.783933,RATIO,FISCAL_YEAR,2026-05-31,EntityCommonStockSharesOutstanding NetIncomeLoss,10-K,2026-07-29
CTAS,COMPLETED,0.9444,PRICE_SALES_RATIO,7.240860,RATIO,FISCAL_YEAR,2026-05-31,EntityCommonStockSharesOutstanding RevenueFromContractWithCustomerExcludingAssessedTax,10-K,2026-07-29
CTAS,COMPLETED,0.9444,PRICE_FREE_CASH_FLOW_RATIO,43.359369,RATIO,FISCAL_YEAR,2026-05-31,EntityCommonStockSharesOutstanding NetCashProvidedByUsedInOperatingActivities PaymentsToAcquirePropertyPlantAndEquipment,10-K,2026-07-29
CTSH,COMPLETED,0.9444,REVENUE,21406000000.000000,CURRENCY,TRAILING_TWELVE_MONTHS,2026-03-31,Revenues,10-Q,2026-04-29
CTSH,COMPLETED,0.9444,NET_INCOME,2229000000.000000,CURRENCY,TRAILING_TWELVE_MONTHS,2026-03-31,NetIncomeLoss,10-Q,2026-04-29
CTSH,COMPLETED,0.9444,FREE_CASH_FLOW,2470000000.000000,CURRENCY,TRAILING_TWELVE_MONTHS,2026-03-31,NetCashProvidedByUsedInOperatingActivities PaymentsToAcquirePropertyPlantAndEquipment,10-Q,2026-04-29
CTSH,COMPLETED,0.9444,FREE_CASH_FLOW_MARGIN,0.115388,FRACTION,TRAILING_TWELVE_MONTHS,2026-03-31,NetCashProvidedByUsedInOperatingActivities PaymentsToAcquirePropertyPlantAndEquipment Revenues,10-Q,2026-04-29
CTSH,COMPLETED,0.9444,OPERATING_MARGIN,0.157853,FRACTION,TRAILING_TWELVE_MONTHS,2026-03-31,OperatingIncomeLoss Revenues,10-Q,2026-04-29
CTSH,COMPLETED,0.9444,NET_MARGIN,0.104130,FRACTION,TRAILING_TWELVE_MONTHS,2026-03-31,NetIncomeLoss Revenues,10-Q,2026-04-29
CTSH,COMPLETED,0.9444,RETURN_ON_EQUITY,0.147929,FRACTION,TRAILING_TWELVE_MONTHS,2026-03-31,NetIncomeLoss StockholdersEquity,10-Q,2026-04-29
CTSH,COMPLETED,0.9444,RETURN_ON_ASSETS,0.108732,FRACTION,TRAILING_TWELVE_MONTHS,2026-03-31,NetIncomeLoss Assets,10-Q,2026-04-29
CTSH,COMPLETED,0.9444,DEBT_TO_EQUITY,0.360499,RATIO,POINT_IN_TIME,2026-03-31,Liabilities StockholdersEquity,10-Q,2026-04-29
CTSH,COMPLETED,0.9444,CURRENT_RATIO,2.225852,RATIO,POINT_IN_TIME,2026-03-31,AssetsCurrent LiabilitiesCurrent,10-Q,2026-04-29
CTSH,COMPLETED,0.9444,REVENUE_GROWTH,0.028031,FRACTION,FISCAL_YEAR,2025-12-31,Revenues Revenues,10-K,2026-02-12
CTSH,COMPLETED,0.9444,NET_INCOME_GROWTH,-0.008811,FRACTION,FISCAL_YEAR,2025-12-31,NetIncomeLoss NetIncomeLoss,10-K,2026-02-12
CTSH,COMPLETED,0.9444,SHARE_COUNT_GROWTH,-0.015969,FRACTION,FISCAL_YEAR,2025-12-31,WeightedAverageNumberOfDilutedSharesOutstanding WeightedAverageNumberOfDilutedSharesOutstanding,10-K,2026-02-12
CTSH,COMPLETED,0.9444,MARKET_CAPITALIZATION,29332520131.099998,CURRENCY,POINT_IN_TIME,2026-04-24,EntityCommonStockSharesOutstanding,10-Q,2026-04-29
CTSH,COMPLETED,0.9444,PRICE_EARNINGS_RATIO,13.159498,RATIO,TRAILING_TWELVE_MONTHS,2026-03-31,EntityCommonStockSharesOutstanding NetIncomeLoss,10-Q,2026-04-29
CTSH,COMPLETED,0.9444,PRICE_SALES_RATIO,1.370294,RATIO,TRAILING_TWELVE_MONTHS,2026-03-31,EntityCommonStockSharesOutstanding Revenues,10-Q,2026-04-29
CTSH,COMPLETED,0.9444,PRICE_FREE_CASH_FLOW_RATIO,11.875514,RATIO,TRAILING_TWELVE_MONTHS,2026-03-31,EntityCommonStockSharesOutstanding NetCashProvidedByUsedInOperatingActivities PaymentsToAcquirePropertyPlantAndEquipment,10-Q,2026-04-29
CVS,COMPLETED,0.9444,REVENUE,415086000000.000000,CURRENCY,TRAILING_TWELVE_MONTHS,2026-06-30,Revenues,10-Q,2026-08-05
CVS,COMPLETED,0.9444,NET_INCOME,4890000000.000000,CURRENCY,TRAILING_TWELVE_MONTHS,2026-06-30,NetIncomeLoss,10-Q,2026-08-05
CVS,COMPLETED,0.9444,FREE_CASH_FLOW,11758000000.000000,CURRENCY,TRAILING_TWELVE_MONTHS,2026-06-30,NetCashProvidedByUsedInOperatingActivities PaymentsToAcquirePropertyPlantAndEquipment,10-Q,2026-08-05
CVS,COMPLETED,0.9444,FREE_CASH_FLOW_MARGIN,0.028327,FRACTION,TRAILING_TWELVE_MONTHS,2026-06-30,NetCashProvidedByUsedInOperatingActivities PaymentsToAcquirePropertyPlantAndEquipment Revenues,10-Q,2026-08-05
CVS,COMPLETED,0.9444,OPERATING_MARGIN,0.019967,FRACTION,TRAILING_TWELVE_MONTHS,2026-06-30,OperatingIncomeLoss Revenues,10-Q,2026-08-05
CVS,COMPLETED,0.9444,NET_MARGIN,0.011781,FRACTION,TRAILING_TWELVE_MONTHS,2026-06-30,NetIncomeLoss Revenues,10-Q,2026-08-05
CVS,COMPLETED,0.9444,RETURN_ON_EQUITY,0.061354,FRACTION,TRAILING_TWELVE_MONTHS,2026-06-30,NetIncomeLoss StockholdersEquity,10-Q,2026-08-05
CVS,COMPLETED,0.9444,RETURN_ON_ASSETS,0.019270,FRACTION,TRAILING_TWELVE_MONTHS,2026-06-30,NetIncomeLoss Assets,10-Q,2026-08-05
CVS,COMPLETED,0.9444,DEBT_TO_EQUITY,2.181489,RATIO,POINT_IN_TIME,2026-06-30,Liabilities StockholdersEquity,10-Q,2026-08-05
CVS,COMPLETED,0.9444,CURRENT_RATIO,0.865638,RATIO,POINT_IN_TIME,2026-06-30,AssetsCurrent LiabilitiesCurrent,10-Q,2026-08-05
CVS,COMPLETED,0.9444,REVENUE_GROWTH,0.076311,FRACTION,FISCAL_YEAR,2025-12-31,Revenues Revenues,10-K,2026-02-10
CVS,COMPLETED,0.9444,NET_INCOME_GROWTH,-0.257035,FRACTION,FISCAL_YEAR,2025-12-31,NetIncomeLoss NetIncomeLoss,10-K,2026-02-10
CVS,COMPLETED,0.9444,SHARE_COUNT_GROWTH,-0.007392,FRACTION,FISCAL_YEAR,2025-12-31,WeightedAverageNumberOfDilutedSharesOutstanding WeightedAverageNumberOfDilutedSharesOutstanding,10-K,2026-02-10
CVS,COMPLETED,0.9444,MARKET_CAPITALIZATION,118957034020.690002,CURRENCY,POINT_IN_TIME,2026-07-29,EntityCommonStockSharesOutstanding,10-Q,2026-08-05
CVS,COMPLETED,0.9444,PRICE_EARNINGS_RATIO,24.326592,RATIO,TRAILING_TWELVE_MONTHS,2026-06-30,EntityCommonStockSharesOutstanding NetIncomeLoss,10-Q,2026-08-05
CVS,COMPLETED,0.9444,PRICE_SALES_RATIO,0.286584,RATIO,TRAILING_TWELVE_MONTHS,2026-06-30,EntityCommonStockSharesOutstanding Revenues,10-Q,2026-08-05
CVS,COMPLETED,0.9444,PRICE_FREE_CASH_FLOW_RATIO,10.117115,RATIO,TRAILING_TWELVE_MONTHS,2026-06-30,EntityCommonStockSharesOutstanding NetCashProvidedByUsedInOperatingActivities PaymentsToAcquirePropertyPlantAndEquipment,10-Q,2026-08-05
CVX,COMPLETED,0.8889,REVENUE,215261000000.000000,CURRENCY,TRAILING_TWELVE_MONTHS,2026-06-30,Revenues,10-Q,2026-08-06
CVX,COMPLETED,0.8889,NET_INCOME,20591000000.000000,CURRENCY,TRAILING_TWELVE_MONTHS,2026-06-30,NetIncomeLoss,10-Q,2026-08-06
CVX,COMPLETED,0.8889,FREE_CASH_FLOW,27012000000.000000,CURRENCY,TRAILING_TWELVE_MONTHS,2026-06-30,NetCashProvidedByUsedInOperatingActivities PaymentsToAcquireProductiveAssets,10-Q,2026-08-06
CVX,COMPLETED,0.8889,FREE_CASH_FLOW_MARGIN,0.125485,FRACTION,TRAILING_TWELVE_MONTHS,2026-06-30,NetCashProvidedByUsedInOperatingActivities PaymentsToAcquireProductiveAssets Revenues,10-Q,2026-08-06
CVX,COMPLETED,0.8889,NET_MARGIN,0.095656,FRACTION,TRAILING_TWELVE_MONTHS,2026-06-30,NetIncomeLoss Revenues,10-Q,2026-08-06
CVX,COMPLETED,0.8889,RETURN_ON_EQUITY,0.108440,FRACTION,TRAILING_TWELVE_MONTHS,2026-06-30,NetIncomeLoss StockholdersEquity,10-Q,2026-08-06
CVX,COMPLETED,0.8889,RETURN_ON_ASSETS,0.062371,FRACTION,TRAILING_TWELVE_MONTHS,2026-06-30,NetIncomeLoss Assets,10-Q,2026-08-06
CVX,COMPLETED,0.8889,DEBT_TO_EQUITY,0.708736,RATIO,POINT_IN_TIME,2026-06-30,Liabilities StockholdersEquity,10-Q,2026-08-06
CVX,COMPLETED,0.8889,CURRENT_RATIO,1.252160,RATIO,POINT_IN_TIME,2026-06-30,AssetsCurrent LiabilitiesCurrent,10-Q,2026-08-06
CVX,COMPLETED,0.8889,REVENUE_GROWTH,-0.084375,FRACTION,FISCAL_YEAR,2025-12-31,Revenues Revenues,10-K,2026-02-24
CVX,COMPLETED,0.8889,NET_INCOME_GROWTH,-0.297429,FRACTION,FISCAL_YEAR,2025-12-31,NetIncomeLoss NetIncomeLoss,10-K,2026-02-24
CVX,COMPLETED,0.8889,SHARE_COUNT_GROWTH,-0.006403,FRACTION,FISCAL_YEAR,2025-12-31,WeightedAverageNumberOfDilutedSharesOutstanding WeightedAverageNumberOfDilutedSharesOutstanding,10-K,2026-02-24
CVX,COMPLETED,0.8889,MARKET_CAPITALIZATION,405566569413.980042,CURRENCY,POINT_IN_TIME,2026-06-30,EntityCommonStockSharesOutstanding,10-Q,2026-08-06
CVX,COMPLETED,0.8889,PRICE_EARNINGS_RATIO,19.696303,RATIO,TRAILING_TWELVE_MONTHS,2026-06-30,EntityCommonStockSharesOutstanding NetIncomeLoss,10-Q,2026-08-06
CVX,COMPLETED,0.8889,PRICE_SALES_RATIO,1.884069,RATIO,TRAILING_TWELVE_MONTHS,2026-06-30,EntityCommonStockSharesOutstanding Revenues,10-Q,2026-08-06
CVX,COMPLETED,0.8889,PRICE_FREE_CASH_FLOW_RATIO,15.014311,RATIO,TRAILING_TWELVE_MONTHS,2026-06-30,EntityCommonStockSharesOutstanding NetCashProvidedByUsedInOperatingActivities PaymentsToAcquireProductiveAssets,10-Q,2026-08-06
DCI,COMPLETED,1.0000,REVENUE,3807500000.000000,CURRENCY,TRAILING_TWELVE_MONTHS,2026-04-30,RevenueFromContractWithCustomerIncludingAssessedTax,10-Q,2026-06-02
DCI,COMPLETED,1.0000,NET_INCOME,438800000.000000,CURRENCY,TRAILING_TWELVE_MONTHS,2026-04-30,NetIncomeLoss,10-Q,2026-06-02
DCI,COMPLETED,1.0000,FREE_CASH_FLOW,390500000.000000,CURRENCY,TRAILING_TWELVE_MONTHS,2026-04-30,NetCashProvidedByUsedInOperatingActivities PaymentsToAcquirePropertyPlantAndEquipment,10-Q,2026-06-02
DCI,COMPLETED,1.0000,FREE_CASH_FLOW_MARGIN,0.102561,FRACTION,TRAILING_TWELVE_MONTHS,2026-04-30,NetCashProvidedByUsedInOperatingActivities PaymentsToAcquirePropertyPlantAndEquipment RevenueFromContractWithCustomerIncludingAssessedTax,10-Q,2026-06-02
DCI,COMPLETED,1.0000,GROSS_MARGIN,0.341641,FRACTION,TRAILING_TWELVE_MONTHS,2026-04-30,GrossProfit RevenueFromContractWithCustomerIncludingAssessedTax,10-Q,2026-06-02
DCI,COMPLETED,1.0000,OPERATING_MARGIN,0.151018,FRACTION,TRAILING_TWELVE_MONTHS,2026-04-30,OperatingIncomeLoss RevenueFromContractWithCustomerIncludingAssessedTax,10-Q,2026-06-02
DCI,COMPLETED,1.0000,NET_MARGIN,0.115246,FRACTION,TRAILING_TWELVE_MONTHS,2026-04-30,NetIncomeLoss RevenueFromContractWithCustomerIncludingAssessedTax,10-Q,2026-06-02
DCI,COMPLETED,1.0000,RETURN_ON_EQUITY,0.258833,FRACTION,TRAILING_TWELVE_MONTHS,2026-04-30,NetIncomeLoss StockholdersEquity,10-Q,2026-06-02
DCI,COMPLETED,1.0000,RETURN_ON_ASSETS,0.142121,FRACTION,TRAILING_TWELVE_MONTHS,2026-04-30,NetIncomeLoss Assets,10-Q,2026-06-02
DCI,COMPLETED,1.0000,DEBT_TO_EQUITY,0.821212,RATIO,POINT_IN_TIME,2026-04-30,Liabilities StockholdersEquity,10-Q,2026-06-02
DCI,COMPLETED,1.0000,CURRENT_RATIO,2.352730,RATIO,POINT_IN_TIME,2026-04-30,AssetsCurrent LiabilitiesCurrent,10-Q,2026-06-02
DCI,COMPLETED,1.0000,REVENUE_GROWTH,0.037330,FRACTION,FISCAL_YEAR,2025-07-31,RevenueFromContractWithCustomerIncludingAssessedTax RevenueFromContractWithCustomerIncludingAssessedTax,10-K,2025-09-26
DCI,COMPLETED,1.0000,NET_INCOME_GROWTH,0.033144,FRACTION,FISCAL_YEAR,2025-07-31,NetIncomeLoss NetIncomeLoss,10-K,2025-09-26
DCI,COMPLETED,1.0000,SHARE_COUNT_GROWTH,-0.013030,FRACTION,FISCAL_YEAR,2025-07-31,WeightedAverageNumberOfDilutedSharesOutstanding WeightedAverageNumberOfDilutedSharesOutstanding,10-K,2025-09-26
DCI,COMPLETED,1.0000,MARKET_CAPITALIZATION,10808705972.000000,CURRENCY,POINT_IN_TIME,2026-05-21,EntityCommonStockSharesOutstanding,10-Q,2026-06-02
DCI,COMPLETED,1.0000,PRICE_EARNINGS_RATIO,24.632420,RATIO,TRAILING_TWELVE_MONTHS,2026-04-30,EntityCommonStockSharesOutstanding NetIncomeLoss,10-Q,2026-06-02
DCI,COMPLETED,1.0000,PRICE_SALES_RATIO,2.838793,RATIO,TRAILING_TWELVE_MONTHS,2026-04-30,EntityCommonStockSharesOutstanding RevenueFromContractWithCustomerIncludingAssessedTax,10-Q,2026-06-02
DCI,COMPLETED,1.0000,PRICE_FREE_CASH_FLOW_RATIO,27.679145,RATIO,TRAILING_TWELVE_MONTHS,2026-04-30,EntityCommonStockSharesOutstanding NetCashProvidedByUsedInOperatingActivities PaymentsToAcquirePropertyPlantAndEquipment,10-Q,2026-06-02
DE,COMPLETED,0.8333,REVENUE,47983000000.000000,CURRENCY,TRAILING_TWELVE_MONTHS,2026-08-02,Revenues,10-Q,2026-08-27
DE,COMPLETED,0.8333,NET_INCOME,4873000000.000000,CURRENCY,TRAILING_TWELVE_MONTHS,2026-08-02,NetIncomeLoss,10-Q,2026-08-27
DE,COMPLETED,0.8333,FREE_CASH_FLOW,6021000000.000000,CURRENCY,TRAILING_TWELVE_MONTHS,2026-08-02,NetCashProvidedByUsedInOperatingActivities PaymentsToAcquirePropertyPlantAndEquipment,10-Q,2026-08-27
DE,COMPLETED,0.8333,FREE_CASH_FLOW_MARGIN,0.125482,FRACTION,TRAILING_TWELVE_MONTHS,2026-08-02,NetCashProvidedByUsedInOperatingActivities PaymentsToAcquirePropertyPlantAndEquipment Revenues,10-Q,2026-08-27
DE,COMPLETED,0.8333,NET_MARGIN,0.101557,FRACTION,TRAILING_TWELVE_MONTHS,2026-08-02,NetIncomeLoss Revenues,10-Q,2026-08-27
DE,COMPLETED,0.8333,RETURN_ON_EQUITY,0.174098,FRACTION,TRAILING_TWELVE_MONTHS,2026-08-02,NetIncomeLoss StockholdersEquity,10-Q,2026-08-27
DE,COMPLETED,0.8333,RETURN_ON_ASSETS,0.045285,FRACTION,TRAILING_TWELVE_MONTHS,2026-08-02,NetIncomeLoss Assets,10-Q,2026-08-27
DE,COMPLETED,0.8333,DEBT_TO_EQUITY,2.842658,RATIO,POINT_IN_TIME,2026-08-02,Liabilities StockholdersEquity,10-Q,2026-08-27
DE,COMPLETED,0.8333,REVENUE_GROWTH,-0.045763,FRACTION,FISCAL_YEAR,2025-11-02,Revenues Revenues,10-K,2025-12-18
DE,COMPLETED,0.8333,NET_INCOME_GROWTH,-0.110008,FRACTION,FISCAL_YEAR,2025-11-02,NetIncomeLoss NetIncomeLoss,10-K,2025-12-18
DE,COMPLETED,0.8333,SHARE_COUNT_GROWTH,-0.038018,FRACTION,FISCAL_YEAR,2025-11-02,WeightedAverageNumberOfDilutedSharesOutstanding WeightedAverageNumberOfDilutedSharesOutstanding,10-K,2025-12-18
DE,COMPLETED,0.8333,MARKET_CAPITALIZATION,174577061761.760010,CURRENCY,POINT_IN_TIME,2026-08-02,EntityCommonStockSharesOutstanding,10-Q,2026-08-27
DE,COMPLETED,0.8333,PRICE_EARNINGS_RATIO,35.825377,RATIO,TRAILING_TWELVE_MONTHS,2026-08-02,EntityCommonStockSharesOutstanding NetIncomeLoss,10-Q,2026-08-27
DE,COMPLETED,0.8333,PRICE_SALES_RATIO,3.638311,RATIO,TRAILING_TWELVE_MONTHS,2026-08-02,EntityCommonStockSharesOutstanding Revenues,10-Q,2026-08-27
DE,COMPLETED,0.8333,PRICE_FREE_CASH_FLOW_RATIO,28.994696,RATIO,TRAILING_TWELVE_MONTHS,2026-08-02,EntityCommonStockSharesOutstanding NetCashProvidedByUsedInOperatingActivities PaymentsToAcquirePropertyPlantAndEquipment,10-Q,2026-08-27
DELL,COMPLETED,0.6667,REVENUE,134002000000.000000,CURRENCY,TRAILING_TWELVE_MONTHS,2026-05-01,Revenues,10-Q,2026-06-09
DELL,COMPLETED,0.6667,NET_INCOME,8409000000.000000,CURRENCY,TRAILING_TWELVE_MONTHS,2026-05-01,NetIncomeLoss,10-Q,2026-06-09
DELL,COMPLETED,0.6667,FREE_CASH_FLOW,9442000000.000000,CURRENCY,TRAILING_TWELVE_MONTHS,2026-05-01,NetCashProvidedByUsedInOperatingActivities PaymentsToAcquirePropertyPlantAndEquipment,10-Q,2026-06-09
DELL,COMPLETED,0.6667,FREE_CASH_FLOW_MARGIN,0.070462,FRACTION,TRAILING_TWELVE_MONTHS,2026-05-01,NetCashProvidedByUsedInOperatingActivities PaymentsToAcquirePropertyPlantAndEquipment Revenues,10-Q,2026-06-09
DELL,COMPLETED,0.6667,GROSS_MARGIN,0.190684,FRACTION,TRAILING_TWELVE_MONTHS,2026-05-01,GrossProfit Revenues,10-Q,2026-06-09
DELL,COMPLETED,0.6667,OPERATING_MARGIN,0.079402,FRACTION,TRAILING_TWELVE_MONTHS,2026-05-01,OperatingIncomeLoss Revenues,10-Q,2026-06-09
DELL,COMPLETED,0.6667,NET_MARGIN,0.062753,FRACTION,TRAILING_TWELVE_MONTHS,2026-05-01,NetIncomeLoss Revenues,10-Q,2026-06-09
DELL,COMPLETED,0.6667,RETURN_ON_ASSETS,0.073177,FRACTION,TRAILING_TWELVE_MONTHS,2026-05-01,NetIncomeLoss Assets,10-Q,2026-06-09
DELL,COMPLETED,0.6667,CURRENT_RATIO,0.946500,RATIO,POINT_IN_TIME,2026-05-01,AssetsCurrent LiabilitiesCurrent,10-Q,2026-06-09
DELL,COMPLETED,0.6667,REVENUE_GROWTH,0.035350,FRACTION,FISCAL_YEAR,2026-01-30,Revenues Revenues,10-K,2026-03-16
DELL,COMPLETED,0.6667,NET_INCOME_GROWTH,0.344568,FRACTION,FISCAL_YEAR,2026-01-30,NetIncomeLoss NetIncomeLoss,10-K,2026-03-16
DELL,COMPLETED,0.6667,SHARE_COUNT_GROWTH,-0.035973,FRACTION,FISCAL_YEAR,2026-01-30,WeightedAverageNumberOfDilutedSharesOutstanding WeightedAverageNumberOfDilutedSharesOutstanding,10-K,2026-03-16
DHI,COMPLETED,0.8333,REVENUE,33350000000.000000,CURRENCY,TRAILING_TWELVE_MONTHS,2026-06-30,Revenues,10-Q,2026-07-23
DHI,COMPLETED,0.8333,NET_INCOME,3052900000.000000,CURRENCY,TRAILING_TWELVE_MONTHS,2026-06-30,NetIncomeLoss,10-Q,2026-07-23
DHI,COMPLETED,0.8333,FREE_CASH_FLOW,3202200000.000000,CURRENCY,TRAILING_TWELVE_MONTHS,2026-06-30,NetCashProvidedByUsedInOperatingActivities PaymentsToAcquirePropertyPlantAndEquipment,10-Q,2026-07-23
DHI,COMPLETED,0.8333,FREE_CASH_FLOW_MARGIN,0.096018,FRACTION,TRAILING_TWELVE_MONTHS,2026-06-30,NetCashProvidedByUsedInOperatingActivities PaymentsToAcquirePropertyPlantAndEquipment Revenues,10-Q,2026-07-23
DHI,COMPLETED,0.8333,NET_MARGIN,0.091541,FRACTION,TRAILING_TWELVE_MONTHS,2026-06-30,NetIncomeLoss Revenues,10-Q,2026-07-23
DHI,COMPLETED,0.8333,RETURN_ON_EQUITY,0.128168,FRACTION,TRAILING_TWELVE_MONTHS,2026-06-30,NetIncomeLoss StockholdersEquity,10-Q,2026-07-23
DHI,COMPLETED,0.8333,RETURN_ON_ASSETS,0.083615,FRACTION,TRAILING_TWELVE_MONTHS,2026-06-30,NetIncomeLoss Assets,10-Q,2026-07-23
DHI,COMPLETED,0.8333,DEBT_TO_EQUITY,0.508189,RATIO,POINT_IN_TIME,2026-06-30,Liabilities StockholdersEquity,10-Q,2026-07-23
DHI,COMPLETED,0.8333,REVENUE_GROWTH,0.007612,FRACTION,FISCAL_YEAR,2025-09-30,Revenues Revenues,10-K,2025-11-19
DHI,COMPLETED,0.8333,NET_INCOME_GROWTH,-0.150949,FRACTION,FISCAL_YEAR,2025-09-30,NetIncomeLoss NetIncomeLoss,10-K,2025-11-19
DHI,COMPLETED,0.8333,SHARE_COUNT_GROWTH,-0.049890,FRACTION,FISCAL_YEAR,2025-09-30,WeightedAverageNumberOfDilutedSharesOutstanding WeightedAverageNumberOfDilutedSharesOutstanding,10-K,2025-11-19
DHI,COMPLETED,0.8333,MARKET_CAPITALIZATION,41476900883.430000,CURRENCY,POINT_IN_TIME,2026-07-16,EntityCommonStockSharesOutstanding,10-Q,2026-07-23
DHI,COMPLETED,0.8333,PRICE_EARNINGS_RATIO,13.586066,RATIO,TRAILING_TWELVE_MONTHS,2026-06-30,EntityCommonStockSharesOutstanding NetIncomeLoss,10-Q,2026-07-23
DHI,COMPLETED,0.8333,PRICE_SALES_RATIO,1.243685,RATIO,TRAILING_TWELVE_MONTHS,2026-06-30,EntityCommonStockSharesOutstanding Revenues,10-Q,2026-07-23
DHI,COMPLETED,0.8333,PRICE_FREE_CASH_FLOW_RATIO,12.952627,RATIO,TRAILING_TWELVE_MONTHS,2026-06-30,EntityCommonStockSharesOutstanding NetCashProvidedByUsedInOperatingActivities PaymentsToAcquirePropertyPlantAndEquipment,10-Q,2026-07-23
DIS,COMPLETED,0.8889,REVENUE,98861000000.000000,CURRENCY,TRAILING_TWELVE_MONTHS,2026-06-27,Revenues,10-Q,2026-08-05
DIS,COMPLETED,0.8889,NET_INCOME,8600000000.000000,CURRENCY,TRAILING_TWELVE_MONTHS,2026-06-27,NetIncomeLoss,10-Q,2026-08-05
DIS,COMPLETED,0.8889,FREE_CASH_FLOW,8293000000.000000,CURRENCY,TRAILING_TWELVE_MONTHS,2026-06-27,NetCashProvidedByUsedInOperatingActivities PaymentsToAcquirePropertyPlantAndEquipment,10-Q,2026-08-05
DIS,COMPLETED,0.8889,FREE_CASH_FLOW_MARGIN,0.083885,FRACTION,TRAILING_TWELVE_MONTHS,2026-06-27,NetCashProvidedByUsedInOperatingActivities PaymentsToAcquirePropertyPlantAndEquipment Revenues,10-Q,2026-08-05
DIS,COMPLETED,0.8889,OPERATING_MARGIN,0.184481,FRACTION,TRAILING_TWELVE_MONTHS,2026-06-27,OperatingIncomeLoss Revenues,10-Q,2026-08-05
DIS,COMPLETED,0.8889,NET_MARGIN,0.086991,FRACTION,TRAILING_TWELVE_MONTHS,2026-06-27,NetIncomeLoss Revenues,10-Q,2026-08-05
DIS,COMPLETED,0.8889,RETURN_ON_EQUITY,0.078159,FRACTION,TRAILING_TWELVE_MONTHS,2026-06-27,NetIncomeLoss StockholdersEquity,10-Q,2026-08-05
DIS,COMPLETED,0.8889,RETURN_ON_ASSETS,0.042004,FRACTION,TRAILING_TWELVE_MONTHS,2026-06-27,NetIncomeLoss Assets,10-Q,2026-08-05
DIS,COMPLETED,0.8889,CURRENT_RATIO,0.709073,RATIO,POINT_IN_TIME,2026-06-27,AssetsCurrent LiabilitiesCurrent,10-Q,2026-08-05
DIS,COMPLETED,0.8889,REVENUE_GROWTH,0.045094,FRACTION,FISCAL_YEAR,2025-09-27,Revenues Revenues,10-K,2025-11-13
DIS,COMPLETED,0.8889,NET_INCOME_GROWTH,0.579963,FRACTION,FISCAL_YEAR,2025-09-27,NetIncomeLoss NetIncomeLoss,10-K,2025-11-13
DIS,COMPLETED,0.8889,SHARE_COUNT_GROWTH,-0.005205,FRACTION,FISCAL_YEAR,2025-09-27,WeightedAverageNumberOfDilutedSharesOutstanding WeightedAverageNumberOfDilutedSharesOutstanding,10-K,2025-11-13
DIS,COMPLETED,0.8889,MARKET_CAPITALIZATION,186102314297.559998,CURRENCY,POINT_IN_TIME,2026-07-29,EntityCommonStockSharesOutstanding,10-Q,2026-08-05
DIS,COMPLETED,0.8889,PRICE_EARNINGS_RATIO,21.639804,RATIO,TRAILING_TWELVE_MONTHS,2026-06-27,EntityCommonStockSharesOutstanding NetIncomeLoss,10-Q,2026-08-05
DIS,COMPLETED,0.8889,PRICE_SALES_RATIO,1.882464,RATIO,TRAILING_TWELVE_MONTHS,2026-06-27,EntityCommonStockSharesOutstanding Revenues,10-Q,2026-08-05
DIS,COMPLETED,0.8889,PRICE_FREE_CASH_FLOW_RATIO,22.440892,RATIO,TRAILING_TWELVE_MONTHS,2026-06-27,EntityCommonStockSharesOutstanding NetCashProvidedByUsedInOperatingActivities PaymentsToAcquirePropertyPlantAndEquipment,10-Q,2026-08-05
DLTR,COMPLETED,0.7778,REVENUE,20068700000.000000,CURRENCY,TRAILING_TWELVE_MONTHS,2026-08-01,Revenues,10-Q,2026-08-27
DLTR,COMPLETED,0.7778,NET_INCOME,1612500000.000000,CURRENCY,TRAILING_TWELVE_MONTHS,2026-08-01,NetIncomeLoss,10-Q,2026-08-27
DLTR,COMPLETED,0.7778,OPERATING_MARGIN,0.109693,FRACTION,TRAILING_TWELVE_MONTHS,2026-08-01,OperatingIncomeLoss Revenues,10-Q,2026-08-27
DLTR,COMPLETED,0.7778,NET_MARGIN,0.080349,FRACTION,TRAILING_TWELVE_MONTHS,2026-08-01,NetIncomeLoss Revenues,10-Q,2026-08-27
DLTR,COMPLETED,0.7778,RETURN_ON_EQUITY,0.470762,FRACTION,TRAILING_TWELVE_MONTHS,2026-08-01,NetIncomeLoss StockholdersEquity,10-Q,2026-08-27
DLTR,COMPLETED,0.7778,RETURN_ON_ASSETS,0.114936,FRACTION,TRAILING_TWELVE_MONTHS,2026-08-01,NetIncomeLoss Assets,10-Q,2026-08-27
DLTR,COMPLETED,0.7778,DEBT_TO_EQUITY,3.095875,RATIO,POINT_IN_TIME,2026-08-01,Liabilities StockholdersEquity,10-Q,2026-08-27
DLTR,COMPLETED,0.7778,CURRENT_RATIO,1.133662,RATIO,POINT_IN_TIME,2026-08-01,AssetsCurrent LiabilitiesCurrent,10-Q,2026-08-27
DLTR,COMPLETED,0.7778,REVENUE_GROWTH,0.079958,FRACTION,FISCAL_YEAR,2026-01-31,Revenues Revenues,10-K,2026-03-16
DLTR,COMPLETED,0.7778,NET_INCOME_GROWTH,-0.074040,FRACTION,FISCAL_YEAR,2026-01-31,NetIncomeLoss NetIncomeLoss,10-K,2026-03-16
DLTR,COMPLETED,0.7778,SHARE_COUNT_GROWTH,-0.031417,FRACTION,FISCAL_YEAR,2026-01-31,WeightedAverageNumberOfDilutedSharesOutstanding WeightedAverageNumberOfDilutedSharesOutstanding,10-K,2026-03-16
DLTR,COMPLETED,0.7778,MARKET_CAPITALIZATION,24675260621.489998,CURRENCY,POINT_IN_TIME,2026-08-25,EntityCommonStockSharesOutstanding,10-Q,2026-08-27
DLTR,COMPLETED,0.7778,PRICE_EARNINGS_RATIO,15.302487,RATIO,TRAILING_TWELVE_MONTHS,2026-08-01,EntityCommonStockSharesOutstanding NetIncomeLoss,10-Q,2026-08-27
DLTR,COMPLETED,0.7778,PRICE_SALES_RATIO,1.229540,RATIO,TRAILING_TWELVE_MONTHS,2026-08-01,EntityCommonStockSharesOutstanding Revenues,10-Q,2026-08-27
DOCU,COMPLETED,0.9444,REVENUE,3286081000.000000,CURRENCY,TRAILING_TWELVE_MONTHS,2026-04-30,RevenueFromContractWithCustomerExcludingAssessedTax,10-Q,2026-06-05
DOCU,COMPLETED,0.9444,NET_INCOME,315195000.000000,CURRENCY,TRAILING_TWELVE_MONTHS,2026-04-30,NetIncomeLoss,10-Q,2026-06-05
DOCU,COMPLETED,0.9444,FREE_CASH_FLOW,1120182000.000000,CURRENCY,TRAILING_TWELVE_MONTHS,2026-04-30,NetCashProvidedByUsedInOperatingActivities PaymentsToAcquirePropertyPlantAndEquipment,10-Q,2026-06-05
DOCU,COMPLETED,0.9444,FREE_CASH_FLOW_MARGIN,0.340887,FRACTION,TRAILING_TWELVE_MONTHS,2026-04-30,NetCashProvidedByUsedInOperatingActivities PaymentsToAcquirePropertyPlantAndEquipment RevenueFromContractWithCustomerExcludingAssessedTax,10-Q,2026-06-05
DOCU,COMPLETED,0.9444,GROSS_MARGIN,0.793960,FRACTION,TRAILING_TWELVE_MONTHS,2026-04-30,GrossProfit RevenueFromContractWithCustomerExcludingAssessedTax,10-Q,2026-06-05
DOCU,COMPLETED,0.9444,OPERATING_MARGIN,0.106398,FRACTION,TRAILING_TWELVE_MONTHS,2026-04-30,OperatingIncomeLoss RevenueFromContractWithCustomerExcludingAssessedTax,10-Q,2026-06-05
DOCU,COMPLETED,0.9444,NET_MARGIN,0.095918,FRACTION,TRAILING_TWELVE_MONTHS,2026-04-30,NetIncomeLoss RevenueFromContractWithCustomerExcludingAssessedTax,10-Q,2026-06-05
DOCU,COMPLETED,0.9444,RETURN_ON_EQUITY,0.173208,FRACTION,TRAILING_TWELVE_MONTHS,2026-04-30,NetIncomeLoss StockholdersEquity,10-Q,2026-06-05
DOCU,COMPLETED,0.9444,RETURN_ON_ASSETS,0.079115,FRACTION,TRAILING_TWELVE_MONTHS,2026-04-30,NetIncomeLoss Assets,10-Q,2026-06-05
DOCU,COMPLETED,0.9444,DEBT_TO_EQUITY,1.189317,RATIO,POINT_IN_TIME,2026-04-30,Liabilities StockholdersEquity,10-Q,2026-06-05
DOCU,COMPLETED,0.9444,CURRENT_RATIO,0.664859,RATIO,POINT_IN_TIME,2026-04-30,AssetsCurrent LiabilitiesCurrent,10-Q,2026-06-05
DOCU,COMPLETED,0.9444,REVENUE_GROWTH,0.085669,FRACTION,FISCAL_YEAR,2026-01-31,RevenueFromContractWithCustomerExcludingAssessedTax RevenueFromContractWithCustomerExcludingAssessedTax,10-K,2026-03-18
DOCU,COMPLETED,0.9444,SHARE_COUNT_GROWTH,0.000402,FRACTION,FISCAL_YEAR,2026-01-31,WeightedAverageNumberOfDilutedSharesOutstanding WeightedAverageNumberOfDilutedSharesOutstanding,10-K,2026-03-18
DOCU,COMPLETED,0.9444,MARKET_CAPITALIZATION,11842384588.160000,CURRENCY,POINT_IN_TIME,2026-05-29,EntityCommonStockSharesOutstanding,10-Q,2026-06-05
DOCU,COMPLETED,0.9444,PRICE_EARNINGS_RATIO,37.571613,RATIO,TRAILING_TWELVE_MONTHS,2026-04-30,EntityCommonStockSharesOutstanding NetIncomeLoss,10-Q,2026-06-05
DOCU,COMPLETED,0.9444,PRICE_SALES_RATIO,3.603802,RATIO,TRAILING_TWELVE_MONTHS,2026-04-30,EntityCommonStockSharesOutstanding RevenueFromContractWithCustomerExcludingAssessedTax,10-Q,2026-06-05
DOCU,COMPLETED,0.9444,PRICE_FREE_CASH_FLOW_RATIO,10.571840,RATIO,TRAILING_TWELVE_MONTHS,2026-04-30,EntityCommonStockSharesOutstanding NetCashProvidedByUsedInOperatingActivities PaymentsToAcquirePropertyPlantAndEquipment,10-Q,2026-06-05
DOX,INSUFFICIENT_DATA,0.0000,,,,,,,,
DUK,COMPLETED,0.8333,REVENUE,32518000000.000000,CURRENCY,TRAILING_TWELVE_MONTHS,2026-03-31,RevenueFromContractWithCustomerIncludingAssessedTax,10-Q,2026-05-05
DUK,COMPLETED,0.8333,NET_INCOME,5139000000.000000,CURRENCY,TRAILING_TWELVE_MONTHS,2026-03-31,NetIncomeLoss,10-Q,2026-05-05
DUK,COMPLETED,0.8333,FREE_CASH_FLOW,-3299000000.000000,CURRENCY,TRAILING_TWELVE_MONTHS,2026-03-31,NetCashProvidedByUsedInOperatingActivities PaymentsToAcquirePropertyPlantAndEquipment,10-Q,2026-05-05
DUK,COMPLETED,0.8333,FREE_CASH_FLOW_MARGIN,-0.101452,FRACTION,TRAILING_TWELVE_MONTHS,2026-03-31,NetCashProvidedByUsedInOperatingActivities PaymentsToAcquirePropertyPlantAndEquipment RevenueFromContractWithCustomerIncludingAssessedTax,10-Q,2026-05-05
DUK,COMPLETED,0.8333,OPERATING_MARGIN,0.277016,FRACTION,TRAILING_TWELVE_MONTHS,2026-03-31,OperatingIncomeLoss RevenueFromContractWithCustomerIncludingAssessedTax,10-Q,2026-05-05
DUK,COMPLETED,0.8333,NET_MARGIN,0.158036,FRACTION,TRAILING_TWELVE_MONTHS,2026-03-31,NetIncomeLoss RevenueFromContractWithCustomerIncludingAssessedTax,10-Q,2026-05-05
DUK,COMPLETED,0.8333,RETURN_ON_EQUITY,0.094368,FRACTION,TRAILING_TWELVE_MONTHS,2026-03-31,NetIncomeLoss StockholdersEquity,10-Q,2026-05-05
DUK,COMPLETED,0.8333,RETURN_ON_ASSETS,0.025948,FRACTION,TRAILING_TWELVE_MONTHS,2026-03-31,NetIncomeLoss Assets,10-Q,2026-05-05
DUK,COMPLETED,0.8333,CURRENT_RATIO,0.661257,RATIO,POINT_IN_TIME,2026-03-31,AssetsCurrent LiabilitiesCurrent,10-Q,2026-05-05
DUK,COMPLETED,0.8333,REVENUE_GROWTH,0.034441,FRACTION,FISCAL_YEAR,2025-12-31,RevenueFromContractWithCustomerIncludingAssessedTax RevenueFromContractWithCustomerIncludingAssessedTax,10-K,2026-02-26
DUK,COMPLETED,0.8333,NET_INCOME_GROWTH,0.248956,FRACTION,FISCAL_YEAR,2025-12-31,NetIncomeLoss NetIncomeLoss,10-K,2026-02-26
DUK,COMPLETED,0.8333,SHARE_COUNT_GROWTH,0.003884,FRACTION,FISCAL_YEAR,2025-12-31,WeightedAverageNumberOfDilutedSharesOutstanding WeightedAverageNumberOfDilutedSharesOutstanding,10-K,2026-02-26
DUK,COMPLETED,0.8333,MARKET_CAPITALIZATION,93434606607.449997,CURRENCY,POINT_IN_TIME,2026-04-30,EntityCommonStockSharesOutstanding,10-Q,2026-05-05
DUK,COMPLETED,0.8333,PRICE_EARNINGS_RATIO,18.181476,RATIO,TRAILING_TWELVE_MONTHS,2026-03-31,EntityCommonStockSharesOutstanding NetIncomeLoss,10-Q,2026-05-05
DUK,COMPLETED,0.8333,PRICE_SALES_RATIO,2.873320,RATIO,TRAILING_TWELVE_MONTHS,2026-03-31,EntityCommonStockSharesOutstanding RevenueFromContractWithCustomerIncludingAssessedTax,10-Q,2026-05-05
DXCM,COMPLETED,1.0000,REVENUE,4969200000.000000,CURRENCY,TRAILING_TWELVE_MONTHS,2026-06-30,RevenueFromContractWithCustomerExcludingAssessedTax,10-Q,2026-07-30
DXCM,COMPLETED,1.0000,NET_INCOME,999700000.000000,CURRENCY,TRAILING_TWELVE_MONTHS,2026-06-30,NetIncomeLoss,10-Q,2026-07-30
DXCM,COMPLETED,1.0000,FREE_CASH_FLOW,1405000000.000000,CURRENCY,TRAILING_TWELVE_MONTHS,2026-06-30,NetCashProvidedByUsedInOperatingActivities PaymentsToAcquirePropertyPlantAndEquipment,10-Q,2026-07-30
DXCM,COMPLETED,1.0000,FREE_CASH_FLOW_MARGIN,0.282742,FRACTION,TRAILING_TWELVE_MONTHS,2026-06-30,NetCashProvidedByUsedInOperatingActivities PaymentsToAcquirePropertyPlantAndEquipment RevenueFromContractWithCustomerExcludingAssessedTax,10-Q,2026-07-30
DXCM,COMPLETED,1.0000,GROSS_MARGIN,0.624728,FRACTION,TRAILING_TWELVE_MONTHS,2026-06-30,GrossProfit RevenueFromContractWithCustomerExcludingAssessedTax,10-Q,2026-07-30
DXCM,COMPLETED,1.0000,OPERATING_MARGIN,0.229232,FRACTION,TRAILING_TWELVE_MONTHS,2026-06-30,OperatingIncomeLoss RevenueFromContractWithCustomerExcludingAssessedTax,10-Q,2026-07-30
DXCM,COMPLETED,1.0000,NET_MARGIN,0.201179,FRACTION,TRAILING_TWELVE_MONTHS,2026-06-30,NetIncomeLoss RevenueFromContractWithCustomerExcludingAssessedTax,10-Q,2026-07-30
DXCM,COMPLETED,1.0000,RETURN_ON_EQUITY,0.381361,FRACTION,TRAILING_TWELVE_MONTHS,2026-06-30,NetIncomeLoss StockholdersEquity,10-Q,2026-07-30
DXCM,COMPLETED,1.0000,RETURN_ON_ASSETS,0.154865,FRACTION,TRAILING_TWELVE_MONTHS,2026-06-30,NetIncomeLoss Assets,10-Q,2026-07-30
DXCM,COMPLETED,1.0000,DEBT_TO_EQUITY,1.462539,RATIO,POINT_IN_TIME,2026-06-30,Liabilities StockholdersEquity,10-Q,2026-07-30
DXCM,COMPLETED,1.0000,CURRENT_RATIO,1.733299,RATIO,POINT_IN_TIME,2026-06-30,AssetsCurrent LiabilitiesCurrent,10-Q,2026-07-30
DXCM,COMPLETED,1.0000,REVENUE_GROWTH,0.170136,FRACTION,FISCAL_YEAR,2025-12-31,RevenueFromContractWithCustomerExcludingAssessedTax RevenueFromContractWithCustomerExcludingAssessedTax,10-K,2026-02-12
DXCM,COMPLETED,1.0000,NET_INCOME_GROWTH,0.348293,FRACTION,FISCAL_YEAR,2025-12-31,NetIncomeLoss NetIncomeLoss,10-K,2026-02-12
DXCM,COMPLETED,1.0000,SHARE_COUNT_GROWTH,-0.023785,FRACTION,FISCAL_YEAR,2025-12-31,WeightedAverageNumberOfDilutedSharesOutstanding WeightedAverageNumberOfDilutedSharesOutstanding,10-K,2026-02-12
DXCM,COMPLETED,1.0000,MARKET_CAPITALIZATION,34841719432.449997,CURRENCY,POINT_IN_TIME,2026-07-23,EntityCommonStockSharesOutstanding,10-Q,2026-07-30
DXCM,COMPLETED,1.0000,PRICE_EARNINGS_RATIO,34.852175,RATIO,TRAILING_TWELVE_MONTHS,2026-06-30,EntityCommonStockSharesOutstanding NetIncomeLoss,10-Q,2026-07-30
DXCM,COMPLETED,1.0000,PRICE_SALES_RATIO,7.011535,RATIO,TRAILING_TWELVE_MONTHS,2026-06-30,EntityCommonStockSharesOutstanding RevenueFromContractWithCustomerExcludingAssessedTax,10-Q,2026-07-30
DXCM,COMPLETED,1.0000,PRICE_FREE_CASH_FLOW_RATIO,24.798377,RATIO,TRAILING_TWELVE_MONTHS,2026-06-30,EntityCommonStockSharesOutstanding NetCashProvidedByUsedInOperatingActivities PaymentsToAcquirePropertyPlantAndEquipment,10-Q,2026-07-30
EFX,COMPLETED,0.9444,REVENUE,6444500000.000000,CURRENCY,TRAILING_TWELVE_MONTHS,2026-06-30,RevenueFromContractWithCustomerExcludingAssessedTax,10-Q,2026-07-21
EFX,COMPLETED,0.9444,NET_INCOME,691400000.000000,CURRENCY,TRAILING_TWELVE_MONTHS,2026-06-30,NetIncomeLoss,10-Q,2026-07-21
EFX,COMPLETED,0.9444,FREE_CASH_FLOW,1105000000.000000,CURRENCY,TRAILING_TWELVE_MONTHS,2026-06-30,NetCashProvidedByUsedInOperatingActivities PaymentsToAcquireProductiveAssets,10-Q,2026-07-21
EFX,COMPLETED,0.9444,FREE_CASH_FLOW_MARGIN,0.171464,FRACTION,TRAILING_TWELVE_MONTHS,2026-06-30,NetCashProvidedByUsedInOperatingActivities PaymentsToAcquireProductiveAssets RevenueFromContractWithCustomerExcludingAssessedTax,10-Q,2026-07-21
EFX,COMPLETED,0.9444,OPERATING_MARGIN,0.178509,FRACTION,TRAILING_TWELVE_MONTHS,2026-06-30,OperatingIncomeLoss RevenueFromContractWithCustomerExcludingAssessedTax,10-Q,2026-07-21
EFX,COMPLETED,0.9444,NET_MARGIN,0.107285,FRACTION,TRAILING_TWELVE_MONTHS,2026-06-30,NetIncomeLoss RevenueFromContractWithCustomerExcludingAssessedTax,10-Q,2026-07-21
EFX,COMPLETED,0.9444,RETURN_ON_EQUITY,0.157847,FRACTION,TRAILING_TWELVE_MONTHS,2026-06-30,NetIncomeLoss StockholdersEquity,10-Q,2026-07-21
EFX,COMPLETED,0.9444,RETURN_ON_ASSETS,0.057704,FRACTION,TRAILING_TWELVE_MONTHS,2026-06-30,NetIncomeLoss Assets,10-Q,2026-07-21
EFX,COMPLETED,0.9444,DEBT_TO_EQUITY,1.703552,RATIO,POINT_IN_TIME,2026-06-30,Liabilities StockholdersEquity,10-Q,2026-07-21
EFX,COMPLETED,0.9444,CURRENT_RATIO,0.602285,RATIO,POINT_IN_TIME,2026-06-30,AssetsCurrent LiabilitiesCurrent,10-Q,2026-07-21
EFX,COMPLETED,0.9444,REVENUE_GROWTH,0.058485,FRACTION,FISCAL_YEAR,2025-12-31,RevenueFromContractWithCustomerExcludingAssessedTax RevenueFromContractWithCustomerExcludingAssessedTax,10-K,2026-02-19
EFX,COMPLETED,0.9444,NET_INCOME_GROWTH,-0.017493,FRACTION,FISCAL_YEAR,2025-12-31,NetIncomeLoss NetIncomeLoss,10-K,2026-02-19
EFX,COMPLETED,0.9444,SHARE_COUNT_GROWTH,0.000807,FRACTION,FISCAL_YEAR,2025-12-31,WeightedAverageNumberOfDilutedSharesOutstanding WeightedAverageNumberOfDilutedSharesOutstanding,10-K,2026-02-19
EFX,COMPLETED,0.9444,MARKET_CAPITALIZATION,22618192177.920002,CURRENCY,POINT_IN_TIME,2026-07-10,EntityCommonStockSharesOutstanding,10-Q,2026-07-21
EFX,COMPLETED,0.9444,PRICE_EARNINGS_RATIO,32.713613,RATIO,TRAILING_TWELVE_MONTHS,2026-06-30,EntityCommonStockSharesOutstanding NetIncomeLoss,10-Q,2026-07-21
EFX,COMPLETED,0.9444,PRICE_SALES_RATIO,3.509689,RATIO,TRAILING_TWELVE_MONTHS,2026-06-30,EntityCommonStockSharesOutstanding RevenueFromContractWithCustomerExcludingAssessedTax,10-Q,2026-07-21
EFX,COMPLETED,0.9444,PRICE_FREE_CASH_FLOW_RATIO,20.468952,RATIO,TRAILING_TWELVE_MONTHS,2026-06-30,EntityCommonStockSharesOutstanding NetCashProvidedByUsedInOperatingActivities PaymentsToAcquireProductiveAssets,10-Q,2026-07-21
EG,COMPLETED,0.6667,REVENUE,16771000000.000000,CURRENCY,TRAILING_TWELVE_MONTHS,2026-06-30,Revenues,10-Q,2026-08-03
EG,COMPLETED,0.6667,NET_INCOME,1914000000.000000,CURRENCY,TRAILING_TWELVE_MONTHS,2026-06-30,NetIncomeLoss,10-Q,2026-08-03
EG,COMPLETED,0.6667,NET_MARGIN,0.114126,FRACTION,TRAILING_TWELVE_MONTHS,2026-06-30,NetIncomeLoss Revenues,10-Q,2026-08-03
EG,COMPLETED,0.6667,RETURN_ON_EQUITY,0.124044,FRACTION,TRAILING_TWELVE_MONTHS,2026-06-30,NetIncomeLoss StockholdersEquity,10-Q,2026-08-03
EG,COMPLETED,0.6667,RETURN_ON_ASSETS,0.030788,FRACTION,TRAILING_TWELVE_MONTHS,2026-06-30,NetIncomeLoss Assets,10-Q,2026-08-03
EG,COMPLETED,0.6667,DEBT_TO_EQUITY,3.028970,RATIO,POINT_IN_TIME,2026-06-30,Liabilities StockholdersEquity,10-Q,2026-08-03
EG,COMPLETED,0.6667,REVENUE_GROWTH,0.132045,FRACTION,FISCAL_YEAR,2025-12-31,Revenues Revenues,10-K,2026-02-26
EG,COMPLETED,0.6667,NET_INCOME_GROWTH,0.386432,FRACTION,FISCAL_YEAR,2025-12-31,NetIncomeLoss NetIncomeLoss,10-K,2026-02-26
EG,COMPLETED,0.6667,SHARE_COUNT_GROWTH,0.003625,FRACTION,FISCAL_YEAR,2025-12-31,WeightedAverageNumberOfDilutedSharesOutstanding WeightedAverageNumberOfDilutedSharesOutstanding,10-K,2026-02-26
EG,COMPLETED,0.6667,MARKET_CAPITALIZATION,14186811580.000000,CURRENCY,POINT_IN_TIME,2026-07-27,EntityCommonStockSharesOutstanding,10-Q,2026-08-03
EG,COMPLETED,0.6667,PRICE_EARNINGS_RATIO,7.412127,RATIO,TRAILING_TWELVE_MONTHS,2026-06-30,EntityCommonStockSharesOutstanding NetIncomeLoss,10-Q,2026-08-03
EG,COMPLETED,0.6667,PRICE_SALES_RATIO,0.845913,RATIO,TRAILING_TWELVE_MONTHS,2026-06-30,EntityCommonStockSharesOutstanding Revenues,10-Q,2026-08-03
ELV,COMPLETED,0.9444,REVENUE,201113000000.000000,CURRENCY,TRAILING_TWELVE_MONTHS,2026-06-30,Revenues,10-Q,2026-07-15
ELV,COMPLETED,0.9444,NET_INCOME,4963000000.000000,CURRENCY,TRAILING_TWELVE_MONTHS,2026-06-30,NetIncomeLoss,10-Q,2026-07-15
ELV,COMPLETED,0.9444,FREE_CASH_FLOW,6289000000.000000,CURRENCY,TRAILING_TWELVE_MONTHS,2026-06-30,NetCashProvidedByUsedInOperatingActivities PaymentsToAcquirePropertyPlantAndEquipment,10-Q,2026-07-15
ELV,COMPLETED,0.9444,FREE_CASH_FLOW_MARGIN,0.031271,FRACTION,TRAILING_TWELVE_MONTHS,2026-06-30,NetCashProvidedByUsedInOperatingActivities PaymentsToAcquirePropertyPlantAndEquipment Revenues,10-Q,2026-07-15
ELV,COMPLETED,0.9444,OPERATING_MARGIN,0.027114,FRACTION,TRAILING_TWELVE_MONTHS,2026-06-30,OperatingIncomeLoss Revenues,10-Q,2026-07-15
ELV,COMPLETED,0.9444,NET_MARGIN,0.024678,FRACTION,TRAILING_TWELVE_MONTHS,2026-06-30,NetIncomeLoss Revenues,10-Q,2026-07-15
ELV,COMPLETED,0.9444,RETURN_ON_EQUITY,0.110576,FRACTION,TRAILING_TWELVE_MONTHS,2026-06-30,NetIncomeLoss StockholdersEquity,10-Q,2026-07-15
ELV,COMPLETED,0.9444,RETURN_ON_ASSETS,0.039252,FRACTION,TRAILING_TWELVE_MONTHS,2026-06-30,NetIncomeLoss Assets,10-Q,2026-07-15
ELV,COMPLETED,0.9444,DEBT_TO_EQUITY,1.813961,RATIO,POINT_IN_TIME,2026-06-30,Liabilities StockholdersEquity,10-Q,2026-07-15
ELV,COMPLETED,0.9444,CURRENT_RATIO,1.518145,RATIO,POINT_IN_TIME,2026-06-30,AssetsCurrent LiabilitiesCurrent,10-Q,2026-07-15
ELV,COMPLETED,0.9444,REVENUE_GROWTH,0.083385,FRACTION,FISCAL_YEAR,2025-12-31,Revenues Revenues,10-K,2026-02-06
ELV,COMPLETED,0.9444,NET_INCOME_GROWTH,-0.013297,FRACTION,FISCAL_YEAR,2025-12-31,NetIncomeLoss NetIncomeLoss,10-K,2026-02-06
ELV,COMPLETED,0.9444,SHARE_COUNT_GROWTH,-0.027332,FRACTION,FISCAL_YEAR,2025-12-31,WeightedAverageNumberOfDilutedSharesOutstanding WeightedAverageNumberOfDilutedSharesOutstanding,10-K,2026-02-06
ELV,COMPLETED,0.9444,MARKET_CAPITALIZATION,86888681038.500000,CURRENCY,POINT_IN_TIME,2026-07-10,EntityCommonStockSharesOutstanding,10-Q,2026-07-15
ELV,COMPLETED,0.9444,PRICE_EARNINGS_RATIO,17.507290,RATIO,TRAILING_TWELVE_MONTHS,2026-06-30,EntityCommonStockSharesOutstanding NetIncomeLoss,10-Q,2026-07-15
ELV,COMPLETED,0.9444,PRICE_SALES_RATIO,0.432039,RATIO,TRAILING_TWELVE_MONTHS,2026-06-30,EntityCommonStockSharesOutstanding Revenues,10-Q,2026-07-15
ELV,COMPLETED,0.9444,PRICE_FREE_CASH_FLOW_RATIO,13.815977,RATIO,TRAILING_TWELVE_MONTHS,2026-06-30,EntityCommonStockSharesOutstanding NetCashProvidedByUsedInOperatingActivities PaymentsToAcquirePropertyPlantAndEquipment,10-Q,2026-07-15
EOG,COMPLETED,0.7222,REVENUE,27026000000.000000,CURRENCY,TRAILING_TWELVE_MONTHS,2026-06-30,Revenues,10-Q,2026-08-04
EOG,COMPLETED,0.7222,NET_INCOME,6876000000.000000,CURRENCY,TRAILING_TWELVE_MONTHS,2026-06-30,NetIncomeLoss,10-Q,2026-08-04
EOG,COMPLETED,0.7222,OPERATING_MARGIN,0.329498,FRACTION,TRAILING_TWELVE_MONTHS,2026-06-30,OperatingIncomeLoss Revenues,10-Q,2026-08-04
EOG,COMPLETED,0.7222,NET_MARGIN,0.254422,FRACTION,TRAILING_TWELVE_MONTHS,2026-06-30,NetIncomeLoss Revenues,10-Q,2026-08-04
EOG,COMPLETED,0.7222,RETURN_ON_EQUITY,0.215792,FRACTION,TRAILING_TWELVE_MONTHS,2026-06-30,NetIncomeLoss StockholdersEquity,10-Q,2026-08-04
EOG,COMPLETED,0.7222,RETURN_ON_ASSETS,0.125513,FRACTION,TRAILING_TWELVE_MONTHS,2026-06-30,NetIncomeLoss Assets,10-Q,2026-08-04
EOG,COMPLETED,0.7222,CURRENT_RATIO,1.851359,RATIO,POINT_IN_TIME,2026-06-30,AssetsCurrent LiabilitiesCurrent,10-Q,2026-08-04
EOG,COMPLETED,0.7222,REVENUE_GROWTH,-0.041515,FRACTION,FISCAL_YEAR,2025-12-31,Revenues Revenues,10-K,2026-02-24
EOG,COMPLETED,0.7222,NET_INCOME_GROWTH,-0.137403,FRACTION,FISCAL_YEAR,2025-12-31,NetIncomeLoss NetIncomeLoss,10-K,2026-02-24
EOG,COMPLETED,0.7222,SHARE_COUNT_GROWTH,-0.033081,FRACTION,FISCAL_YEAR,2025-12-31,WeightedAverageNumberOfDilutedSharesOutstanding WeightedAverageNumberOfDilutedSharesOutstanding,10-K,2026-02-24
EOG,COMPLETED,0.7222,MARKET_CAPITALIZATION,80289680970.319992,CURRENCY,POINT_IN_TIME,2026-07-28,EntityCommonStockSharesOutstanding,10-Q,2026-08-04
EOG,COMPLETED,0.7222,PRICE_EARNINGS_RATIO,11.676801,RATIO,TRAILING_TWELVE_MONTHS,2026-06-30,EntityCommonStockSharesOutstanding NetIncomeLoss,10-Q,2026-08-04
EOG,COMPLETED,0.7222,PRICE_SALES_RATIO,2.970831,RATIO,TRAILING_TWELVE_MONTHS,2026-06-30,EntityCommonStockSharesOutstanding Revenues,10-Q,2026-08-04
EPAM,COMPLETED,0.9444,REVENUE,5616749000.000000,CURRENCY,TRAILING_TWELVE_MONTHS,2026-06-30,RevenueFromContractWithCustomerExcludingAssessedTax,10-Q,2026-08-06
EPAM,COMPLETED,0.9444,NET_INCOME,401670000.000000,CURRENCY,TRAILING_TWELVE_MONTHS,2026-06-30,NetIncomeLoss,10-Q,2026-08-06
EPAM,COMPLETED,0.9444,FREE_CASH_FLOW,482636000.000000,CURRENCY,TRAILING_TWELVE_MONTHS,2026-06-30,NetCashProvidedByUsedInOperatingActivities PaymentsToAcquirePropertyPlantAndEquipment,10-Q,2026-08-06
EPAM,COMPLETED,0.9444,FREE_CASH_FLOW_MARGIN,0.085928,FRACTION,TRAILING_TWELVE_MONTHS,2026-06-30,NetCashProvidedByUsedInOperatingActivities PaymentsToAcquirePropertyPlantAndEquipment RevenueFromContractWithCustomerExcludingAssessedTax,10-Q,2026-08-06
EPAM,COMPLETED,0.9444,OPERATING_MARGIN,0.100269,FRACTION,TRAILING_TWELVE_MONTHS,2026-06-30,OperatingIncomeLoss RevenueFromContractWithCustomerExcludingAssessedTax,10-Q,2026-08-06
EPAM,COMPLETED,0.9444,NET_MARGIN,0.071513,FRACTION,TRAILING_TWELVE_MONTHS,2026-06-30,NetIncomeLoss RevenueFromContractWithCustomerExcludingAssessedTax,10-Q,2026-08-06
EPAM,COMPLETED,0.9444,RETURN_ON_EQUITY,0.114152,FRACTION,TRAILING_TWELVE_MONTHS,2026-06-30,NetIncomeLoss StockholdersEquity,10-Q,2026-08-06
EPAM,COMPLETED,0.9444,RETURN_ON_ASSETS,0.087814,FRACTION,TRAILING_TWELVE_MONTHS,2026-06-30,NetIncomeLoss Assets,10-Q,2026-08-06
EPAM,COMPLETED,0.9444,DEBT_TO_EQUITY,0.299764,RATIO,POINT_IN_TIME,2026-06-30,Liabilities StockholdersEquity,10-Q,2026-08-06
EPAM,COMPLETED,0.9444,CURRENT_RATIO,2.754708,RATIO,POINT_IN_TIME,2026-06-30,AssetsCurrent LiabilitiesCurrent,10-Q,2026-08-06
EPAM,COMPLETED,0.9444,REVENUE_GROWTH,0.041908,FRACTION,FISCAL_YEAR,2025-12-31,RevenueFromContractWithCustomerExcludingAssessedTax RevenueFromContractWithCustomerExcludingAssessedTax,10-K,2026-02-26
EPAM,COMPLETED,0.9444,NET_INCOME_GROWTH,-0.034337,FRACTION,FISCAL_YEAR,2025-12-31,NetIncomeLoss NetIncomeLoss,10-K,2026-02-26
EPAM,COMPLETED,0.9444,SHARE_COUNT_GROWTH,-0.024433,FRACTION,FISCAL_YEAR,2025-12-31,WeightedAverageNumberOfDilutedSharesOutstanding WeightedAverageNumberOfDilutedSharesOutstanding,10-K,2026-02-26
EPAM,COMPLETED,0.9444,MARKET_CAPITALIZATION,5694170962.780000,CURRENCY,POINT_IN_TIME,2026-07-31,EntityCommonStockSharesOutstanding,10-Q,2026-08-06
EPAM,COMPLETED,0.9444,PRICE_EARNINGS_RATIO,14.176242,RATIO,TRAILING_TWELVE_MONTHS,2026-06-30,EntityCommonStockSharesOutstanding NetIncomeLoss,10-Q,2026-08-06
EPAM,COMPLETED,0.9444,PRICE_SALES_RATIO,1.013784,RATIO,TRAILING_TWELVE_MONTHS,2026-06-30,EntityCommonStockSharesOutstanding RevenueFromContractWithCustomerExcludingAssessedTax,10-Q,2026-08-06
EPAM,COMPLETED,0.9444,PRICE_FREE_CASH_FLOW_RATIO,11.798065,RATIO,TRAILING_TWELVE_MONTHS,2026-06-30,EntityCommonStockSharesOutstanding NetCashProvidedByUsedInOperatingActivities PaymentsToAcquirePropertyPlantAndEquipment,10-Q,2026-08-06
ERIE,COMPLETED,0.6667,REVENUE,4119469000.000000,CURRENCY,TRAILING_TWELVE_MONTHS,2026-06-30,RevenueFromContractWithCustomerExcludingAssessedTax,10-Q,2026-07-30
ERIE,COMPLETED,0.6667,NET_INCOME,577001000.000000,CURRENCY,TRAILING_TWELVE_MONTHS,2026-06-30,NetIncomeLoss,10-Q,2026-07-30
ERIE,COMPLETED,0.6667,FREE_CASH_FLOW,553083000.000000,CURRENCY,TRAILING_TWELVE_MONTHS,2026-06-30,NetCashProvidedByUsedInOperatingActivities PaymentsToAcquireProductiveAssets,10-Q,2026-07-30
ERIE,COMPLETED,0.6667,FREE_CASH_FLOW_MARGIN,0.134261,FRACTION,TRAILING_TWELVE_MONTHS,2026-06-30,NetCashProvidedByUsedInOperatingActivities PaymentsToAcquireProductiveAssets RevenueFromContractWithCustomerExcludingAssessedTax,10-Q,2026-07-30
ERIE,COMPLETED,0.6667,OPERATING_MARGIN,0.179039,FRACTION,TRAILING_TWELVE_MONTHS,2026-06-30,OperatingIncomeLoss RevenueFromContractWithCustomerExcludingAssessedTax,10-Q,2026-07-30
ERIE,COMPLETED,0.6667,NET_MARGIN,0.140067,FRACTION,TRAILING_TWELVE_MONTHS,2026-06-30,NetIncomeLoss RevenueFromContractWithCustomerExcludingAssessedTax,10-Q,2026-07-30
ERIE,COMPLETED,0.6667,RETURN_ON_EQUITY,0.233878,FRACTION,TRAILING_TWELVE_MONTHS,2026-06-30,NetIncomeLoss StockholdersEquity,10-Q,2026-07-30
ERIE,COMPLETED,0.6667,RETURN_ON_ASSETS,0.162215,FRACTION,TRAILING_TWELVE_MONTHS,2026-06-30,NetIncomeLoss Assets,10-Q,2026-07-30
ERIE,COMPLETED,0.6667,DEBT_TO_EQUITY,0.441777,RATIO,POINT_IN_TIME,2026-06-30,Liabilities StockholdersEquity,10-Q,2026-07-30
ERIE,COMPLETED,0.6667,CURRENT_RATIO,1.245910,RATIO,POINT_IN_TIME,2026-06-30,AssetsCurrent LiabilitiesCurrent,10-Q,2026-07-30
ERIE,COMPLETED,0.6667,REVENUE_GROWTH,0.127167,FRACTION,FISCAL_YEAR,2025-12-31,RevenueFromContractWithCustomerExcludingAssessedTax RevenueFromContractWithCustomerExcludingAssessedTax,10-K,2026-02-23
ERIE,COMPLETED,0.6667,NET_INCOME_GROWTH,0.232752,FRACTION,FISCAL_YEAR,2025-12-31,NetIncomeLoss NetIncomeLoss,10-K,2026-02-23
EW,COMPLETED,1.0000,REVENUE,6512300000.000000,CURRENCY,TRAILING_TWELVE_MONTHS,2026-06-30,RevenueFromContractWithCustomerExcludingAssessedTax,10-Q,2026-08-04
EW,COMPLETED,1.0000,NET_INCOME,1004900000.000000,CURRENCY,TRAILING_TWELVE_MONTHS,2026-06-30,NetIncomeLoss,10-Q,2026-08-04
EW,COMPLETED,1.0000,FREE_CASH_FLOW,1433600000.000000,CURRENCY,TRAILING_TWELVE_MONTHS,2026-06-30,NetCashProvidedByUsedInOperatingActivities PaymentsToAcquirePropertyPlantAndEquipment,10-Q,2026-08-04
EW,COMPLETED,1.0000,FREE_CASH_FLOW_MARGIN,0.220137,FRACTION,TRAILING_TWELVE_MONTHS,2026-06-30,NetCashProvidedByUsedInOperatingActivities PaymentsToAcquirePropertyPlantAndEquipment RevenueFromContractWithCustomerExcludingAssessedTax,10-Q,2026-08-04
EW,COMPLETED,1.0000,GROSS_MARGIN,0.778389,FRACTION,TRAILING_TWELVE_MONTHS,2026-06-30,GrossProfit RevenueFromContractWithCustomerExcludingAssessedTax,10-Q,2026-08-04
EW,COMPLETED,1.0000,OPERATING_MARGIN,0.222502,FRACTION,TRAILING_TWELVE_MONTHS,2026-06-30,OperatingIncomeLoss RevenueFromContractWithCustomerExcludingAssessedTax,10-Q,2026-08-04
EW,COMPLETED,1.0000,NET_MARGIN,0.154308,FRACTION,TRAILING_TWELVE_MONTHS,2026-06-30,NetIncomeLoss RevenueFromContractWithCustomerExcludingAssessedTax,10-Q,2026-08-04
EW,COMPLETED,1.0000,RETURN_ON_EQUITY,0.094641,FRACTION,TRAILING_TWELVE_MONTHS,2026-06-30,NetIncomeLoss StockholdersEquity,10-Q,2026-08-04
EW,COMPLETED,1.0000,RETURN_ON_ASSETS,0.072466,FRACTION,TRAILING_TWELVE_MONTHS,2026-06-30,NetIncomeLoss Assets,10-Q,2026-08-04
EW,COMPLETED,1.0000,DEBT_TO_EQUITY,0.295931,RATIO,POINT_IN_TIME,2026-06-30,Liabilities StockholdersEquity,10-Q,2026-08-04
EW,COMPLETED,1.0000,CURRENT_RATIO,4.522117,RATIO,POINT_IN_TIME,2026-06-30,AssetsCurrent LiabilitiesCurrent,10-Q,2026-08-04
EW,COMPLETED,1.0000,REVENUE_GROWTH,0.107722,FRACTION,FISCAL_YEAR,2025-12-31,RevenueFromContractWithCustomerExcludingAssessedTax RevenueFromContractWithCustomerExcludingAssessedTax,10-K,2026-02-25
EW,COMPLETED,1.0000,NET_INCOME_GROWTH,-0.109832,FRACTION,FISCAL_YEAR,2025-12-31,NetIncomeLoss NetIncomeLoss,10-K,2026-02-25
EW,COMPLETED,1.0000,SHARE_COUNT_GROWTH,-0.019554,FRACTION,FISCAL_YEAR,2025-12-31,WeightedAverageNumberOfDilutedSharesOutstanding WeightedAverageNumberOfDilutedSharesOutstanding,10-K,2026-02-25
EW,COMPLETED,1.0000,MARKET_CAPITALIZATION,51749192000.000000,CURRENCY,POINT_IN_TIME,2026-07-31,EntityCommonStockSharesOutstanding,10-Q,2026-08-04
EW,COMPLETED,1.0000,PRICE_EARNINGS_RATIO,51.496857,RATIO,TRAILING_TWELVE_MONTHS,2026-06-30,EntityCommonStockSharesOutstanding NetIncomeLoss,10-Q,2026-08-04
EW,COMPLETED,1.0000,PRICE_SALES_RATIO,7.946377,RATIO,TRAILING_TWELVE_MONTHS,2026-06-30,EntityCommonStockSharesOutstanding RevenueFromContractWithCustomerExcludingAssessedTax,10-Q,2026-08-04
EW,COMPLETED,1.0000,PRICE_FREE_CASH_FLOW_RATIO,36.097372,RATIO,TRAILING_TWELVE_MONTHS,2026-06-30,EntityCommonStockSharesOutstanding NetCashProvidedByUsedInOperatingActivities PaymentsToAcquirePropertyPlantAndEquipment,10-Q,2026-08-04
EXR,COMPLETED,0.8889,REVENUE,3446106000.000000,CURRENCY,TRAILING_TWELVE_MONTHS,2026-06-30,Revenues,10-Q,2026-07-31
EXR,COMPLETED,0.8889,NET_INCOME,957841000.000000,CURRENCY,TRAILING_TWELVE_MONTHS,2026-06-30,NetIncomeLoss,10-Q,2026-07-31
EXR,COMPLETED,0.8889,FREE_CASH_FLOW,1519120000.000000,CURRENCY,TRAILING_TWELVE_MONTHS,2026-06-30,NetCashProvidedByUsedInOperatingActivities PaymentsToAcquireProductiveAssets,10-Q,2026-07-31
EXR,COMPLETED,0.8889,FREE_CASH_FLOW_MARGIN,0.440822,FRACTION,TRAILING_TWELVE_MONTHS,2026-06-30,NetCashProvidedByUsedInOperatingActivities PaymentsToAcquireProductiveAssets Revenues,10-Q,2026-07-31
EXR,COMPLETED,0.8889,OPERATING_MARGIN,0.409079,FRACTION,TRAILING_TWELVE_MONTHS,2026-06-30,OperatingIncomeLoss Revenues,10-Q,2026-07-31
EXR,COMPLETED,0.8889,NET_MARGIN,0.277949,FRACTION,TRAILING_TWELVE_MONTHS,2026-06-30,NetIncomeLoss Revenues,10-Q,2026-07-31
EXR,COMPLETED,0.8889,RETURN_ON_EQUITY,0.072247,FRACTION,TRAILING_TWELVE_MONTHS,2026-06-30,NetIncomeLoss StockholdersEquity,10-Q,2026-07-31
EXR,COMPLETED,0.8889,RETURN_ON_ASSETS,0.032293,FRACTION,TRAILING_TWELVE_MONTHS,2026-06-30,NetIncomeLoss Assets,10-Q,2026-07-31
EXR,COMPLETED,0.8889,DEBT_TO_EQUITY,1.167844,RATIO,POINT_IN_TIME,2026-06-30,Liabilities StockholdersEquity,10-Q,2026-07-31
EXR,COMPLETED,0.8889,REVENUE_GROWTH,0.206292,FRACTION,FISCAL_YEAR,2025-12-31,Revenues Revenues,10-K,2026-02-20
EXR,COMPLETED,0.8889,NET_INCOME_GROWTH,0.042088,FRACTION,FISCAL_YEAR,2025-12-31,NetIncomeLoss NetIncomeLoss,10-K,2026-02-20
EXR,COMPLETED,0.8889,SHARE_COUNT_GROWTH,0.118891,FRACTION,FISCAL_YEAR,2025-12-31,WeightedAverageNumberOfDilutedSharesOutstanding WeightedAverageNumberOfDilutedSharesOutstanding,10-K,2026-02-20
EXR,COMPLETED,0.8889,MARKET_CAPITALIZATION,31005920332.079998,CURRENCY,POINT_IN_TIME,2026-07-24,EntityCommonStockSharesOutstanding,10-Q,2026-07-31
EXR,COMPLETED,0.8889,PRICE_EARNINGS_RATIO,32.370634,RATIO,TRAILING_TWELVE_MONTHS,2026-06-30,EntityCommonStockSharesOutstanding NetIncomeLoss,10-Q,2026-07-31
EXR,COMPLETED,0.8889,PRICE_SALES_RATIO,8.997379,RATIO,TRAILING_TWELVE_MONTHS,2026-06-30,EntityCommonStockSharesOutstanding Revenues,10-Q,2026-07-31
EXR,COMPLETED,0.8889,PRICE_FREE_CASH_FLOW_RATIO,20.410448,RATIO,TRAILING_TWELVE_MONTHS,2026-06-30,EntityCommonStockSharesOutstanding NetCashProvidedByUsedInOperatingActivities PaymentsToAcquireProductiveAssets,10-Q,2026-07-31
FAST,COMPLETED,0.9444,REVENUE,8749400000.000000,CURRENCY,TRAILING_TWELVE_MONTHS,2026-06-30,RevenueFromContractWithCustomerExcludingAssessedTax,10-Q,2026-07-16
FAST,COMPLETED,0.9444,NET_INCOME,1352100000.000000,CURRENCY,TRAILING_TWELVE_MONTHS,2026-06-30,NetIncomeLoss,10-Q,2026-07-16
FAST,COMPLETED,0.9444,FREE_CASH_FLOW,1155900000.000000,CURRENCY,TRAILING_TWELVE_MONTHS,2026-06-30,NetCashProvidedByUsedInOperatingActivities PaymentsToAcquirePropertyPlantAndEquipment,10-Q,2026-07-16
FAST,COMPLETED,0.9444,FREE_CASH_FLOW_MARGIN,0.132112,FRACTION,TRAILING_TWELVE_MONTHS,2026-06-30,NetCashProvidedByUsedInOperatingActivities PaymentsToAcquirePropertyPlantAndEquipment RevenueFromContractWithCustomerExcludingAssessedTax,10-Q,2026-07-16
FAST,COMPLETED,0.9444,GROSS_MARGIN,0.447014,FRACTION,TRAILING_TWELVE_MONTHS,2026-06-30,GrossProfit RevenueFromContractWithCustomerExcludingAssessedTax,10-Q,2026-07-16
FAST,COMPLETED,0.9444,OPERATING_MARGIN,0.202882,FRACTION,TRAILING_TWELVE_MONTHS,2026-06-30,OperatingIncomeLoss RevenueFromContractWithCustomerExcludingAssessedTax,10-Q,2026-07-16
FAST,COMPLETED,0.9444,NET_MARGIN,0.154536,FRACTION,TRAILING_TWELVE_MONTHS,2026-06-30,NetIncomeLoss RevenueFromContractWithCustomerExcludingAssessedTax,10-Q,2026-07-16
FAST,COMPLETED,0.9444,RETURN_ON_EQUITY,0.332309,FRACTION,TRAILING_TWELVE_MONTHS,2026-06-30,NetIncomeLoss StockholdersEquity,10-Q,2026-07-16
FAST,COMPLETED,0.9444,RETURN_ON_ASSETS,0.255426,FRACTION,TRAILING_TWELVE_MONTHS,2026-06-30,NetIncomeLoss Assets,10-Q,2026-07-16
FAST,COMPLETED,0.9444,CURRENT_RATIO,4.179519,RATIO,POINT_IN_TIME,2026-06-30,AssetsCurrent LiabilitiesCurrent,10-Q,2026-07-16
FAST,COMPLETED,0.9444,REVENUE_GROWTH,0.055154,FRACTION,FISCAL_YEAR,2025-12-31,RevenueFromContractWithCustomerExcludingAssessedTax RevenueFromContractWithCustomerExcludingAssessedTax,10-K,2026-02-05
FAST,COMPLETED,0.9444,NET_INCOME_GROWTH,0.050049,FRACTION,FISCAL_YEAR,2025-12-31,NetIncomeLoss NetIncomeLoss,10-K,2026-02-05
FAST,COMPLETED,0.9444,SHARE_COUNT_GROWTH,0.001882,FRACTION,FISCAL_YEAR,2025-12-31,WeightedAverageNumberOfDilutedSharesOutstanding WeightedAverageNumberOfDilutedSharesOutstanding,10-K,2026-02-05
FAST,COMPLETED,0.9444,MARKET_CAPITALIZATION,58820725591.979996,CURRENCY,POINT_IN_TIME,2026-07-10,EntityCommonStockSharesOutstanding,10-Q,2026-07-16
FAST,COMPLETED,0.9444,PRICE_EARNINGS_RATIO,43.503236,RATIO,TRAILING_TWELVE_MONTHS,2026-06-30,EntityCommonStockSharesOutstanding NetIncomeLoss,10-Q,2026-07-16
FAST,COMPLETED,0.9444,PRICE_SALES_RATIO,6.722830,RATIO,TRAILING_TWELVE_MONTHS,2026-06-30,EntityCommonStockSharesOutstanding RevenueFromContractWithCustomerExcludingAssessedTax,10-Q,2026-07-16
FAST,COMPLETED,0.9444,PRICE_FREE_CASH_FLOW_RATIO,50.887383,RATIO,TRAILING_TWELVE_MONTHS,2026-06-30,EntityCommonStockSharesOutstanding NetCashProvidedByUsedInOperatingActivities PaymentsToAcquirePropertyPlantAndEquipment,10-Q,2026-07-16
FDX,COMPLETED,0.8889,REVENUE,94720000000.000000,CURRENCY,FISCAL_YEAR,2026-05-31,RevenueFromContractWithCustomerExcludingAssessedTax,10-K,2026-07-20
FDX,COMPLETED,0.8889,NET_INCOME,4433000000.000000,CURRENCY,FISCAL_YEAR,2026-05-31,NetIncomeLoss,10-K,2026-07-20
FDX,COMPLETED,0.8889,FREE_CASH_FLOW,5116000000.000000,CURRENCY,FISCAL_YEAR,2026-05-31,NetCashProvidedByUsedInOperatingActivities PaymentsToAcquireProductiveAssets,10-K,2026-07-20
FDX,COMPLETED,0.8889,FREE_CASH_FLOW_MARGIN,0.054012,FRACTION,FISCAL_YEAR,2026-05-31,NetCashProvidedByUsedInOperatingActivities PaymentsToAcquireProductiveAssets RevenueFromContractWithCustomerExcludingAssessedTax,10-K,2026-07-20
FDX,COMPLETED,0.8889,OPERATING_MARGIN,0.057675,FRACTION,FISCAL_YEAR,2026-05-31,OperatingIncomeLoss RevenueFromContractWithCustomerExcludingAssessedTax,10-K,2026-07-20
FDX,COMPLETED,0.8889,NET_MARGIN,0.046801,FRACTION,FISCAL_YEAR,2026-05-31,NetIncomeLoss RevenueFromContractWithCustomerExcludingAssessedTax,10-K,2026-07-20
FDX,COMPLETED,0.8889,RETURN_ON_EQUITY,0.140076,FRACTION,FISCAL_YEAR,2026-05-31,NetIncomeLoss StockholdersEquity,10-K,2026-07-20
FDX,COMPLETED,0.8889,RETURN_ON_ASSETS,0.044806,FRACTION,FISCAL_YEAR,2026-05-31,NetIncomeLoss Assets,10-K,2026-07-20
FDX,COMPLETED,0.8889,CURRENT_RATIO,1.475412,RATIO,POINT_IN_TIME,2026-05-31,AssetsCurrent LiabilitiesCurrent,10-K,2026-07-20
FDX,COMPLETED,0.8889,REVENUE_GROWTH,0.016601,FRACTION,FISCAL_YEAR,2026-05-31,RevenueFromContractWithCustomerExcludingAssessedTax RevenueFromContractWithCustomerExcludingAssessedTax,10-K,2026-07-20
FDX,COMPLETED,0.8889,NET_INCOME_GROWTH,0.037280,FRACTION,FISCAL_YEAR,2026-05-31,NetIncomeLoss NetIncomeLoss,10-K,2026-07-20
FDX,COMPLETED,0.8889,SHARE_COUNT_GROWTH,-0.024197,FRACTION,FISCAL_YEAR,2026-05-31,WeightedAverageNumberOfDilutedSharesOutstanding WeightedAverageNumberOfDilutedSharesOutstanding,10-K,2026-07-20
FDX,COMPLETED,0.8889,MARKET_CAPITALIZATION,76903080971.279999,CURRENCY,POINT_IN_TIME,2026-07-16,EntityCommonStockSharesOutstanding,10-K,2026-07-20
FDX,COMPLETED,0.8889,PRICE_EARNINGS_RATIO,17.347864,RATIO,FISCAL_YEAR,2026-05-31,EntityCommonStockSharesOutstanding NetIncomeLoss,10-K,2026-07-20
FDX,COMPLETED,0.8889,PRICE_SALES_RATIO,0.811899,RATIO,FISCAL_YEAR,2026-05-31,EntityCommonStockSharesOutstanding RevenueFromContractWithCustomerExcludingAssessedTax,10-K,2026-07-20
FDX,COMPLETED,0.8889,PRICE_FREE_CASH_FLOW_RATIO,15.031877,RATIO,FISCAL_YEAR,2026-05-31,EntityCommonStockSharesOutstanding NetCashProvidedByUsedInOperatingActivities PaymentsToAcquireProductiveAssets,10-K,2026-07-20
FICO,COMPLETED,0.8333,REVENUE,2393575000.000000,CURRENCY,TRAILING_TWELVE_MONTHS,2026-06-30,RevenueFromContractWithCustomerExcludingAssessedTax,10-Q,2026-07-29
FICO,COMPLETED,0.8333,NET_INCOME,815017000.000000,CURRENCY,TRAILING_TWELVE_MONTHS,2026-06-30,NetIncomeLoss,10-Q,2026-07-29
FICO,COMPLETED,0.8333,FREE_CASH_FLOW,996023000.000000,CURRENCY,TRAILING_TWELVE_MONTHS,2026-06-30,NetCashProvidedByUsedInOperatingActivities PaymentsToAcquirePropertyPlantAndEquipment,10-Q,2026-07-29
FICO,COMPLETED,0.8333,FREE_CASH_FLOW_MARGIN,0.416124,FRACTION,TRAILING_TWELVE_MONTHS,2026-06-30,NetCashProvidedByUsedInOperatingActivities PaymentsToAcquirePropertyPlantAndEquipment RevenueFromContractWithCustomerExcludingAssessedTax,10-Q,2026-07-29
FICO,COMPLETED,0.8333,OPERATING_MARGIN,0.516507,FRACTION,TRAILING_TWELVE_MONTHS,2026-06-30,OperatingIncomeLoss RevenueFromContractWithCustomerExcludingAssessedTax,10-Q,2026-07-29
FICO,COMPLETED,0.8333,NET_MARGIN,0.340502,FRACTION,TRAILING_TWELVE_MONTHS,2026-06-30,NetIncomeLoss RevenueFromContractWithCustomerExcludingAssessedTax,10-Q,2026-07-29
FICO,COMPLETED,0.8333,RETURN_ON_ASSETS,0.400033,FRACTION,TRAILING_TWELVE_MONTHS,2026-06-30,NetIncomeLoss Assets,10-Q,2026-07-29
FICO,COMPLETED,0.8333,CURRENT_RATIO,1.183003,RATIO,POINT_IN_TIME,2026-06-30,AssetsCurrent LiabilitiesCurrent,10-Q,2026-07-29
FICO,COMPLETED,0.8333,REVENUE_GROWTH,0.130684,FRACTION,FISCAL_YEAR,2025-09-30,RevenueFromContractWithCustomerExcludingAssessedTax RevenueFromContractWithCustomerExcludingAssessedTax,10-K,2025-11-07
FICO,COMPLETED,0.8333,NET_INCOME_GROWTH,0.203994,FRACTION,FISCAL_YEAR,2025-09-30,NetIncomeLoss NetIncomeLoss,10-K,2025-11-07
FICO,COMPLETED,0.8333,SHARE_COUNT_GROWTH,-0.016015,FRACTION,FISCAL_YEAR,2025-09-30,WeightedAverageNumberOfDilutedSharesOutstanding WeightedAverageNumberOfDilutedSharesOutstanding,10-K,2025-11-07
FICO,COMPLETED,0.8333,MARKET_CAPITALIZATION,25321715203.050003,CURRENCY,POINT_IN_TIME,2026-07-17,EntityCommonStockSharesOutstanding,10-Q,2026-07-29
FICO,COMPLETED,0.8333,PRICE_EARNINGS_RATIO,31.068941,RATIO,TRAILING_TWELVE_MONTHS,2026-06-30,EntityCommonStockSharesOutstanding NetIncomeLoss,10-Q,2026-07-29
FICO,COMPLETED,0.8333,PRICE_SALES_RATIO,10.579036,RATIO,TRAILING_TWELVE_MONTHS,2026-06-30,EntityCommonStockSharesOutstanding RevenueFromContractWithCustomerExcludingAssessedTax,10-Q,2026-07-29
FICO,COMPLETED,0.8333,PRICE_FREE_CASH_FLOW_RATIO,25.422822,RATIO,TRAILING_TWELVE_MONTHS,2026-06-30,EntityCommonStockSharesOutstanding NetCashProvidedByUsedInOperatingActivities PaymentsToAcquirePropertyPlantAndEquipment,10-Q,2026-07-29
FSLR,COMPLETED,0.9444,REVENUE,5378071000.000000,CURRENCY,TRAILING_TWELVE_MONTHS,2026-06-30,Revenues,10-Q,2026-07-30
FSLR,COMPLETED,0.9444,NET_INCOME,1746014000.000000,CURRENCY,TRAILING_TWELVE_MONTHS,2026-06-30,NetIncomeLoss,10-Q,2026-07-30
FSLR,COMPLETED,0.9444,FREE_CASH_FLOW,1500119000.000000,CURRENCY,TRAILING_TWELVE_MONTHS,2026-06-30,NetCashProvidedByUsedInOperatingActivities PaymentsToAcquirePropertyPlantAndEquipment,10-Q,2026-07-30
FSLR,COMPLETED,0.9444,FREE_CASH_FLOW_MARGIN,0.278933,FRACTION,TRAILING_TWELVE_MONTHS,2026-06-30,NetCashProvidedByUsedInOperatingActivities PaymentsToAcquirePropertyPlantAndEquipment Revenues,10-Q,2026-07-30
FSLR,COMPLETED,0.9444,GROSS_MARGIN,0.440162,FRACTION,TRAILING_TWELVE_MONTHS,2026-06-30,GrossProfit Revenues,10-Q,2026-07-30
FSLR,COMPLETED,0.9444,OPERATING_MARGIN,0.336496,FRACTION,TRAILING_TWELVE_MONTHS,2026-06-30,OperatingIncomeLoss Revenues,10-Q,2026-07-30
FSLR,COMPLETED,0.9444,NET_MARGIN,0.324654,FRACTION,TRAILING_TWELVE_MONTHS,2026-06-30,NetIncomeLoss Revenues,10-Q,2026-07-30
FSLR,COMPLETED,0.9444,RETURN_ON_EQUITY,0.169182,FRACTION,TRAILING_TWELVE_MONTHS,2026-06-30,NetIncomeLoss StockholdersEquity,10-Q,2026-07-30
FSLR,COMPLETED,0.9444,RETURN_ON_ASSETS,0.130411,FRACTION,TRAILING_TWELVE_MONTHS,2026-06-30,NetIncomeLoss Assets,10-Q,2026-07-30
FSLR,COMPLETED,0.9444,DEBT_TO_EQUITY,0.297302,RATIO,POINT_IN_TIME,2026-06-30,Liabilities StockholdersEquity,10-Q,2026-07-30
FSLR,COMPLETED,0.9444,CURRENT_RATIO,2.517840,RATIO,POINT_IN_TIME,2026-06-30,AssetsCurrent LiabilitiesCurrent,10-Q,2026-07-30
FSLR,COMPLETED,0.9444,REVENUE_GROWTH,0.258375,FRACTION,FISCAL_YEAR,2025-12-31,Revenues Revenues,10-K,2026-02-24
FSLR,COMPLETED,0.9444,SHARE_COUNT_GROWTH,0.000768,FRACTION,FISCAL_YEAR,2025-12-31,WeightedAverageNumberOfDilutedSharesOutstanding WeightedAverageNumberOfDilutedSharesOutstanding,10-K,2026-02-24
FSLR,COMPLETED,0.9444,MARKET_CAPITALIZATION,23018953891.720001,CURRENCY,POINT_IN_TIME,2026-07-24,EntityCommonStockSharesOutstanding,10-Q,2026-07-30
FSLR,COMPLETED,0.9444,PRICE_EARNINGS_RATIO,13.183717,RATIO,TRAILING_TWELVE_MONTHS,2026-06-30,EntityCommonStockSharesOutstanding NetIncomeLoss,10-Q,2026-07-30
FSLR,COMPLETED,0.9444,PRICE_SALES_RATIO,4.280151,RATIO,TRAILING_TWELVE_MONTHS,2026-06-30,EntityCommonStockSharesOutstanding Revenues,10-Q,2026-07-30
FSLR,COMPLETED,0.9444,PRICE_FREE_CASH_FLOW_RATIO,15.344752,RATIO,TRAILING_TWELVE_MONTHS,2026-06-30,EntityCommonStockSharesOutstanding NetCashProvidedByUsedInOperatingActivities PaymentsToAcquirePropertyPlantAndEquipment,10-Q,2026-07-30
GDDY,COMPLETED,0.8889,REVENUE,5104100000.000000,CURRENCY,TRAILING_TWELVE_MONTHS,2026-06-30,RevenueFromContractWithCustomerExcludingAssessedTax,10-Q,2026-07-31
GDDY,COMPLETED,0.8889,NET_INCOME,910300000.000000,CURRENCY,TRAILING_TWELVE_MONTHS,2026-06-30,NetIncomeLoss,10-Q,2026-07-31
GDDY,COMPLETED,0.8889,FREE_CASH_FLOW,1702900000.000000,CURRENCY,TRAILING_TWELVE_MONTHS,2026-06-30,NetCashProvidedByUsedInOperatingActivities PaymentsToAcquirePropertyPlantAndEquipment,10-Q,2026-07-31
GDDY,COMPLETED,0.8889,FREE_CASH_FLOW_MARGIN,0.333634,FRACTION,TRAILING_TWELVE_MONTHS,2026-06-30,NetCashProvidedByUsedInOperatingActivities PaymentsToAcquirePropertyPlantAndEquipment RevenueFromContractWithCustomerExcludingAssessedTax,10-Q,2026-07-31
GDDY,COMPLETED,0.8889,OPERATING_MARGIN,0.248173,FRACTION,TRAILING_TWELVE_MONTHS,2026-06-30,OperatingIncomeLoss RevenueFromContractWithCustomerExcludingAssessedTax,10-Q,2026-07-31
GDDY,COMPLETED,0.8889,NET_MARGIN,0.178347,FRACTION,TRAILING_TWELVE_MONTHS,2026-06-30,NetIncomeLoss RevenueFromContractWithCustomerExcludingAssessedTax,10-Q,2026-07-31
GDDY,COMPLETED,0.8889,RETURN_ON_EQUITY,135.865672,FRACTION,TRAILING_TWELVE_MONTHS,2026-06-30,NetIncomeLoss StockholdersEquity,10-Q,2026-07-31
GDDY,COMPLETED,0.8889,RETURN_ON_ASSETS,0.113836,FRACTION,TRAILING_TWELVE_MONTHS,2026-06-30,NetIncomeLoss Assets,10-Q,2026-07-31
GDDY,COMPLETED,0.8889,CURRENT_RATIO,0.632125,RATIO,POINT_IN_TIME,2026-06-30,AssetsCurrent LiabilitiesCurrent,10-Q,2026-07-31
GDDY,COMPLETED,0.8889,REVENUE_GROWTH,0.065647,FRACTION,FISCAL_YEAR,2025-12-31,RevenueFromContractWithCustomerExcludingAssessedTax RevenueFromContractWithCustomerExcludingAssessedTax,10-K,2026-02-25
GDDY,COMPLETED,0.8889,NET_INCOME_GROWTH,0.354377,FRACTION,FISCAL_YEAR,2025-12-31,NetIncomeLoss NetIncomeLoss,10-K,2026-02-25
GDDY,COMPLETED,0.8889,SHARE_COUNT_GROWTH,-0.036420,FRACTION,FISCAL_YEAR,2025-12-31,WeightedAverageNumberOfDilutedSharesOutstanding WeightedAverageNumberOfDilutedSharesOutstanding,10-K,2026-02-25
GDDY,COMPLETED,0.8889,MARKET_CAPITALIZATION,12292426150.240000,CURRENCY,POINT_IN_TIME,2026-07-24,EntityCommonStockSharesOutstanding,10-Q,2026-07-31
GDDY,COMPLETED,0.8889,PRICE_EARNINGS_RATIO,13.503709,RATIO,TRAILING_TWELVE_MONTHS,2026-06-30,EntityCommonStockSharesOutstanding NetIncomeLoss,10-Q,2026-07-31
GDDY,COMPLETED,0.8889,PRICE_SALES_RATIO,2.408344,RATIO,TRAILING_TWELVE_MONTHS,2026-06-30,EntityCommonStockSharesOutstanding RevenueFromContractWithCustomerExcludingAssessedTax,10-Q,2026-07-31
GDDY,COMPLETED,0.8889,PRICE_FREE_CASH_FLOW_RATIO,7.218525,RATIO,TRAILING_TWELVE_MONTHS,2026-06-30,EntityCommonStockSharesOutstanding NetCashProvidedByUsedInOperatingActivities PaymentsToAcquirePropertyPlantAndEquipment,10-Q,2026-07-31
GEV,COMPLETED,0.9444,REVENUE,41367000000.000000,CURRENCY,TRAILING_TWELVE_MONTHS,2026-06-30,RevenueFromContractWithCustomerExcludingAssessedTax,10-Q,2026-07-22
GEV,COMPLETED,0.9444,NET_INCOME,9529000000.000000,CURRENCY,TRAILING_TWELVE_MONTHS,2026-06-30,NetIncomeLoss,10-Q,2026-07-22
GEV,COMPLETED,0.9444,FREE_CASH_FLOW,12438000000.000000,CURRENCY,TRAILING_TWELVE_MONTHS,2026-06-30,NetCashProvidedByUsedInOperatingActivities PaymentsToAcquireProductiveAssets,10-Q,2026-07-22
GEV,COMPLETED,0.9444,FREE_CASH_FLOW_MARGIN,0.300674,FRACTION,TRAILING_TWELVE_MONTHS,2026-06-30,NetCashProvidedByUsedInOperatingActivities PaymentsToAcquireProductiveAssets RevenueFromContractWithCustomerExcludingAssessedTax,10-Q,2026-07-22
GEV,COMPLETED,0.9444,GROSS_MARGIN,0.202069,FRACTION,TRAILING_TWELVE_MONTHS,2026-06-30,GrossProfit RevenueFromContractWithCustomerExcludingAssessedTax,10-Q,2026-07-22
GEV,COMPLETED,0.9444,OPERATING_MARGIN,0.043513,FRACTION,TRAILING_TWELVE_MONTHS,2026-06-30,OperatingIncomeLoss RevenueFromContractWithCustomerExcludingAssessedTax,10-Q,2026-07-22
GEV,COMPLETED,0.9444,NET_MARGIN,0.230353,FRACTION,TRAILING_TWELVE_MONTHS,2026-06-30,NetIncomeLoss RevenueFromContractWithCustomerExcludingAssessedTax,10-Q,2026-07-22
GEV,COMPLETED,0.9444,RETURN_ON_EQUITY,0.796939,FRACTION,TRAILING_TWELVE_MONTHS,2026-06-30,NetIncomeLoss StockholdersEquity,10-Q,2026-07-22
GEV,COMPLETED,0.9444,RETURN_ON_ASSETS,0.117933,FRACTION,TRAILING_TWELVE_MONTHS,2026-06-30,NetIncomeLoss Assets,10-Q,2026-07-22
GEV,COMPLETED,0.9444,DEBT_TO_EQUITY,5.660701,RATIO,POINT_IN_TIME,2026-06-30,Liabilities StockholdersEquity,10-Q,2026-07-22
GEV,COMPLETED,0.9444,CURRENT_RATIO,0.849597,RATIO,POINT_IN_TIME,2026-06-30,AssetsCurrent LiabilitiesCurrent,10-Q,2026-07-22
GEV,COMPLETED,0.9444,REVENUE_GROWTH,0.086823,FRACTION,FISCAL_YEAR,2025-12-31,RevenueFromContractWithCustomerExcludingAssessedTax RevenueFromContractWithCustomerExcludingAssessedTax,10-K,2026-01-29
GEV,COMPLETED,0.9444,SHARE_COUNT_GROWTH,0.003643,FRACTION,FISCAL_YEAR,2025-12-31,WeightedAverageNumberOfDilutedSharesOutstanding WeightedAverageNumberOfDilutedSharesOutstanding,10-K,2026-01-29
GEV,COMPLETED,0.9444,MARKET_CAPITALIZATION,254843950315.660004,CURRENCY,POINT_IN_TIME,2026-06-30,EntityCommonStockSharesOutstanding,10-Q,2026-07-22
GEV,COMPLETED,0.9444,PRICE_EARNINGS_RATIO,26.744039,RATIO,TRAILING_TWELVE_MONTHS,2026-06-30,EntityCommonStockSharesOutstanding NetIncomeLoss,10-Q,2026-07-22
GEV,COMPLETED,0.9444,PRICE_SALES_RATIO,6.160562,RATIO,TRAILING_TWELVE_MONTHS,2026-06-30,EntityCommonStockSharesOutstanding RevenueFromContractWithCustomerExcludingAssessedTax,10-Q,2026-07-22
GEV,COMPLETED,0.9444,PRICE_FREE_CASH_FLOW_RATIO,20.489142,RATIO,TRAILING_TWELVE_MONTHS,2026-06-30,EntityCommonStockSharesOutstanding NetCashProvidedByUsedInOperatingActivities PaymentsToAcquireProductiveAssets,10-Q,2026-07-22
GGG,COMPLETED,0.9444,REVENUE,2267210000.000000,CURRENCY,TRAILING_TWELVE_MONTHS,2026-06-26,Revenues,10-Q,2026-07-22
GGG,COMPLETED,0.9444,NET_INCOME,533548000.000000,CURRENCY,TRAILING_TWELVE_MONTHS,2026-06-26,NetIncomeLoss,10-Q,2026-07-22
GGG,COMPLETED,0.9444,FREE_CASH_FLOW,629455000.000000,CURRENCY,TRAILING_TWELVE_MONTHS,2026-06-26,NetCashProvidedByUsedInOperatingActivities PaymentsToAcquirePropertyPlantAndEquipment,10-Q,2026-07-22
GGG,COMPLETED,0.9444,FREE_CASH_FLOW_MARGIN,0.277634,FRACTION,TRAILING_TWELVE_MONTHS,2026-06-26,NetCashProvidedByUsedInOperatingActivities PaymentsToAcquirePropertyPlantAndEquipment Revenues,10-Q,2026-07-22
GGG,COMPLETED,0.9444,GROSS_MARGIN,0.526420,FRACTION,TRAILING_TWELVE_MONTHS,2026-06-26,GrossProfit Revenues,10-Q,2026-07-22
GGG,COMPLETED,0.9444,OPERATING_MARGIN,0.280596,FRACTION,TRAILING_TWELVE_MONTHS,2026-06-26,OperatingIncomeLoss Revenues,10-Q,2026-07-22
GGG,COMPLETED,0.9444,NET_MARGIN,0.235332,FRACTION,TRAILING_TWELVE_MONTHS,2026-06-26,NetIncomeLoss Revenues,10-Q,2026-07-22
GGG,COMPLETED,0.9444,RETURN_ON_EQUITY,0.211500,FRACTION,TRAILING_TWELVE_MONTHS,2026-06-26,NetIncomeLoss StockholdersEquity,10-Q,2026-07-22
GGG,COMPLETED,0.9444,RETURN_ON_ASSETS,0.170438,FRACTION,TRAILING_TWELVE_MONTHS,2026-06-26,NetIncomeLoss Assets,10-Q,2026-07-22
GGG,COMPLETED,0.9444,CURRENT_RATIO,2.992368,RATIO,POINT_IN_TIME,2026-06-26,AssetsCurrent LiabilitiesCurrent,10-Q,2026-07-22
GGG,COMPLETED,0.9444,REVENUE_GROWTH,0.014270,FRACTION,FISCAL_YEAR,2025-12-26,Revenues Revenues,10-K,2026-02-17
GGG,COMPLETED,0.9444,NET_INCOME_GROWTH,0.042454,FRACTION,FISCAL_YEAR,2025-12-26,NetIncomeLoss NetIncomeLoss,10-K,2026-02-17
GGG,COMPLETED,0.9444,SHARE_COUNT_GROWTH,-0.008691,FRACTION,FISCAL_YEAR,2025-12-26,WeightedAverageNumberOfDilutedSharesOutstanding WeightedAverageNumberOfDilutedSharesOutstanding,10-K,2026-02-17
GGG,COMPLETED,0.9444,MARKET_CAPITALIZATION,13058336829.119999,CURRENCY,POINT_IN_TIME,2026-07-08,EntityCommonStockSharesOutstanding,10-Q,2026-07-22
GGG,COMPLETED,0.9444,PRICE_EARNINGS_RATIO,24.474531,RATIO,TRAILING_TWELVE_MONTHS,2026-06-26,EntityCommonStockSharesOutstanding NetIncomeLoss,10-Q,2026-07-22
GGG,COMPLETED,0.9444,PRICE_SALES_RATIO,5.759650,RATIO,TRAILING_TWELVE_MONTHS,2026-06-26,EntityCommonStockSharesOutstanding Revenues,10-Q,2026-07-22
GGG,COMPLETED,0.9444,PRICE_FREE_CASH_FLOW_RATIO,20.745465,RATIO,TRAILING_TWELVE_MONTHS,2026-06-26,EntityCommonStockSharesOutstanding NetCashProvidedByUsedInOperatingActivities PaymentsToAcquirePropertyPlantAndEquipment,10-Q,2026-07-22
GOLD,COMPLETED,0.9444,REVENUE,23020443000.000000,CURRENCY,TRAILING_TWELVE_MONTHS,2026-03-31,Revenues,10-Q,2026-05-11
GOLD,COMPLETED,0.9444,NET_INCOME,80508000.000000,CURRENCY,TRAILING_TWELVE_MONTHS,2026-03-31,NetIncomeLoss,10-Q,2026-05-11
GOLD,COMPLETED,0.9444,FREE_CASH_FLOW,206890000.000000,CURRENCY,TRAILING_TWELVE_MONTHS,2026-03-31,NetCashProvidedByUsedInOperatingActivities PaymentsToAcquirePropertyPlantAndEquipment,10-Q,2026-05-11
GOLD,COMPLETED,0.9444,FREE_CASH_FLOW_MARGIN,0.008987,FRACTION,TRAILING_TWELVE_MONTHS,2026-03-31,NetCashProvidedByUsedInOperatingActivities PaymentsToAcquirePropertyPlantAndEquipment Revenues,10-Q,2026-05-11
GOLD,COMPLETED,0.9444,GROSS_MARGIN,0.018442,FRACTION,TRAILING_TWELVE_MONTHS,2026-03-31,GrossProfit Revenues,10-Q,2026-05-11
GOLD,COMPLETED,0.9444,NET_MARGIN,0.003497,FRACTION,TRAILING_TWELVE_MONTHS,2026-03-31,NetIncomeLoss Revenues,10-Q,2026-05-11
GOLD,COMPLETED,0.9444,RETURN_ON_EQUITY,0.095015,FRACTION,TRAILING_TWELVE_MONTHS,2026-03-31,NetIncomeLoss StockholdersEquity,10-Q,2026-05-11
GOLD,COMPLETED,0.9444,RETURN_ON_ASSETS,0.019288,FRACTION,TRAILING_TWELVE_MONTHS,2026-03-31,NetIncomeLoss Assets,10-Q,2026-05-11
GOLD,COMPLETED,0.9444,DEBT_TO_EQUITY,3.855931,RATIO,POINT_IN_TIME,2026-03-31,Liabilities StockholdersEquity,10-Q,2026-05-11
GOLD,COMPLETED,0.9444,CURRENT_RATIO,1.176001,RATIO,POINT_IN_TIME,2026-03-31,AssetsCurrent LiabilitiesCurrent,10-Q,2026-05-11
GOLD,COMPLETED,0.9444,REVENUE_GROWTH,0.103991,FRACTION,FISCAL_YEAR,2025-06-30,Revenues Revenues,10-K,2025-09-11
GOLD,COMPLETED,0.9444,NET_INCOME_GROWTH,-0.492537,FRACTION,FISCAL_YEAR,2025-06-30,NetIncomeLoss NetIncomeLoss,10-K,2025-09-11
GOLD,COMPLETED,0.9444,SHARE_COUNT_GROWTH,-0.004210,FRACTION,FISCAL_YEAR,2025-06-30,WeightedAverageNumberOfDilutedSharesOutstanding WeightedAverageNumberOfDilutedSharesOutstanding,10-K,2025-09-11
GOLD,COMPLETED,0.9444,MARKET_CAPITALIZATION,1315215722.840000,CURRENCY,POINT_IN_TIME,2026-05-01,EntityCommonStockSharesOutstanding,10-Q,2026-05-11
GOLD,COMPLETED,0.9444,PRICE_EARNINGS_RATIO,16.336460,RATIO,TRAILING_TWELVE_MONTHS,2026-03-31,EntityCommonStockSharesOutstanding NetIncomeLoss,10-Q,2026-05-11
GOLD,COMPLETED,0.9444,PRICE_SALES_RATIO,0.057133,RATIO,TRAILING_TWELVE_MONTHS,2026-03-31,EntityCommonStockSharesOutstanding Revenues,10-Q,2026-05-11
GOLD,COMPLETED,0.9444,PRICE_FREE_CASH_FLOW_RATIO,6.357077,RATIO,TRAILING_TWELVE_MONTHS,2026-03-31,EntityCommonStockSharesOutstanding NetCashProvidedByUsedInOperatingActivities PaymentsToAcquirePropertyPlantAndEquipment,10-Q,2026-05-11
GOOGL,COMPLETED,0.7222,REVENUE,445866000000.000000,CURRENCY,TRAILING_TWELVE_MONTHS,2026-06-30,Revenues,10-Q,2026-07-23
GOOGL,COMPLETED,0.7222,NET_INCOME,244205000000.000000,CURRENCY,TRAILING_TWELVE_MONTHS,2026-06-30,NetIncomeLoss,10-Q,2026-07-23
GOOGL,COMPLETED,0.7222,FREE_CASH_FLOW,53273000000.000000,CURRENCY,TRAILING_TWELVE_MONTHS,2026-06-30,NetCashProvidedByUsedInOperatingActivities PaymentsToAcquirePropertyPlantAndEquipment,10-Q,2026-07-23
GOOGL,COMPLETED,0.7222,FREE_CASH_FLOW_MARGIN,0.119482,FRACTION,TRAILING_TWELVE_MONTHS,2026-06-30,NetCashProvidedByUsedInOperatingActivities PaymentsToAcquirePropertyPlantAndEquipment Revenues,10-Q,2026-07-23
GOOGL,COMPLETED,0.7222,OPERATING_MARGIN,0.331104,FRACTION,TRAILING_TWELVE_MONTHS,2026-06-30,OperatingIncomeLoss Revenues,10-Q,2026-07-23
GOOGL,COMPLETED,0.7222,NET_MARGIN,0.547709,FRACTION,TRAILING_TWELVE_MONTHS,2026-06-30,NetIncomeLoss Revenues,10-Q,2026-07-23
GOOGL,COMPLETED,0.7222,RETURN_ON_EQUITY,0.381284,FRACTION,TRAILING_TWELVE_MONTHS,2026-06-30,NetIncomeLoss StockholdersEquity,10-Q,2026-07-23
GOOGL,COMPLETED,0.7222,RETURN_ON_ASSETS,0.264869,FRACTION,TRAILING_TWELVE_MONTHS,2026-06-30,NetIncomeLoss Assets,10-Q,2026-07-23
GOOGL,COMPLETED,0.7222,DEBT_TO_EQUITY,0.439519,RATIO,POINT_IN_TIME,2026-06-30,Liabilities StockholdersEquity,10-Q,2026-07-23
GOOGL,COMPLETED,0.7222,CURRENT_RATIO,2.723981,RATIO,POINT_IN_TIME,2026-06-30,AssetsCurrent LiabilitiesCurrent,10-Q,2026-07-23
GOOGL,COMPLETED,0.7222,REVENUE_GROWTH,0.125117,FRACTION,FISCAL_YEAR,2025-12-31,RevenueFromContractWithCustomerExcludingAssessedTax Revenues,10-K,2026-02-05
GOOGL,COMPLETED,0.7222,NET_INCOME_GROWTH,0.301352,FRACTION,FISCAL_YEAR,2025-12-31,NetIncomeLoss NetIncomeLoss,10-K,2026-02-05
GOOGL,COMPLETED,0.7222,SHARE_COUNT_GROWTH,-0.019527,FRACTION,FISCAL_YEAR,2025-12-31,WeightedAverageNumberOfDilutedSharesOutstanding WeightedAverageNumberOfDilutedSharesOutstanding,10-K,2026-02-05
GPN,COMPLETED,0.8889,REVENUE,10206746000.000000,CURRENCY,TRAILING_TWELVE_MONTHS,2026-06-30,RevenueFromContractWithCustomerExcludingAssessedTax,10-Q,2026-08-05
GPN,COMPLETED,0.8889,NET_INCOME,-934174000.000000,CURRENCY,TRAILING_TWELVE_MONTHS,2026-06-30,NetIncomeLoss,10-Q,2026-08-05
GPN,COMPLETED,0.8889,FREE_CASH_FLOW,822719000.000000,CURRENCY,TRAILING_TWELVE_MONTHS,2026-06-30,NetCashProvidedByUsedInOperatingActivities PaymentsToAcquireProductiveAssets,10-Q,2026-08-05
GPN,COMPLETED,0.8889,FREE_CASH_FLOW_MARGIN,0.080605,FRACTION,TRAILING_TWELVE_MONTHS,2026-06-30,NetCashProvidedByUsedInOperatingActivities PaymentsToAcquireProductiveAssets RevenueFromContractWithCustomerExcludingAssessedTax,10-Q,2026-08-05
GPN,COMPLETED,0.8889,OPERATING_MARGIN,0.128428,FRACTION,TRAILING_TWELVE_MONTHS,2026-06-30,OperatingIncomeLoss RevenueFromContractWithCustomerExcludingAssessedTax,10-Q,2026-08-05
GPN,COMPLETED,0.8889,NET_MARGIN,-0.091525,FRACTION,TRAILING_TWELVE_MONTHS,2026-06-30,NetIncomeLoss RevenueFromContractWithCustomerExcludingAssessedTax,10-Q,2026-08-05
GPN,COMPLETED,0.8889,RETURN_ON_EQUITY,-0.040422,FRACTION,TRAILING_TWELVE_MONTHS,2026-06-30,NetIncomeLoss StockholdersEquity,10-Q,2026-08-05
GPN,COMPLETED,0.8889,RETURN_ON_ASSETS,-0.014694,FRACTION,TRAILING_TWELVE_MONTHS,2026-06-30,NetIncomeLoss Assets,10-Q,2026-08-05
GPN,COMPLETED,0.8889,DEBT_TO_EQUITY,1.713671,RATIO,POINT_IN_TIME,2026-06-30,Liabilities StockholdersEquity,10-Q,2026-08-05
GPN,COMPLETED,0.8889,CURRENT_RATIO,0.824502,RATIO,POINT_IN_TIME,2026-06-30,AssetsCurrent LiabilitiesCurrent,10-Q,2026-08-05
GPN,COMPLETED,0.8889,REVENUE_GROWTH,-0.049568,FRACTION,FISCAL_YEAR,2025-12-31,RevenueFromContractWithCustomerExcludingAssessedTax RevenueFromContractWithCustomerExcludingAssessedTax,10-K,2026-02-20
GPN,COMPLETED,0.8889,NET_INCOME_GROWTH,1.324366,FRACTION,FISCAL_YEAR,2025-12-31,NetIncomeLoss NetIncomeLoss,10-K,2026-02-20
GPN,COMPLETED,0.8889,SHARE_COUNT_GROWTH,-0.038355,FRACTION,FISCAL_YEAR,2025-12-31,WeightedAverageNumberOfDilutedSharesOutstanding WeightedAverageNumberOfDilutedSharesOutstanding,10-K,2026-02-20
GPN,COMPLETED,0.8889,MARKET_CAPITALIZATION,24731234729.399998,CURRENCY,POINT_IN_TIME,2026-07-31,EntityCommonStockSharesOutstanding,10-Q,2026-08-05
GPN,COMPLETED,0.8889,PRICE_SALES_RATIO,2.423028,RATIO,TRAILING_TWELVE_MONTHS,2026-06-30,EntityCommonStockSharesOutstanding RevenueFromContractWithCustomerExcludingAssessedTax,10-Q,2026-08-05
GPN,COMPLETED,0.8889,PRICE_FREE_CASH_FLOW_RATIO,30.060367,RATIO,TRAILING_TWELVE_MONTHS,2026-06-30,EntityCommonStockSharesOutstanding NetCashProvidedByUsedInOperatingActivities PaymentsToAcquireProductiveAssets,10-Q,2026-08-05
GS,COMPLETED,0.7778,REVENUE,66203000000.000000,CURRENCY,TRAILING_TWELVE_MONTHS,2026-06-30,RevenuesNetOfInterestExpense,10-Q,2026-08-03
GS,COMPLETED,0.7778,NET_INCOME,20973000000.000000,CURRENCY,TRAILING_TWELVE_MONTHS,2026-06-30,NetIncomeLoss,10-Q,2026-08-03
GS,COMPLETED,0.7778,FREE_CASH_FLOW,-41515000000.000000,CURRENCY,TRAILING_TWELVE_MONTHS,2026-06-30,NetCashProvidedByUsedInOperatingActivities PaymentsToAcquirePropertyPlantAndEquipment,10-Q,2026-08-03
GS,COMPLETED,0.7778,FREE_CASH_FLOW_MARGIN,-0.627086,FRACTION,TRAILING_TWELVE_MONTHS,2026-06-30,NetCashProvidedByUsedInOperatingActivities PaymentsToAcquirePropertyPlantAndEquipment RevenuesNetOfInterestExpense,10-Q,2026-08-03
GS,COMPLETED,0.7778,NET_MARGIN,0.316798,FRACTION,TRAILING_TWELVE_MONTHS,2026-06-30,NetIncomeLoss RevenuesNetOfInterestExpense,10-Q,2026-08-03
GS,COMPLETED,0.7778,RETURN_ON_EQUITY,0.170871,FRACTION,TRAILING_TWELVE_MONTHS,2026-06-30,NetIncomeLoss StockholdersEquity,10-Q,2026-08-03
GS,COMPLETED,0.7778,RETURN_ON_ASSETS,0.009857,FRACTION,TRAILING_TWELVE_MONTHS,2026-06-30,NetIncomeLoss Assets,10-Q,2026-08-03
GS,COMPLETED,0.7778,DEBT_TO_EQUITY,16.334824,RATIO,POINT_IN_TIME,2026-06-30,Liabilities StockholdersEquity,10-Q,2026-08-03
GS,COMPLETED,0.7778,REVENUE_GROWTH,0.071589,FRACTION,FISCAL_YEAR,2025-12-31,RevenuesNetOfInterestExpense RevenuesNetOfInterestExpense,10-K,2026-02-25
GS,COMPLETED,0.7778,NET_INCOME_GROWTH,0.151105,FRACTION,FISCAL_YEAR,2025-12-31,NetIncomeLoss NetIncomeLoss,10-K,2026-02-25
GS,COMPLETED,0.7778,SHARE_COUNT_GROWTH,-0.041642,FRACTION,FISCAL_YEAR,2025-12-31,WeightedAverageNumberOfDilutedSharesOutstanding WeightedAverageNumberOfDilutedSharesOutstanding,10-K,2026-02-25
GS,COMPLETED,0.7778,MARKET_CAPITALIZATION,302646473189.280029,CURRENCY,POINT_IN_TIME,2026-07-17,EntityCommonStockSharesOutstanding,10-Q,2026-08-03
GS,COMPLETED,0.7778,PRICE_EARNINGS_RATIO,14.430290,RATIO,TRAILING_TWELVE_MONTHS,2026-06-30,EntityCommonStockSharesOutstanding NetIncomeLoss,10-Q,2026-08-03
GS,COMPLETED,0.7778,PRICE_SALES_RATIO,4.571492,RATIO,TRAILING_TWELVE_MONTHS,2026-06-30,EntityCommonStockSharesOutstanding RevenuesNetOfInterestExpense,10-Q,2026-08-03
GWW,COMPLETED,0.9444,REVENUE,18845000000.000000,CURRENCY,TRAILING_TWELVE_MONTHS,2026-06-30,RevenueFromContractWithCustomerExcludingAssessedTax,10-Q,2026-08-04
GWW,COMPLETED,0.9444,NET_INCOME,1870000000.000000,CURRENCY,TRAILING_TWELVE_MONTHS,2026-06-30,NetIncomeLoss,10-Q,2026-08-04
GWW,COMPLETED,0.9444,FREE_CASH_FLOW,1510000000.000000,CURRENCY,TRAILING_TWELVE_MONTHS,2026-06-30,NetCashProvidedByUsedInOperatingActivities PaymentsToAcquirePropertyPlantAndEquipment,10-Q,2026-08-04
GWW,COMPLETED,0.9444,FREE_CASH_FLOW_MARGIN,0.080127,FRACTION,TRAILING_TWELVE_MONTHS,2026-06-30,NetCashProvidedByUsedInOperatingActivities PaymentsToAcquirePropertyPlantAndEquipment RevenueFromContractWithCustomerExcludingAssessedTax,10-Q,2026-08-04
GWW,COMPLETED,0.9444,GROSS_MARGIN,0.393951,FRACTION,TRAILING_TWELVE_MONTHS,2026-06-30,GrossProfit RevenueFromContractWithCustomerExcludingAssessedTax,10-Q,2026-08-04
GWW,COMPLETED,0.9444,OPERATING_MARGIN,0.145662,FRACTION,TRAILING_TWELVE_MONTHS,2026-06-30,OperatingIncomeLoss RevenueFromContractWithCustomerExcludingAssessedTax,10-Q,2026-08-04
GWW,COMPLETED,0.9444,NET_MARGIN,0.099231,FRACTION,TRAILING_TWELVE_MONTHS,2026-06-30,NetIncomeLoss RevenueFromContractWithCustomerExcludingAssessedTax,10-Q,2026-08-04
GWW,COMPLETED,0.9444,RETURN_ON_EQUITY,0.452675,FRACTION,TRAILING_TWELVE_MONTHS,2026-06-30,NetIncomeLoss StockholdersEquity,10-Q,2026-08-04
GWW,COMPLETED,0.9444,RETURN_ON_ASSETS,0.194427,FRACTION,TRAILING_TWELVE_MONTHS,2026-06-30,NetIncomeLoss Assets,10-Q,2026-08-04
GWW,COMPLETED,0.9444,CURRENT_RATIO,2.805426,RATIO,POINT_IN_TIME,2026-06-30,AssetsCurrent LiabilitiesCurrent,10-Q,2026-08-04
GWW,COMPLETED,0.9444,REVENUE_GROWTH,0.056191,FRACTION,FISCAL_YEAR,2025-12-31,RevenueFromContractWithCustomerExcludingAssessedTax RevenueFromContractWithCustomerExcludingAssessedTax,10-K,2026-02-19
GWW,COMPLETED,0.9444,NET_INCOME_GROWTH,0.033149,FRACTION,FISCAL_YEAR,2025-12-31,NetIncomeLoss NetIncomeLoss,10-K,2026-02-19
GWW,COMPLETED,0.9444,SHARE_COUNT_GROWTH,-0.021182,FRACTION,FISCAL_YEAR,2025-12-31,WeightedAverageNumberOfDilutedSharesOutstanding WeightedAverageNumberOfDilutedSharesOutstanding,10-K,2026-02-19
GWW,COMPLETED,0.9444,MARKET_CAPITALIZATION,61780421583.720001,CURRENCY,POINT_IN_TIME,2026-07-28,EntityCommonStockSharesOutstanding,10-Q,2026-08-04
GWW,COMPLETED,0.9444,PRICE_EARNINGS_RATIO,33.037659,RATIO,TRAILING_TWELVE_MONTHS,2026-06-30,EntityCommonStockSharesOutstanding NetIncomeLoss,10-Q,2026-08-04
GWW,COMPLETED,0.9444,PRICE_SALES_RATIO,3.278346,RATIO,TRAILING_TWELVE_MONTHS,2026-06-30,EntityCommonStockSharesOutstanding RevenueFromContractWithCustomerExcludingAssessedTax,10-Q,2026-08-04
GWW,COMPLETED,0.9444,PRICE_FREE_CASH_FLOW_RATIO,40.914186,RATIO,TRAILING_TWELVE_MONTHS,2026-06-30,EntityCommonStockSharesOutstanding NetCashProvidedByUsedInOperatingActivities PaymentsToAcquirePropertyPlantAndEquipment,10-Q,2026-08-04
HD,COMPLETED,1.0000,REVENUE,169176000000.000000,CURRENCY,TRAILING_TWELVE_MONTHS,2026-08-02,RevenueFromContractWithCustomerExcludingAssessedTax,10-Q,2026-08-25
HD,COMPLETED,1.0000,NET_INCOME,14227000000.000000,CURRENCY,TRAILING_TWELVE_MONTHS,2026-08-02,NetIncomeLoss,10-Q,2026-08-25
HD,COMPLETED,1.0000,FREE_CASH_FLOW,15099000000.000000,CURRENCY,TRAILING_TWELVE_MONTHS,2026-08-02,NetCashProvidedByUsedInOperatingActivities PaymentsToAcquireProductiveAssets,10-Q,2026-08-25
HD,COMPLETED,1.0000,FREE_CASH_FLOW_MARGIN,0.089250,FRACTION,TRAILING_TWELVE_MONTHS,2026-08-02,NetCashProvidedByUsedInOperatingActivities PaymentsToAcquireProductiveAssets RevenueFromContractWithCustomerExcludingAssessedTax,10-Q,2026-08-25
HD,COMPLETED,1.0000,GROSS_MARGIN,0.332062,FRACTION,TRAILING_TWELVE_MONTHS,2026-08-02,GrossProfit RevenueFromContractWithCustomerExcludingAssessedTax,10-Q,2026-08-25
HD,COMPLETED,1.0000,OPERATING_MARGIN,0.124261,FRACTION,TRAILING_TWELVE_MONTHS,2026-08-02,OperatingIncomeLoss RevenueFromContractWithCustomerExcludingAssessedTax,10-Q,2026-08-25
HD,COMPLETED,1.0000,NET_MARGIN,0.084096,FRACTION,TRAILING_TWELVE_MONTHS,2026-08-02,NetIncomeLoss RevenueFromContractWithCustomerExcludingAssessedTax,10-Q,2026-08-25
HD,COMPLETED,1.0000,RETURN_ON_EQUITY,0.856171,FRACTION,TRAILING_TWELVE_MONTHS,2026-08-02,NetIncomeLoss StockholdersEquity,10-Q,2026-08-25
HD,COMPLETED,1.0000,RETURN_ON_ASSETS,0.130065,FRACTION,TRAILING_TWELVE_MONTHS,2026-08-02,NetIncomeLoss Assets,10-Q,2026-08-25
HD,COMPLETED,1.0000,DEBT_TO_EQUITY,5.582656,RATIO,POINT_IN_TIME,2026-08-02,Liabilities StockholdersEquity,10-Q,2026-08-25
HD,COMPLETED,1.0000,CURRENT_RATIO,1.078084,RATIO,POINT_IN_TIME,2026-08-02,AssetsCurrent LiabilitiesCurrent,10-Q,2026-08-25
HD,COMPLETED,1.0000,REVENUE_GROWTH,0.015185,FRACTION,FISCAL_YEAR,2026-02-01,RevenueFromContractWithCustomerExcludingAssessedTax RevenueFromContractWithCustomerExcludingAssessedTax,10-K,2026-03-18
HD,COMPLETED,1.0000,NET_INCOME_GROWTH,-0.061129,FRACTION,FISCAL_YEAR,2026-02-01,NetIncomeLoss NetIncomeLoss,10-K,2026-03-18
HD,COMPLETED,1.0000,SHARE_COUNT_GROWTH,-0.003499,FRACTION,FISCAL_YEAR,2026-02-01,WeightedAverageNumberOfDilutedSharesOutstanding WeightedAverageNumberOfDilutedSharesOutstanding,10-K,2026-03-18
HD,COMPLETED,1.0000,MARKET_CAPITALIZATION,334934384344.459961,CURRENCY,POINT_IN_TIME,2026-08-18,EntityCommonStockSharesOutstanding,10-Q,2026-08-25
HD,COMPLETED,1.0000,PRICE_EARNINGS_RATIO,23.542165,RATIO,TRAILING_TWELVE_MONTHS,2026-08-02,EntityCommonStockSharesOutstanding NetIncomeLoss,10-Q,2026-08-25
HD,COMPLETED,1.0000,PRICE_SALES_RATIO,1.979798,RATIO,TRAILING_TWELVE_MONTHS,2026-08-02,EntityCommonStockSharesOutstanding RevenueFromContractWithCustomerExcludingAssessedTax,10-Q,2026-08-25
HD,COMPLETED,1.0000,PRICE_FREE_CASH_FLOW_RATIO,22.182554,RATIO,TRAILING_TWELVE_MONTHS,2026-08-02,EntityCommonStockSharesOutstanding NetCashProvidedByUsedInOperatingActivities PaymentsToAcquireProductiveAssets,10-Q,2026-08-25
HON,COMPLETED,0.8889,REVENUE,38057000000.000000,CURRENCY,TRAILING_TWELVE_MONTHS,2026-06-30,RevenueFromContractWithCustomerExcludingAssessedTax,10-Q,2026-07-23
HON,COMPLETED,0.8889,NET_INCOME,8213000000.000000,CURRENCY,TRAILING_TWELVE_MONTHS,2026-06-30,NetIncomeLoss,10-Q,2026-07-23
HON,COMPLETED,0.8889,FREE_CASH_FLOW,4010000000.000000,CURRENCY,TRAILING_TWELVE_MONTHS,2026-06-30,NetCashProvidedByUsedInOperatingActivities PaymentsToAcquirePropertyPlantAndEquipment,10-Q,2026-07-23
HON,COMPLETED,0.8889,FREE_CASH_FLOW_MARGIN,0.105368,FRACTION,TRAILING_TWELVE_MONTHS,2026-06-30,NetCashProvidedByUsedInOperatingActivities PaymentsToAcquirePropertyPlantAndEquipment RevenueFromContractWithCustomerExcludingAssessedTax,10-Q,2026-07-23
HON,COMPLETED,0.8889,OPERATING_MARGIN,0.220774,FRACTION,TRAILING_TWELVE_MONTHS,2026-06-30,OperatingIncomeLoss RevenueFromContractWithCustomerExcludingAssessedTax,10-Q,2026-07-23
HON,COMPLETED,0.8889,NET_MARGIN,0.215808,FRACTION,TRAILING_TWELVE_MONTHS,2026-06-30,NetIncomeLoss RevenueFromContractWithCustomerExcludingAssessedTax,10-Q,2026-07-23
HON,COMPLETED,0.8889,RETURN_ON_EQUITY,0.443060,FRACTION,TRAILING_TWELVE_MONTHS,2026-06-30,NetIncomeLoss StockholdersEquity,10-Q,2026-07-23
HON,COMPLETED,0.8889,RETURN_ON_ASSETS,0.106188,FRACTION,TRAILING_TWELVE_MONTHS,2026-06-30,NetIncomeLoss Assets,10-Q,2026-07-23
HON,COMPLETED,0.8889,CURRENT_RATIO,1.210615,RATIO,POINT_IN_TIME,2026-06-30,AssetsCurrent LiabilitiesCurrent,10-Q,2026-07-23
HON,COMPLETED,0.8889,REVENUE_GROWTH,0.018237,FRACTION,FISCAL_YEAR,2025-12-31,RevenueFromContractWithCustomerExcludingAssessedTax RevenueFromContractWithCustomerExcludingAssessedTax,10-K,2026-02-17
HON,COMPLETED,0.8889,NET_INCOME_GROWTH,-0.016168,FRACTION,FISCAL_YEAR,2025-12-31,NetIncomeLoss NetIncomeLoss,10-K,2026-02-17
HON,COMPLETED,0.8889,SHARE_COUNT_GROWTH,-0.019190,FRACTION,FISCAL_YEAR,2025-12-31,WeightedAverageNumberOfDilutedSharesOutstanding WeightedAverageNumberOfDilutedSharesOutstanding,10-K,2026-02-17
HON,COMPLETED,0.8889,MARKET_CAPITALIZATION,68455872759.900002,CURRENCY,POINT_IN_TIME,2026-06-30,EntityCommonStockSharesOutstanding,10-Q/A,2026-07-24
HON,COMPLETED,0.8889,PRICE_EARNINGS_RATIO,8.335063,RATIO,TRAILING_TWELVE_MONTHS,2026-06-30,EntityCommonStockSharesOutstanding NetIncomeLoss,10-Q 10-Q/A,2026-07-24
HON,COMPLETED,0.8889,PRICE_SALES_RATIO,1.798772,RATIO,TRAILING_TWELVE_MONTHS,2026-06-30,EntityCommonStockSharesOutstanding RevenueFromContractWithCustomerExcludingAssessedTax,10-Q 10-Q/A,2026-07-24
HON,COMPLETED,0.8889,PRICE_FREE_CASH_FLOW_RATIO,17.071290,RATIO,TRAILING_TWELVE_MONTHS,2026-06-30,EntityCommonStockSharesOutstanding NetCashProvidedByUsedInOperatingActivities PaymentsToAcquirePropertyPlantAndEquipment,10-Q 10-Q/A,2026-07-24
HRL,COMPLETED,0.7222,REVENUE,12146911000.000000,CURRENCY,TRAILING_TWELVE_MONTHS,2026-07-26,RevenueFromContractWithCustomerIncludingAssessedTax,10-Q,2026-08-27
HRL,COMPLETED,0.7222,NET_INCOME,342711000.000000,CURRENCY,TRAILING_TWELVE_MONTHS,2026-07-26,NetIncomeLoss,10-Q,2026-08-27
HRL,COMPLETED,0.7222,FREE_CASH_FLOW,780869000.000000,CURRENCY,TRAILING_TWELVE_MONTHS,2026-07-26,NetCashProvidedByUsedInOperatingActivities PaymentsToAcquirePropertyPlantAndEquipment,10-Q,2026-08-27
HRL,COMPLETED,0.7222,FREE_CASH_FLOW_MARGIN,0.064285,FRACTION,TRAILING_TWELVE_MONTHS,2026-07-26,NetCashProvidedByUsedInOperatingActivities PaymentsToAcquirePropertyPlantAndEquipment RevenueFromContractWithCustomerIncludingAssessedTax,10-Q,2026-08-27
HRL,COMPLETED,0.7222,GROSS_MARGIN,0.156784,FRACTION,TRAILING_TWELVE_MONTHS,2026-07-26,GrossProfit RevenueFromContractWithCustomerIncludingAssessedTax,10-Q,2026-08-27
HRL,COMPLETED,0.7222,OPERATING_MARGIN,0.047245,FRACTION,TRAILING_TWELVE_MONTHS,2026-07-26,OperatingIncomeLoss RevenueFromContractWithCustomerIncludingAssessedTax,10-Q,2026-08-27
HRL,COMPLETED,0.7222,NET_MARGIN,0.028214,FRACTION,TRAILING_TWELVE_MONTHS,2026-07-26,NetIncomeLoss RevenueFromContractWithCustomerIncludingAssessedTax,10-Q,2026-08-27
HRL,COMPLETED,0.7222,RETURN_ON_EQUITY,0.043694,FRACTION,TRAILING_TWELVE_MONTHS,2026-07-26,NetIncomeLoss StockholdersEquity,10-Q,2026-08-27
HRL,COMPLETED,0.7222,RETURN_ON_ASSETS,0.025783,FRACTION,TRAILING_TWELVE_MONTHS,2026-07-26,NetIncomeLoss Assets,10-Q,2026-08-27
HRL,COMPLETED,0.7222,CURRENT_RATIO,1.881673,RATIO,POINT_IN_TIME,2026-07-26,AssetsCurrent LiabilitiesCurrent,10-Q,2026-08-27
HRL,COMPLETED,0.7222,REVENUE_GROWTH,-0.009525,FRACTION,FISCAL_YEAR,2025-10-26,RevenueFromContractWithCustomerIncludingAssessedTax RevenueFromContractWithCustomerIncludingAssessedTax,10-K,2025-12-05
HRL,COMPLETED,0.7222,NET_INCOME_GROWTH,-0.218005,FRACTION,FISCAL_YEAR,2025-10-26,NetIncomeLoss NetIncomeLoss,10-K,2025-12-05
HRL,COMPLETED,0.7222,SHARE_COUNT_GROWTH,0.001378,FRACTION,FISCAL_YEAR,2025-10-26,WeightedAverageNumberOfDilutedSharesOutstanding WeightedAverageNumberOfDilutedSharesOutstanding,10-K,2025-12-05
HSY,COMPLETED,0.6111,REVENUE,12163912000.000000,CURRENCY,TRAILING_TWELVE_MONTHS,2026-06-28,RevenueFromContractWithCustomerExcludingAssessedTax,10-Q,2026-07-30
HSY,COMPLETED,0.6111,NET_INCOME,1489107000.000000,CURRENCY,TRAILING_TWELVE_MONTHS,2026-06-28,NetIncomeLoss,10-Q,2026-07-30
HSY,COMPLETED,0.6111,FREE_CASH_FLOW,2228157000.000000,CURRENCY,TRAILING_TWELVE_MONTHS,2026-06-28,NetCashProvidedByUsedInOperatingActivities PaymentsToAcquirePropertyPlantAndEquipment,10-Q,2026-07-30
HSY,COMPLETED,0.6111,FREE_CASH_FLOW_MARGIN,0.183178,FRACTION,TRAILING_TWELVE_MONTHS,2026-06-28,NetCashProvidedByUsedInOperatingActivities PaymentsToAcquirePropertyPlantAndEquipment RevenueFromContractWithCustomerExcludingAssessedTax,10-Q,2026-07-30
HSY,COMPLETED,0.6111,GROSS_MARGIN,0.383774,FRACTION,TRAILING_TWELVE_MONTHS,2026-06-28,GrossProfit RevenueFromContractWithCustomerExcludingAssessedTax,10-Q,2026-07-30
HSY,COMPLETED,0.6111,OPERATING_MARGIN,0.177807,FRACTION,TRAILING_TWELVE_MONTHS,2026-06-28,OperatingIncomeLoss RevenueFromContractWithCustomerExcludingAssessedTax,10-Q,2026-07-30
HSY,COMPLETED,0.6111,NET_MARGIN,0.122420,FRACTION,TRAILING_TWELVE_MONTHS,2026-06-28,NetIncomeLoss RevenueFromContractWithCustomerExcludingAssessedTax,10-Q,2026-07-30
HSY,COMPLETED,0.6111,RETURN_ON_ASSETS,0.106570,FRACTION,TRAILING_TWELVE_MONTHS,2026-06-28,NetIncomeLoss Assets,10-Q,2026-07-30
HSY,COMPLETED,0.6111,CURRENT_RATIO,1.180097,RATIO,POINT_IN_TIME,2026-06-28,AssetsCurrent LiabilitiesCurrent,10-Q,2026-07-30
HSY,COMPLETED,0.6111,REVENUE_GROWTH,0.039180,FRACTION,FISCAL_YEAR,2025-12-31,RevenueFromContractWithCustomerExcludingAssessedTax RevenueFromContractWithCustomerExcludingAssessedTax,10-K,2026-02-17
HSY,COMPLETED,0.6111,NET_INCOME_GROWTH,-0.187188,FRACTION,FISCAL_YEAR,2025-12-31,NetIncomeLoss NetIncomeLoss,10-K,2026-02-17
HUBB,COMPLETED,1.0000,REVENUE,5996100000.000000,CURRENCY,TRAILING_TWELVE_MONTHS,2026-03-31,RevenueFromContractWithCustomerExcludingAssessedTax,10-Q,2026-05-01
HUBB,COMPLETED,1.0000,NET_INCOME,905700000.000000,CURRENCY,TRAILING_TWELVE_MONTHS,2026-03-31,NetIncomeLoss,10-Q,2026-05-01
HUBB,COMPLETED,1.0000,FREE_CASH_FLOW,909300000.000000,CURRENCY,TRAILING_TWELVE_MONTHS,2026-03-31,NetCashProvidedByUsedInOperatingActivities PaymentsToAcquireProductiveAssets,10-Q,2026-05-01
HUBB,COMPLETED,1.0000,FREE_CASH_FLOW_MARGIN,0.151649,FRACTION,TRAILING_TWELVE_MONTHS,2026-03-31,NetCashProvidedByUsedInOperatingActivities PaymentsToAcquireProductiveAssets RevenueFromContractWithCustomerExcludingAssessedTax,10-Q,2026-05-01
HUBB,COMPLETED,1.0000,GROSS_MARGIN,0.354697,FRACTION,TRAILING_TWELVE_MONTHS,2026-03-31,GrossProfit RevenueFromContractWithCustomerExcludingAssessedTax,10-Q,2026-05-01
HUBB,COMPLETED,1.0000,OPERATING_MARGIN,0.207168,FRACTION,TRAILING_TWELVE_MONTHS,2026-03-31,OperatingIncomeLoss RevenueFromContractWithCustomerExcludingAssessedTax,10-Q,2026-05-01
HUBB,COMPLETED,1.0000,NET_MARGIN,0.151048,FRACTION,TRAILING_TWELVE_MONTHS,2026-03-31,NetIncomeLoss RevenueFromContractWithCustomerExcludingAssessedTax,10-Q,2026-05-01
HUBB,COMPLETED,1.0000,RETURN_ON_EQUITY,0.240328,FRACTION,TRAILING_TWELVE_MONTHS,2026-03-31,NetIncomeLoss StockholdersEquity,10-Q,2026-05-01
HUBB,COMPLETED,1.0000,RETURN_ON_ASSETS,0.107595,FRACTION,TRAILING_TWELVE_MONTHS,2026-03-31,NetIncomeLoss Assets,10-Q,2026-05-01
HUBB,COMPLETED,1.0000,DEBT_TO_EQUITY,1.230828,RATIO,POINT_IN_TIME,2026-03-31,Liabilities StockholdersEquity,10-Q,2026-05-01
HUBB,COMPLETED,1.0000,CURRENT_RATIO,1.578817,RATIO,POINT_IN_TIME,2026-03-31,AssetsCurrent LiabilitiesCurrent,10-Q,2026-05-01
HUBB,COMPLETED,1.0000,REVENUE_GROWTH,0.057088,FRACTION,FISCAL_YEAR,2025-12-31,RevenueFromContractWithCustomerExcludingAssessedTax RevenueFromContractWithCustomerExcludingAssessedTax,10-K,2026-02-12
HUBB,COMPLETED,1.0000,NET_INCOME_GROWTH,0.175673,FRACTION,FISCAL_YEAR,2025-12-31,NetIncomeLoss NetIncomeLoss,10-K,2026-02-12
HUBB,COMPLETED,1.0000,SHARE_COUNT_GROWTH,-0.004640,FRACTION,FISCAL_YEAR,2025-12-31,WeightedAverageNumberOfDilutedSharesOutstanding WeightedAverageNumberOfDilutedSharesOutstanding,10-K,2026-02-12
HUBB,COMPLETED,1.0000,MARKET_CAPITALIZATION,24841976203.240002,CURRENCY,POINT_IN_TIME,2026-04-27,EntityCommonStockSharesOutstanding,10-Q,2026-05-01
HUBB,COMPLETED,1.0000,PRICE_EARNINGS_RATIO,27.428482,RATIO,TRAILING_TWELVE_MONTHS,2026-03-31,EntityCommonStockSharesOutstanding NetIncomeLoss,10-Q,2026-05-01
HUBB,COMPLETED,1.0000,PRICE_SALES_RATIO,4.143022,RATIO,TRAILING_TWELVE_MONTHS,2026-03-31,EntityCommonStockSharesOutstanding RevenueFromContractWithCustomerExcludingAssessedTax,10-Q,2026-05-01
HUBB,COMPLETED,1.0000,PRICE_FREE_CASH_FLOW_RATIO,27.319890,RATIO,TRAILING_TWELVE_MONTHS,2026-03-31,EntityCommonStockSharesOutstanding NetCashProvidedByUsedInOperatingActivities PaymentsToAcquireProductiveAssets,10-Q,2026-05-01
IBM,COMPLETED,0.9444,REVENUE,69095000000.000000,CURRENCY,TRAILING_TWELVE_MONTHS,2026-06-30,Revenues,10-Q,2026-07-23
IBM,COMPLETED,0.9444,NET_INCOME,10725000000.000000,CURRENCY,TRAILING_TWELVE_MONTHS,2026-06-30,NetIncomeLoss,10-Q,2026-07-23
IBM,COMPLETED,0.9444,FREE_CASH_FLOW,13790000000.000000,CURRENCY,TRAILING_TWELVE_MONTHS,2026-06-30,NetCashProvidedByUsedInOperatingActivities PaymentsToAcquirePropertyPlantAndEquipment,10-Q,2026-07-23
IBM,COMPLETED,0.9444,FREE_CASH_FLOW_MARGIN,0.199580,FRACTION,TRAILING_TWELVE_MONTHS,2026-06-30,NetCashProvidedByUsedInOperatingActivities PaymentsToAcquirePropertyPlantAndEquipment Revenues,10-Q,2026-07-23
IBM,COMPLETED,0.9444,GROSS_MARGIN,0.581026,FRACTION,TRAILING_TWELVE_MONTHS,2026-06-30,GrossProfit Revenues,10-Q,2026-07-23
IBM,COMPLETED,0.9444,NET_MARGIN,0.155221,FRACTION,TRAILING_TWELVE_MONTHS,2026-06-30,NetIncomeLoss Revenues,10-Q,2026-07-23
IBM,COMPLETED,0.9444,RETURN_ON_EQUITY,0.311303,FRACTION,TRAILING_TWELVE_MONTHS,2026-06-30,NetIncomeLoss StockholdersEquity,10-Q,2026-07-23
IBM,COMPLETED,0.9444,RETURN_ON_ASSETS,0.070513,FRACTION,TRAILING_TWELVE_MONTHS,2026-06-30,NetIncomeLoss Assets,10-Q,2026-07-23
IBM,COMPLETED,0.9444,DEBT_TO_EQUITY,3.412226,RATIO,POINT_IN_TIME,2026-06-30,Liabilities StockholdersEquity,10-Q,2026-07-23
IBM,COMPLETED,0.9444,CURRENT_RATIO,0.790766,RATIO,POINT_IN_TIME,2026-06-30,AssetsCurrent LiabilitiesCurrent,10-Q,2026-07-23
IBM,COMPLETED,0.9444,REVENUE_GROWTH,0.037177,FRACTION,FISCAL_YEAR,2025-12-31,Revenues Revenues,10-K,2026-02-24
IBM,COMPLETED,0.9444,NET_INCOME_GROWTH,0.862716,FRACTION,FISCAL_YEAR,2025-12-31,NetIncomeLoss NetIncomeLoss,10-K,2026-02-24
IBM,COMPLETED,0.9444,SHARE_COUNT_GROWTH,0.014322,FRACTION,FISCAL_YEAR,2025-12-31,WeightedAverageNumberOfDilutedSharesOutstanding WeightedAverageNumberOfDilutedSharesOutstanding,10-K,2026-02-24
IBM,COMPLETED,0.9444,MARKET_CAPITALIZATION,222004547659.599976,CURRENCY,POINT_IN_TIME,2026-06-30,EntityCommonStockSharesOutstanding,10-Q,2026-07-23
IBM,COMPLETED,0.9444,PRICE_EARNINGS_RATIO,20.699725,RATIO,TRAILING_TWELVE_MONTHS,2026-06-30,EntityCommonStockSharesOutstanding NetIncomeLoss,10-Q,2026-07-23
IBM,COMPLETED,0.9444,PRICE_SALES_RATIO,3.213033,RATIO,TRAILING_TWELVE_MONTHS,2026-06-30,EntityCommonStockSharesOutstanding Revenues,10-Q,2026-07-23
IBM,COMPLETED,0.9444,PRICE_FREE_CASH_FLOW_RATIO,16.098952,RATIO,TRAILING_TWELVE_MONTHS,2026-06-30,EntityCommonStockSharesOutstanding NetCashProvidedByUsedInOperatingActivities PaymentsToAcquirePropertyPlantAndEquipment,10-Q,2026-07-23
IDXX,COMPLETED,1.0000,REVENUE,4553223000.000000,CURRENCY,TRAILING_TWELVE_MONTHS,2026-06-30,RevenueFromContractWithCustomerExcludingAssessedTax,10-Q,2026-08-04
IDXX,COMPLETED,1.0000,NET_INCOME,1139656000.000000,CURRENCY,TRAILING_TWELVE_MONTHS,2026-06-30,NetIncomeLoss,10-Q,2026-08-04
IDXX,COMPLETED,1.0000,FREE_CASH_FLOW,1254332000.000000,CURRENCY,TRAILING_TWELVE_MONTHS,2026-06-30,NetCashProvidedByUsedInOperatingActivities PaymentsToAcquirePropertyPlantAndEquipment,10-Q,2026-08-04
IDXX,COMPLETED,1.0000,FREE_CASH_FLOW_MARGIN,0.275482,FRACTION,TRAILING_TWELVE_MONTHS,2026-06-30,NetCashProvidedByUsedInOperatingActivities PaymentsToAcquirePropertyPlantAndEquipment RevenueFromContractWithCustomerExcludingAssessedTax,10-Q,2026-08-04
IDXX,COMPLETED,1.0000,GROSS_MARGIN,0.624457,FRACTION,TRAILING_TWELVE_MONTHS,2026-06-30,GrossProfit RevenueFromContractWithCustomerExcludingAssessedTax,10-Q,2026-08-04
IDXX,COMPLETED,1.0000,OPERATING_MARGIN,0.320345,FRACTION,TRAILING_TWELVE_MONTHS,2026-06-30,OperatingIncomeLoss RevenueFromContractWithCustomerExcludingAssessedTax,10-Q,2026-08-04
IDXX,COMPLETED,1.0000,NET_MARGIN,0.250297,FRACTION,TRAILING_TWELVE_MONTHS,2026-06-30,NetIncomeLoss RevenueFromContractWithCustomerExcludingAssessedTax,10-Q,2026-08-04
IDXX,COMPLETED,1.0000,RETURN_ON_EQUITY,0.706731,FRACTION,TRAILING_TWELVE_MONTHS,2026-06-30,NetIncomeLoss StockholdersEquity,10-Q,2026-08-04
IDXX,COMPLETED,1.0000,RETURN_ON_ASSETS,0.331071,FRACTION,TRAILING_TWELVE_MONTHS,2026-06-30,NetIncomeLoss Assets,10-Q,2026-08-04
IDXX,COMPLETED,1.0000,DEBT_TO_EQUITY,1.134682,RATIO,POINT_IN_TIME,2026-06-30,Liabilities StockholdersEquity,10-Q,2026-08-04
IDXX,COMPLETED,1.0000,CURRENT_RATIO,1.172268,RATIO,POINT_IN_TIME,2026-06-30,AssetsCurrent LiabilitiesCurrent,10-Q,2026-08-04
IDXX,COMPLETED,1.0000,REVENUE_GROWTH,0.085223,FRACTION,FISCAL_YEAR,2025-12-31,RevenueFromContractWithCustomerExcludingAssessedTax RevenueFromContractWithCustomerExcludingAssessedTax,10-K,2026-02-20
IDXX,COMPLETED,1.0000,NET_INCOME_GROWTH,0.159809,FRACTION,FISCAL_YEAR,2025-12-31,NetIncomeLoss NetIncomeLoss,10-K,2026-02-20
IDXX,COMPLETED,1.0000,SHARE_COUNT_GROWTH,-0.017739,FRACTION,FISCAL_YEAR,2025-12-31,WeightedAverageNumberOfDilutedSharesOutstanding WeightedAverageNumberOfDilutedSharesOutstanding,10-K,2026-02-20
IDXX,COMPLETED,1.0000,MARKET_CAPITALIZATION,43873991311.559998,CURRENCY,POINT_IN_TIME,2026-07-31,EntityCommonStockSharesOutstanding,10-Q,2026-08-04
IDXX,COMPLETED,1.0000,PRICE_EARNINGS_RATIO,38.497574,RATIO,TRAILING_TWELVE_MONTHS,2026-06-30,EntityCommonStockSharesOutstanding NetIncomeLoss,10-Q,2026-08-04
IDXX,COMPLETED,1.0000,PRICE_SALES_RATIO,9.635810,RATIO,TRAILING_TWELVE_MONTHS,2026-06-30,EntityCommonStockSharesOutstanding RevenueFromContractWithCustomerExcludingAssessedTax,10-Q,2026-08-04
IDXX,COMPLETED,1.0000,PRICE_FREE_CASH_FLOW_RATIO,34.977973,RATIO,TRAILING_TWELVE_MONTHS,2026-06-30,EntityCommonStockSharesOutstanding NetCashProvidedByUsedInOperatingActivities PaymentsToAcquirePropertyPlantAndEquipment,10-Q,2026-08-04
INTC,COMPLETED,0.8333,REVENUE,57032000000.000000,CURRENCY,TRAILING_TWELVE_MONTHS,2026-06-27,RevenueFromContractWithCustomerExcludingAssessedTax,10-Q,2026-07-24
INTC,COMPLETED,0.8333,NET_INCOME,-11289000000.000000,CURRENCY,TRAILING_TWELVE_MONTHS,2026-06-27,NetIncomeLoss,10-Q,2026-07-24
INTC,COMPLETED,0.8333,FREE_CASH_FLOW,2831000000.000000,CURRENCY,TRAILING_TWELVE_MONTHS,2026-06-27,NetCashProvidedByUsedInOperatingActivities PaymentsToAcquirePropertyPlantAndEquipment,10-Q,2026-07-24
INTC,COMPLETED,0.8333,FREE_CASH_FLOW_MARGIN,0.049639,FRACTION,TRAILING_TWELVE_MONTHS,2026-06-27,NetCashProvidedByUsedInOperatingActivities PaymentsToAcquirePropertyPlantAndEquipment RevenueFromContractWithCustomerExcludingAssessedTax,10-Q,2026-07-24
INTC,COMPLETED,0.8333,GROSS_MARGIN,0.386046,FRACTION,TRAILING_TWELVE_MONTHS,2026-06-27,GrossProfit RevenueFromContractWithCustomerExcludingAssessedTax,10-Q,2026-07-24
INTC,COMPLETED,0.8333,OPERATING_MARGIN,-0.001350,FRACTION,TRAILING_TWELVE_MONTHS,2026-06-27,OperatingIncomeLoss RevenueFromContractWithCustomerExcludingAssessedTax,10-Q,2026-07-24
INTC,COMPLETED,0.8333,NET_MARGIN,-0.197942,FRACTION,TRAILING_TWELVE_MONTHS,2026-06-27,NetIncomeLoss RevenueFromContractWithCustomerExcludingAssessedTax,10-Q,2026-07-24
INTC,COMPLETED,0.8333,RETURN_ON_EQUITY,-0.128955,FRACTION,TRAILING_TWELVE_MONTHS,2026-06-27,NetIncomeLoss StockholdersEquity,10-Q,2026-07-24
INTC,COMPLETED,0.8333,RETURN_ON_ASSETS,-0.055765,FRACTION,TRAILING_TWELVE_MONTHS,2026-06-27,NetIncomeLoss Assets,10-Q,2026-07-24
INTC,COMPLETED,0.8333,CURRENT_RATIO,1.603953,RATIO,POINT_IN_TIME,2026-06-27,AssetsCurrent LiabilitiesCurrent,10-Q,2026-07-24
INTC,COMPLETED,0.8333,REVENUE_GROWTH,-0.057129,FRACTION,FISCAL_YEAR,2025-12-27,RevenueFromContractWithCustomerExcludingAssessedTax RevenueFromContractWithCustomerExcludingAssessedTax,10-K,2026-01-23
INTC,COMPLETED,0.8333,SHARE_COUNT_GROWTH,0.037062,FRACTION,FISCAL_YEAR,2025-12-27,WeightedAverageNumberOfDilutedSharesOutstanding WeightedAverageNumberOfDilutedSharesOutstanding,10-K,2026-01-23
INTC,COMPLETED,0.8333,MARKET_CAPITALIZATION,454262640000.000000,CURRENCY,POINT_IN_TIME,2026-07-17,EntityCommonStockSharesOutstanding,10-Q,2026-07-24
INTC,COMPLETED,0.8333,PRICE_SALES_RATIO,7.965048,RATIO,TRAILING_TWELVE_MONTHS,2026-06-27,EntityCommonStockSharesOutstanding RevenueFromContractWithCustomerExcludingAssessedTax,10-Q,2026-07-24
INTC,COMPLETED,0.8333,PRICE_FREE_CASH_FLOW_RATIO,160.460134,RATIO,TRAILING_TWELVE_MONTHS,2026-06-27,EntityCommonStockSharesOutstanding NetCashProvidedByUsedInOperatingActivities PaymentsToAcquirePropertyPlantAndEquipment,10-Q,2026-07-24
IQV,COMPLETED,0.9444,REVENUE,16632000000.000000,CURRENCY,TRAILING_TWELVE_MONTHS,2026-03-31,RevenueFromContractWithCustomerExcludingAssessedTax,10-Q,2026-05-05
IQV,COMPLETED,0.9444,NET_INCOME,1385000000.000000,CURRENCY,TRAILING_TWELVE_MONTHS,2026-03-31,NetIncomeLoss,10-Q,2026-05-05
IQV,COMPLETED,0.9444,FREE_CASH_FLOW,2116000000.000000,CURRENCY,TRAILING_TWELVE_MONTHS,2026-03-31,NetCashProvidedByUsedInOperatingActivities PaymentsToAcquireProductiveAssets,10-Q,2026-05-05
IQV,COMPLETED,0.9444,FREE_CASH_FLOW_MARGIN,0.127225,FRACTION,TRAILING_TWELVE_MONTHS,2026-03-31,NetCashProvidedByUsedInOperatingActivities PaymentsToAcquireProductiveAssets RevenueFromContractWithCustomerExcludingAssessedTax,10-Q,2026-05-05
IQV,COMPLETED,0.9444,OPERATING_MARGIN,0.132275,FRACTION,TRAILING_TWELVE_MONTHS,2026-03-31,OperatingIncomeLoss RevenueFromContractWithCustomerExcludingAssessedTax,10-Q,2026-05-05
IQV,COMPLETED,0.9444,NET_MARGIN,0.083273,FRACTION,TRAILING_TWELVE_MONTHS,2026-03-31,NetIncomeLoss RevenueFromContractWithCustomerExcludingAssessedTax,10-Q,2026-05-05
IQV,COMPLETED,0.9444,RETURN_ON_EQUITY,0.222633,FRACTION,TRAILING_TWELVE_MONTHS,2026-03-31,NetIncomeLoss StockholdersEquity,10-Q,2026-05-05
IQV,COMPLETED,0.9444,RETURN_ON_ASSETS,0.046672,FRACTION,TRAILING_TWELVE_MONTHS,2026-03-31,NetIncomeLoss Assets,10-Q,2026-05-05
IQV,COMPLETED,0.9444,DEBT_TO_EQUITY,3.749558,RATIO,POINT_IN_TIME,2026-03-31,Liabilities StockholdersEquity,10-Q,2026-05-05
IQV,COMPLETED,0.9444,CURRENT_RATIO,0.746788,RATIO,POINT_IN_TIME,2026-03-31,AssetsCurrent LiabilitiesCurrent,10-Q,2026-05-05
IQV,COMPLETED,0.9444,REVENUE_GROWTH,0.042149,FRACTION,FISCAL_YEAR,2025-12-31,RevenueFromContractWithCustomerExcludingAssessedTax RevenueFromContractWithCustomerExcludingAssessedTax,10-K,2026-02-17
IQV,COMPLETED,0.9444,NET_INCOME_GROWTH,0.076229,FRACTION,FISCAL_YEAR,2025-12-31,NetIncomeLoss NetIncomeLoss,10-K,2026-02-17
IQV,COMPLETED,0.9444,SHARE_COUNT_GROWTH,-0.034964,FRACTION,FISCAL_YEAR,2025-12-31,WeightedAverageNumberOfDilutedSharesOutstanding WeightedAverageNumberOfDilutedSharesOutstanding,10-K,2026-02-17
IQV,COMPLETED,0.9444,MARKET_CAPITALIZATION,43392331000.000000,CURRENCY,POINT_IN_TIME,2026-04-30,EntityCommonStockSharesOutstanding,10-Q,2026-05-05
IQV,COMPLETED,0.9444,PRICE_EARNINGS_RATIO,31.330203,RATIO,TRAILING_TWELVE_MONTHS,2026-03-31,EntityCommonStockSharesOutstanding NetIncomeLoss,10-Q,2026-05-05
IQV,COMPLETED,0.9444,PRICE_SALES_RATIO,2.608967,RATIO,TRAILING_TWELVE_MONTHS,2026-03-31,EntityCommonStockSharesOutstanding RevenueFromContractWithCustomerExcludingAssessedTax,10-Q,2026-05-05
IQV,COMPLETED,0.9444,PRICE_FREE_CASH_FLOW_RATIO,20.506773,RATIO,TRAILING_TWELVE_MONTHS,2026-03-31,EntityCommonStockSharesOutstanding NetCashProvidedByUsedInOperatingActivities PaymentsToAcquireProductiveAssets,10-Q,2026-05-05
ISRG,COMPLETED,1.0000,REVENUE,11034400000.000000,CURRENCY,TRAILING_TWELVE_MONTHS,2026-06-30,RevenueFromContractWithCustomerExcludingAssessedTax,10-Q,2026-07-21
ISRG,COMPLETED,1.0000,NET_INCOME,3138800000.000000,CURRENCY,TRAILING_TWELVE_MONTHS,2026-06-30,NetIncomeLoss,10-Q,2026-07-21
ISRG,COMPLETED,1.0000,FREE_CASH_FLOW,3222600000.000000,CURRENCY,TRAILING_TWELVE_MONTHS,2026-06-30,NetCashProvidedByUsedInOperatingActivities PaymentsToAcquireProductiveAssets,10-Q,2026-07-21
ISRG,COMPLETED,1.0000,FREE_CASH_FLOW_MARGIN,0.292050,FRACTION,TRAILING_TWELVE_MONTHS,2026-06-30,NetCashProvidedByUsedInOperatingActivities PaymentsToAcquireProductiveAssets RevenueFromContractWithCustomerExcludingAssessedTax,10-Q,2026-07-21
ISRG,COMPLETED,1.0000,GROSS_MARGIN,0.666788,FRACTION,TRAILING_TWELVE_MONTHS,2026-06-30,GrossProfit RevenueFromContractWithCustomerExcludingAssessedTax,10-Q,2026-07-21
ISRG,COMPLETED,1.0000,OPERATING_MARGIN,0.312767,FRACTION,TRAILING_TWELVE_MONTHS,2026-06-30,OperatingIncomeLoss RevenueFromContractWithCustomerExcludingAssessedTax,10-Q,2026-07-21
ISRG,COMPLETED,1.0000,NET_MARGIN,0.284456,FRACTION,TRAILING_TWELVE_MONTHS,2026-06-30,NetIncomeLoss RevenueFromContractWithCustomerExcludingAssessedTax,10-Q,2026-07-21
ISRG,COMPLETED,1.0000,RETURN_ON_EQUITY,0.172761,FRACTION,TRAILING_TWELVE_MONTHS,2026-06-30,NetIncomeLoss StockholdersEquity,10-Q,2026-07-21
ISRG,COMPLETED,1.0000,RETURN_ON_ASSETS,0.150350,FRACTION,TRAILING_TWELVE_MONTHS,2026-06-30,NetIncomeLoss Assets,10-Q,2026-07-21
ISRG,COMPLETED,1.0000,DEBT_TO_EQUITY,0.141944,RATIO,POINT_IN_TIME,2026-06-30,Liabilities StockholdersEquity,10-Q,2026-07-21
ISRG,COMPLETED,1.0000,CURRENT_RATIO,4.962661,RATIO,POINT_IN_TIME,2026-06-30,AssetsCurrent LiabilitiesCurrent,10-Q,2026-07-21
ISRG,COMPLETED,1.0000,REVENUE_GROWTH,0.173867,FRACTION,FISCAL_YEAR,2025-12-31,RevenueFromContractWithCustomerExcludingAssessedTax RevenueFromContractWithCustomerExcludingAssessedTax,10-K,2026-02-03
ISRG,COMPLETED,1.0000,NET_INCOME_GROWTH,0.292635,FRACTION,FISCAL_YEAR,2025-12-31,NetIncomeLoss NetIncomeLoss,10-K,2026-02-03
ISRG,COMPLETED,1.0000,SHARE_COUNT_GROWTH,0.007387,FRACTION,FISCAL_YEAR,2025-12-31,WeightedAverageNumberOfDilutedSharesOutstanding WeightedAverageNumberOfDilutedSharesOutstanding,10-K,2026-02-03
ISRG,COMPLETED,1.0000,MARKET_CAPITALIZATION,133871179719.720001,CURRENCY,POINT_IN_TIME,2026-07-16,EntityCommonStockSharesOutstanding,10-Q,2026-07-21
ISRG,COMPLETED,1.0000,PRICE_EARNINGS_RATIO,42.650433,RATIO,TRAILING_TWELVE_MONTHS,2026-06-30,EntityCommonStockSharesOutstanding NetIncomeLoss,10-Q,2026-07-21
ISRG,COMPLETED,1.0000,PRICE_SALES_RATIO,12.132167,RATIO,TRAILING_TWELVE_MONTHS,2026-06-30,EntityCommonStockSharesOutstanding RevenueFromContractWithCustomerExcludingAssessedTax,10-Q,2026-07-21
ISRG,COMPLETED,1.0000,PRICE_FREE_CASH_FLOW_RATIO,41.541358,RATIO,TRAILING_TWELVE_MONTHS,2026-06-30,EntityCommonStockSharesOutstanding NetCashProvidedByUsedInOperatingActivities PaymentsToAcquireProductiveAssets,10-Q,2026-07-21
IT,COMPLETED,0.7222,REVENUE,6463626000.000000,CURRENCY,TRAILING_TWELVE_MONTHS,2026-06-30,RevenueFromContractWithCustomerExcludingAssessedTax,10-Q,2026-08-04
IT,COMPLETED,0.7222,NET_INCOME,775351000.000000,CURRENCY,TRAILING_TWELVE_MONTHS,2026-06-30,NetIncomeLoss,10-Q,2026-08-04
IT,COMPLETED,0.7222,GROSS_MARGIN,0.700841,FRACTION,TRAILING_TWELVE_MONTHS,2026-06-30,GrossProfit RevenueFromContractWithCustomerExcludingAssessedTax,10-Q,2026-08-04
IT,COMPLETED,0.7222,OPERATING_MARGIN,0.172534,FRACTION,TRAILING_TWELVE_MONTHS,2026-06-30,OperatingIncomeLoss RevenueFromContractWithCustomerExcludingAssessedTax,10-Q,2026-08-04
IT,COMPLETED,0.7222,NET_MARGIN,0.119956,FRACTION,TRAILING_TWELVE_MONTHS,2026-06-30,NetIncomeLoss RevenueFromContractWithCustomerExcludingAssessedTax,10-Q,2026-08-04
IT,COMPLETED,0.7222,RETURN_ON_ASSETS,0.107782,FRACTION,TRAILING_TWELVE_MONTHS,2026-06-30,NetIncomeLoss Assets,10-Q,2026-08-04
IT,COMPLETED,0.7222,CURRENT_RATIO,0.880169,RATIO,POINT_IN_TIME,2026-06-30,AssetsCurrent LiabilitiesCurrent,10-Q,2026-08-04
IT,COMPLETED,0.7222,REVENUE_GROWTH,0.058666,FRACTION,FISCAL_YEAR,2025-12-31,RevenueFromContractWithCustomerExcludingAssessedTax RevenueFromContractWithCustomerExcludingAssessedTax,10-K,2026-02-12
IT,COMPLETED,0.7222,NET_INCOME_GROWTH,-0.033532,FRACTION,FISCAL_YEAR,2025-12-31,NetIncomeLoss NetIncomeLoss,10-K,2026-02-12
IT,COMPLETED,0.7222,SHARE_COUNT_GROWTH,-0.025907,FRACTION,FISCAL_YEAR,2025-12-31,WeightedAverageNumberOfDilutedSharesOutstanding WeightedAverageNumberOfDilutedSharesOutstanding,10-K,2026-02-12
IT,COMPLETED,0.7222,MARKET_CAPITALIZATION,12370884398.400000,CURRENCY,POINT_IN_TIME,2026-07-31,EntityCommonStockSharesOutstanding,10-Q,2026-08-04
IT,COMPLETED,0.7222,PRICE_EARNINGS_RATIO,15.955205,RATIO,TRAILING_TWELVE_MONTHS,2026-06-30,EntityCommonStockSharesOutstanding NetIncomeLoss,10-Q,2026-08-04
IT,COMPLETED,0.7222,PRICE_SALES_RATIO,1.913923,RATIO,TRAILING_TWELVE_MONTHS,2026-06-30,EntityCommonStockSharesOutstanding RevenueFromContractWithCustomerExcludingAssessedTax,10-Q,2026-08-04
ITW,COMPLETED,0.8333,REVENUE,16469000000.000000,CURRENCY,TRAILING_TWELVE_MONTHS,2026-06-30,RevenueFromContractWithCustomerExcludingAssessedTax,10-Q,2026-08-06
ITW,COMPLETED,0.8333,NET_INCOME,3194000000.000000,CURRENCY,TRAILING_TWELVE_MONTHS,2026-06-30,ProfitLoss,10-Q,2026-08-06
ITW,COMPLETED,0.8333,FREE_CASH_FLOW,2921000000.000000,CURRENCY,TRAILING_TWELVE_MONTHS,2026-06-30,NetCashProvidedByUsedInOperatingActivities PaymentsToAcquirePropertyPlantAndEquipment,10-Q,2026-08-06
ITW,COMPLETED,0.8333,FREE_CASH_FLOW_MARGIN,0.177364,FRACTION,TRAILING_TWELVE_MONTHS,2026-06-30,NetCashProvidedByUsedInOperatingActivities PaymentsToAcquirePropertyPlantAndEquipment RevenueFromContractWithCustomerExcludingAssessedTax,10-Q,2026-08-06
ITW,COMPLETED,0.8333,OPERATING_MARGIN,0.264983,FRACTION,TRAILING_TWELVE_MONTHS,2026-06-30,OperatingIncomeLoss RevenueFromContractWithCustomerExcludingAssessedTax,10-Q,2026-08-06
ITW,COMPLETED,0.8333,NET_MARGIN,0.193940,FRACTION,TRAILING_TWELVE_MONTHS,2026-06-30,ProfitLoss RevenueFromContractWithCustomerExcludingAssessedTax,10-Q,2026-08-06
ITW,COMPLETED,0.8333,RETURN_ON_ASSETS,0.193646,FRACTION,TRAILING_TWELVE_MONTHS,2026-06-30,ProfitLoss Assets,10-Q,2026-08-06
ITW,COMPLETED,0.8333,CURRENT_RATIO,1.108685,RATIO,POINT_IN_TIME,2026-06-30,AssetsCurrent LiabilitiesCurrent,10-Q,2026-08-06
ITW,COMPLETED,0.8333,REVENUE_GROWTH,0.002338,FRACTION,FISCAL_YEAR,2025-12-31,RevenueFromContractWithCustomerExcludingAssessedTax RevenueFromContractWithCustomerExcludingAssessedTax,10-K,2026-02-13
ITW,COMPLETED,0.8333,NET_INCOME_GROWTH,0.003503,FRACTION,FISCAL_YEAR,2025-12-31,ProfitLoss ProfitLoss,10-K,2026-02-13
ITW,COMPLETED,0.8333,SHARE_COUNT_GROWTH,-0.018786,FRACTION,FISCAL_YEAR,2025-12-31,WeightedAverageNumberOfDilutedSharesOutstanding WeightedAverageNumberOfDilutedSharesOutstanding,10-K,2026-02-13
ITW,COMPLETED,0.8333,MARKET_CAPITALIZATION,80396192000.000000,CURRENCY,POINT_IN_TIME,2026-06-30,EntityCommonStockSharesOutstanding,10-Q,2026-08-06
ITW,COMPLETED,0.8333,PRICE_EARNINGS_RATIO,25.171006,RATIO,TRAILING_TWELVE_MONTHS,2026-06-30,EntityCommonStockSharesOutstanding ProfitLoss,10-Q,2026-08-06
ITW,COMPLETED,0.8333,PRICE_SALES_RATIO,4.881668,RATIO,TRAILING_TWELVE_MONTHS,2026-06-30,EntityCommonStockSharesOutstanding RevenueFromContractWithCustomerExcludingAssessedTax,10-Q,2026-08-06
ITW,COMPLETED,0.8333,PRICE_FREE_CASH_FLOW_RATIO,27.523517,RATIO,TRAILING_TWELVE_MONTHS,2026-06-30,EntityCommonStockSharesOutstanding NetCashProvidedByUsedInOperatingActivities PaymentsToAcquirePropertyPlantAndEquipment,10-Q,2026-08-06
JBHT,COMPLETED,0.8889,REVENUE,12701310000.000000,CURRENCY,TRAILING_TWELVE_MONTHS,2026-06-30,RevenueFromContractWithCustomerIncludingAssessedTax,10-Q,2026-07-24
JBHT,COMPLETED,0.8889,NET_INCOME,674505000.000000,CURRENCY,TRAILING_TWELVE_MONTHS,2026-06-30,NetIncomeLoss,10-Q,2026-07-24
JBHT,COMPLETED,0.8889,FREE_CASH_FLOW,1099722000.000000,CURRENCY,TRAILING_TWELVE_MONTHS,2026-06-30,NetCashProvidedByUsedInOperatingActivities PaymentsToAcquirePropertyPlantAndEquipment,10-Q,2026-07-24
JBHT,COMPLETED,0.8889,FREE_CASH_FLOW_MARGIN,0.086583,FRACTION,TRAILING_TWELVE_MONTHS,2026-06-30,NetCashProvidedByUsedInOperatingActivities PaymentsToAcquirePropertyPlantAndEquipment RevenueFromContractWithCustomerIncludingAssessedTax,10-Q,2026-07-24
JBHT,COMPLETED,0.8889,OPERATING_MARGIN,0.075238,FRACTION,TRAILING_TWELVE_MONTHS,2026-06-30,OperatingIncomeLoss RevenueFromContractWithCustomerIncludingAssessedTax,10-Q,2026-07-24
JBHT,COMPLETED,0.8889,NET_MARGIN,0.053105,FRACTION,TRAILING_TWELVE_MONTHS,2026-06-30,NetIncomeLoss RevenueFromContractWithCustomerIncludingAssessedTax,10-Q,2026-07-24
JBHT,COMPLETED,0.8889,RETURN_ON_EQUITY,0.184436,FRACTION,TRAILING_TWELVE_MONTHS,2026-06-30,NetIncomeLoss StockholdersEquity,10-Q,2026-07-24
JBHT,COMPLETED,0.8889,RETURN_ON_ASSETS,0.084899,FRACTION,TRAILING_TWELVE_MONTHS,2026-06-30,NetIncomeLoss Assets,10-Q,2026-07-24
JBHT,COMPLETED,0.8889,CURRENT_RATIO,1.255203,RATIO,POINT_IN_TIME,2026-06-30,AssetsCurrent LiabilitiesCurrent,10-Q,2026-07-24
JBHT,COMPLETED,0.8889,REVENUE_GROWTH,-0.067837,FRACTION,FISCAL_YEAR,2025-12-31,RevenueFromContractWithCustomerIncludingAssessedTax RevenueFromContractWithCustomerIncludingAssessedTax,10-K,2026-02-24
JBHT,COMPLETED,0.8889,NET_INCOME_GROWTH,-0.148584,FRACTION,FISCAL_YEAR,2025-12-31,NetIncomeLoss NetIncomeLoss,10-K,2026-02-24
JBHT,COMPLETED,0.8889,SHARE_COUNT_GROWTH,-0.032916,FRACTION,FISCAL_YEAR,2025-12-31,WeightedAverageNumberOfDilutedSharesOutstanding WeightedAverageNumberOfDilutedSharesOutstanding,10-K,2026-02-24
JBHT,COMPLETED,0.8889,MARKET_CAPITALIZATION,25867930798.160000,CURRENCY,POINT_IN_TIME,2026-06-30,EntityCommonStockSharesOutstanding,10-Q,2026-07-24
JBHT,COMPLETED,0.8889,PRICE_EARNINGS_RATIO,38.350984,RATIO,TRAILING_TWELVE_MONTHS,2026-06-30,EntityCommonStockSharesOutstanding NetIncomeLoss,10-Q,2026-07-24
JBHT,COMPLETED,0.8889,PRICE_SALES_RATIO,2.036635,RATIO,TRAILING_TWELVE_MONTHS,2026-06-30,EntityCommonStockSharesOutstanding RevenueFromContractWithCustomerIncludingAssessedTax,10-Q,2026-07-24
JBHT,COMPLETED,0.8889,PRICE_FREE_CASH_FLOW_RATIO,23.522245,RATIO,TRAILING_TWELVE_MONTHS,2026-06-30,EntityCommonStockSharesOutstanding NetCashProvidedByUsedInOperatingActivities PaymentsToAcquirePropertyPlantAndEquipment,10-Q,2026-07-24
JCI,COMPLETED,0.7222,REVENUE,24433000000.000000,CURRENCY,TRAILING_TWELVE_MONTHS,2026-03-31,RevenueFromContractWithCustomerExcludingAssessedTax,10-Q,2026-05-06
JCI,COMPLETED,0.7222,NET_INCOME,3531000000.000000,CURRENCY,TRAILING_TWELVE_MONTHS,2026-03-31,NetIncomeLoss,10-Q,2026-05-06
JCI,COMPLETED,0.7222,GROSS_MARGIN,0.365612,FRACTION,TRAILING_TWELVE_MONTHS,2026-03-31,GrossProfit RevenueFromContractWithCustomerExcludingAssessedTax,10-Q,2026-05-06
JCI,COMPLETED,0.7222,NET_MARGIN,0.144518,FRACTION,TRAILING_TWELVE_MONTHS,2026-03-31,NetIncomeLoss RevenueFromContractWithCustomerExcludingAssessedTax,10-Q,2026-05-06
JCI,COMPLETED,0.7222,RETURN_ON_EQUITY,0.261207,FRACTION,TRAILING_TWELVE_MONTHS,2026-03-31,NetIncomeLoss StockholdersEquity,10-Q,2026-05-06
JCI,COMPLETED,0.7222,RETURN_ON_ASSETS,0.092063,FRACTION,TRAILING_TWELVE_MONTHS,2026-03-31,NetIncomeLoss Assets,10-Q,2026-05-06
JCI,COMPLETED,0.7222,CURRENT_RATIO,1.036398,RATIO,POINT_IN_TIME,2026-03-31,AssetsCurrent LiabilitiesCurrent,10-Q,2026-05-06
JCI,COMPLETED,0.7222,REVENUE_GROWTH,0.045676,FRACTION,FISCAL_YEAR,2025-09-30,RevenueFromContractWithCustomerExcludingAssessedTax RevenueFromContractWithCustomerExcludingAssessedTax,10-K,2025-11-14
JCI,COMPLETED,0.7222,NET_INCOME_GROWTH,0.290297,FRACTION,FISCAL_YEAR,2025-09-30,NetIncomeLoss NetIncomeLoss,10-K,2025-11-14
JCI,COMPLETED,0.7222,SHARE_COUNT_GROWTH,-0.024522,FRACTION,FISCAL_YEAR,2025-09-30,WeightedAverageNumberOfDilutedSharesOutstanding WeightedAverageNumberOfDilutedSharesOutstanding,10-K,2025-11-14
JCI,COMPLETED,0.7222,MARKET_CAPITALIZATION,87283138165.180008,CURRENCY,POINT_IN_TIME,2026-03-31,EntityCommonStockSharesOutstanding,10-Q,2026-05-06
JCI,COMPLETED,0.7222,PRICE_EARNINGS_RATIO,24.719099,RATIO,TRAILING_TWELVE_MONTHS,2026-03-31,EntityCommonStockSharesOutstanding NetIncomeLoss,10-Q,2026-05-06
JCI,COMPLETED,0.7222,PRICE_SALES_RATIO,3.572346,RATIO,TRAILING_TWELVE_MONTHS,2026-03-31,EntityCommonStockSharesOutstanding RevenueFromContractWithCustomerExcludingAssessedTax,10-Q,2026-05-06
JNJ,COMPLETED,0.8333,REVENUE,97929000000.000000,CURRENCY,TRAILING_TWELVE_MONTHS,2026-06-28,RevenueFromContractWithCustomerExcludingAssessedTax,10-Q,2026-07-23
JNJ,COMPLETED,0.8333,NET_INCOME,21037000000.000000,CURRENCY,TRAILING_TWELVE_MONTHS,2026-06-28,NetIncomeLoss,10-Q,2026-07-23
JNJ,COMPLETED,0.8333,FREE_CASH_FLOW,22244000000.000000,CURRENCY,TRAILING_TWELVE_MONTHS,2026-06-28,NetCashProvidedByUsedInOperatingActivities PaymentsToAcquirePropertyPlantAndEquipment,10-Q,2026-07-23
JNJ,COMPLETED,0.8333,FREE_CASH_FLOW_MARGIN,0.227144,FRACTION,TRAILING_TWELVE_MONTHS,2026-06-28,NetCashProvidedByUsedInOperatingActivities PaymentsToAcquirePropertyPlantAndEquipment RevenueFromContractWithCustomerExcludingAssessedTax,10-Q,2026-07-23
JNJ,COMPLETED,0.8333,GROSS_MARGIN,0.679074,FRACTION,TRAILING_TWELVE_MONTHS,2026-06-28,GrossProfit RevenueFromContractWithCustomerExcludingAssessedTax,10-Q,2026-07-23
JNJ,COMPLETED,0.8333,NET_MARGIN,0.214819,FRACTION,TRAILING_TWELVE_MONTHS,2026-06-28,NetIncomeLoss RevenueFromContractWithCustomerExcludingAssessedTax,10-Q,2026-07-23
JNJ,COMPLETED,0.8333,RETURN_ON_EQUITY,0.247579,FRACTION,TRAILING_TWELVE_MONTHS,2026-06-28,NetIncomeLoss StockholdersEquity,10-Q,2026-07-23
JNJ,COMPLETED,0.8333,RETURN_ON_ASSETS,0.104630,FRACTION,TRAILING_TWELVE_MONTHS,2026-06-28,NetIncomeLoss Assets,10-Q,2026-07-23
JNJ,COMPLETED,0.8333,DEBT_TO_EQUITY,1.366231,RATIO,POINT_IN_TIME,2026-06-28,Liabilities StockholdersEquity,10-Q,2026-07-23
JNJ,COMPLETED,0.8333,CURRENT_RATIO,1.088879,RATIO,POINT_IN_TIME,2026-06-28,AssetsCurrent LiabilitiesCurrent,10-Q,2026-07-23
JNJ,COMPLETED,0.8333,SHARE_COUNT_GROWTH,-0.025918,FRACTION,FISCAL_YEAR,2025-12-28,WeightedAverageNumberOfDilutedSharesOutstanding WeightedAverageNumberOfDilutedSharesOutstanding,10-K,2026-02-11
JNJ,COMPLETED,0.8333,MARKET_CAPITALIZATION,651443788741.040039,CURRENCY,POINT_IN_TIME,2026-07-17,EntityCommonStockSharesOutstanding,10-Q,2026-07-23
JNJ,COMPLETED,0.8333,PRICE_EARNINGS_RATIO,30.966573,RATIO,TRAILING_TWELVE_MONTHS,2026-06-28,EntityCommonStockSharesOutstanding NetIncomeLoss,10-Q,2026-07-23
JNJ,COMPLETED,0.8333,PRICE_SALES_RATIO,6.652205,RATIO,TRAILING_TWELVE_MONTHS,2026-06-28,EntityCommonStockSharesOutstanding RevenueFromContractWithCustomerExcludingAssessedTax,10-Q,2026-07-23
JNJ,COMPLETED,0.8333,PRICE_FREE_CASH_FLOW_RATIO,29.286270,RATIO,TRAILING_TWELVE_MONTHS,2026-06-28,EntityCommonStockSharesOutstanding NetCashProvidedByUsedInOperatingActivities PaymentsToAcquirePropertyPlantAndEquipment,10-Q,2026-07-23
JPM,COMPLETED,0.6667,REVENUE,199408000000.000000,CURRENCY,TRAILING_TWELVE_MONTHS,2026-06-30,RevenuesNetOfInterestExpense,10-Q,2026-08-06
JPM,COMPLETED,0.6667,NET_INCOME,65067000000.000000,CURRENCY,TRAILING_TWELVE_MONTHS,2026-06-30,NetIncomeLoss,10-Q,2026-08-06
JPM,COMPLETED,0.6667,NET_MARGIN,0.326301,FRACTION,TRAILING_TWELVE_MONTHS,2026-06-30,NetIncomeLoss RevenuesNetOfInterestExpense,10-Q,2026-08-06
JPM,COMPLETED,0.6667,RETURN_ON_EQUITY,0.173698,FRACTION,TRAILING_TWELVE_MONTHS,2026-06-30,NetIncomeLoss StockholdersEquity,10-Q,2026-08-06
JPM,COMPLETED,0.6667,RETURN_ON_ASSETS,0.012974,FRACTION,TRAILING_TWELVE_MONTHS,2026-06-30,NetIncomeLoss Assets,10-Q,2026-08-06
JPM,COMPLETED,0.6667,DEBT_TO_EQUITY,12.387869,RATIO,POINT_IN_TIME,2026-06-30,Liabilities StockholdersEquity,10-Q,2026-08-06
JPM,COMPLETED,0.6667,REVENUE_GROWTH,0.123376,FRACTION,FISCAL_YEAR,2025-12-31,Revenues Revenues,10-K,2026-02-13
JPM,COMPLETED,0.6667,NET_INCOME_GROWTH,0.148308,FRACTION,FISCAL_YEAR,2025-12-31,NetIncomeLoss NetIncomeLoss,10-K,2026-02-13
JPM,COMPLETED,0.6667,SHARE_COUNT_GROWTH,-0.027842,FRACTION,FISCAL_YEAR,2025-12-31,WeightedAverageNumberOfDilutedSharesOutstanding WeightedAverageNumberOfDilutedSharesOutstanding,10-K,2026-02-13
JPM,COMPLETED,0.6667,MARKET_CAPITALIZATION,934724593609.799927,CURRENCY,POINT_IN_TIME,2026-06-30,EntityCommonStockSharesOutstanding,10-Q,2026-08-06
JPM,COMPLETED,0.6667,PRICE_EARNINGS_RATIO,14.365571,RATIO,TRAILING_TWELVE_MONTHS,2026-06-30,EntityCommonStockSharesOutstanding NetIncomeLoss,10-Q,2026-08-06
JPM,COMPLETED,0.6667,PRICE_SALES_RATIO,4.687498,RATIO,TRAILING_TWELVE_MONTHS,2026-06-30,EntityCommonStockSharesOutstanding RevenuesNetOfInterestExpense,10-Q,2026-08-06
KDP,COMPLETED,1.0000,REVENUE,20090000000.000000,CURRENCY,TRAILING_TWELVE_MONTHS,2026-06-30,RevenueFromContractWithCustomerExcludingAssessedTax,10-Q,2026-08-10
KDP,COMPLETED,1.0000,NET_INCOME,1427000000.000000,CURRENCY,TRAILING_TWELVE_MONTHS,2026-06-30,NetIncomeLoss,10-Q,2026-08-10
KDP,COMPLETED,1.0000,FREE_CASH_FLOW,1970000000.000000,CURRENCY,TRAILING_TWELVE_MONTHS,2026-06-30,NetCashProvidedByUsedInOperatingActivities PaymentsToAcquirePropertyPlantAndEquipment,10-Q,2026-08-10
KDP,COMPLETED,1.0000,FREE_CASH_FLOW_MARGIN,0.098059,FRACTION,TRAILING_TWELVE_MONTHS,2026-06-30,NetCashProvidedByUsedInOperatingActivities PaymentsToAcquirePropertyPlantAndEquipment RevenueFromContractWithCustomerExcludingAssessedTax,10-Q,2026-08-10
KDP,COMPLETED,1.0000,GROSS_MARGIN,0.493927,FRACTION,TRAILING_TWELVE_MONTHS,2026-06-30,GrossProfit RevenueFromContractWithCustomerExcludingAssessedTax,10-Q,2026-08-10
KDP,COMPLETED,1.0000,OPERATING_MARGIN,0.162270,FRACTION,TRAILING_TWELVE_MONTHS,2026-06-30,OperatingIncomeLoss RevenueFromContractWithCustomerExcludingAssessedTax,10-Q,2026-08-10
KDP,COMPLETED,1.0000,NET_MARGIN,0.071030,FRACTION,TRAILING_TWELVE_MONTHS,2026-06-30,NetIncomeLoss RevenueFromContractWithCustomerExcludingAssessedTax,10-Q,2026-08-10
KDP,COMPLETED,1.0000,RETURN_ON_EQUITY,0.057007,FRACTION,TRAILING_TWELVE_MONTHS,2026-06-30,NetIncomeLoss StockholdersEquity,10-Q,2026-08-10
KDP,COMPLETED,1.0000,RETURN_ON_ASSETS,0.016286,FRACTION,TRAILING_TWELVE_MONTHS,2026-06-30,NetIncomeLoss Assets,10-Q,2026-08-10
KDP,COMPLETED,1.0000,DEBT_TO_EQUITY,2.156160,RATIO,POINT_IN_TIME,2026-06-30,Liabilities StockholdersEquity,10-Q,2026-08-10
KDP,COMPLETED,1.0000,CURRENT_RATIO,0.479305,RATIO,POINT_IN_TIME,2026-06-30,AssetsCurrent LiabilitiesCurrent,10-Q,2026-08-10
KDP,COMPLETED,1.0000,REVENUE_GROWTH,0.057056,FRACTION,FISCAL_YEAR,2025-12-31,RevenueFromContractWithCustomerExcludingAssessedTax RevenueFromContractWithCustomerExcludingAssessedTax,10-K,2026-02-24
KDP,COMPLETED,1.0000,NET_INCOME_GROWTH,0.131271,FRACTION,FISCAL_YEAR,2025-12-31,NetIncomeLoss NetIncomeLoss,10-K,2026-02-24
KDP,COMPLETED,1.0000,SHARE_COUNT_GROWTH,-0.016322,FRACTION,FISCAL_YEAR,2025-12-31,WeightedAverageNumberOfDilutedSharesOutstanding WeightedAverageNumberOfDilutedSharesOutstanding,10-K,2026-02-24
KDP,COMPLETED,1.0000,MARKET_CAPITALIZATION,43587257997.139999,CURRENCY,POINT_IN_TIME,2026-08-10,EntityCommonStockSharesOutstanding,10-Q,2026-08-10
KDP,COMPLETED,1.0000,PRICE_EARNINGS_RATIO,30.544680,RATIO,TRAILING_TWELVE_MONTHS,2026-06-30,EntityCommonStockSharesOutstanding NetIncomeLoss,10-Q,2026-08-10
KDP,COMPLETED,1.0000,PRICE_SALES_RATIO,2.169600,RATIO,TRAILING_TWELVE_MONTHS,2026-06-30,EntityCommonStockSharesOutstanding RevenueFromContractWithCustomerExcludingAssessedTax,10-Q,2026-08-10
KDP,COMPLETED,1.0000,PRICE_FREE_CASH_FLOW_RATIO,22.125512,RATIO,TRAILING_TWELVE_MONTHS,2026-06-30,EntityCommonStockSharesOutstanding NetCashProvidedByUsedInOperatingActivities PaymentsToAcquirePropertyPlantAndEquipment,10-Q,2026-08-10
KHC,COMPLETED,0.8889,REVENUE,24900000000.000000,CURRENCY,TRAILING_TWELVE_MONTHS,2026-06-27,RevenueFromContractWithCustomerIncludingAssessedTax,10-Q,2026-08-05
KHC,COMPLETED,0.8889,NET_INCOME,-3396000000.000000,CURRENCY,TRAILING_TWELVE_MONTHS,2026-06-27,NetIncomeLoss,10-Q,2026-08-05
KHC,COMPLETED,0.8889,FREE_CASH_FLOW,3816000000.000000,CURRENCY,TRAILING_TWELVE_MONTHS,2026-06-27,NetCashProvidedByUsedInOperatingActivities PaymentsToAcquirePropertyPlantAndEquipment,10-Q,2026-08-05
KHC,COMPLETED,0.8889,FREE_CASH_FLOW_MARGIN,0.153253,FRACTION,TRAILING_TWELVE_MONTHS,2026-06-27,NetCashProvidedByUsedInOperatingActivities PaymentsToAcquirePropertyPlantAndEquipment RevenueFromContractWithCustomerIncludingAssessedTax,10-Q,2026-08-05
KHC,COMPLETED,0.8889,GROSS_MARGIN,0.333695,FRACTION,TRAILING_TWELVE_MONTHS,2026-06-27,GrossProfit RevenueFromContractWithCustomerIncludingAssessedTax,10-Q,2026-08-05
KHC,COMPLETED,0.8889,OPERATING_MARGIN,-0.127590,FRACTION,TRAILING_TWELVE_MONTHS,2026-06-27,OperatingIncomeLoss RevenueFromContractWithCustomerIncludingAssessedTax,10-Q,2026-08-05
KHC,COMPLETED,0.8889,NET_MARGIN,-0.136386,FRACTION,TRAILING_TWELVE_MONTHS,2026-06-27,NetIncomeLoss RevenueFromContractWithCustomerIncludingAssessedTax,10-Q,2026-08-05
KHC,COMPLETED,0.8889,RETURN_ON_EQUITY,-0.094318,FRACTION,TRAILING_TWELVE_MONTHS,2026-06-27,NetIncomeLoss StockholdersEquity,10-Q,2026-08-05
KHC,COMPLETED,0.8889,RETURN_ON_ASSETS,-0.046479,FRACTION,TRAILING_TWELVE_MONTHS,2026-06-27,NetIncomeLoss Assets,10-Q,2026-08-05
KHC,COMPLETED,0.8889,DEBT_TO_EQUITY,1.025801,RATIO,POINT_IN_TIME,2026-06-27,Liabilities StockholdersEquity,10-Q,2026-08-05
KHC,COMPLETED,0.8889,CURRENT_RATIO,1.061381,RATIO,POINT_IN_TIME,2026-06-27,AssetsCurrent LiabilitiesCurrent,10-Q,2026-08-05
KHC,COMPLETED,0.8889,REVENUE_GROWTH,-0.019810,FRACTION,FISCAL_YEAR,2025-12-27,RevenueFromContractWithCustomerIncludingAssessedTax RevenueFromContractWithCustomerIncludingAssessedTax,10-K,2026-02-12
KHC,COMPLETED,0.8889,SHARE_COUNT_GROWTH,-0.019626,FRACTION,FISCAL_YEAR,2025-12-27,WeightedAverageNumberOfDilutedSharesOutstanding WeightedAverageNumberOfDilutedSharesOutstanding,10-K,2026-02-12
KHC,COMPLETED,0.8889,MARKET_CAPITALIZATION,30333371729.639999,CURRENCY,POINT_IN_TIME,2026-08-01,EntityCommonStockSharesOutstanding,10-Q,2026-08-05
KHC,COMPLETED,0.8889,PRICE_SALES_RATIO,1.218208,RATIO,TRAILING_TWELVE_MONTHS,2026-06-27,EntityCommonStockSharesOutstanding RevenueFromContractWithCustomerIncludingAssessedTax,10-Q,2026-08-05
KHC,COMPLETED,0.8889,PRICE_FREE_CASH_FLOW_RATIO,7.948997,RATIO,TRAILING_TWELVE_MONTHS,2026-06-27,EntityCommonStockSharesOutstanding NetCashProvidedByUsedInOperatingActivities PaymentsToAcquirePropertyPlantAndEquipment,10-Q,2026-08-05
KLAC,COMPLETED,0.8889,REVENUE,13579476000.000000,CURRENCY,FISCAL_YEAR,2026-06-30,RevenueFromContractWithCustomerExcludingAssessedTax,10-K,2026-08-06
KLAC,COMPLETED,0.8889,NET_INCOME,4830771000.000000,CURRENCY,FISCAL_YEAR,2026-06-30,NetIncomeLoss,10-K,2026-08-06
KLAC,COMPLETED,0.8889,FREE_CASH_FLOW,3767134000.000000,CURRENCY,FISCAL_YEAR,2026-06-30,NetCashProvidedByUsedInOperatingActivities PaymentsToAcquirePropertyPlantAndEquipment,10-K,2026-08-06
KLAC,COMPLETED,0.8889,FREE_CASH_FLOW_MARGIN,0.277414,FRACTION,FISCAL_YEAR,2026-06-30,NetCashProvidedByUsedInOperatingActivities PaymentsToAcquirePropertyPlantAndEquipment RevenueFromContractWithCustomerExcludingAssessedTax,10-K,2026-08-06
KLAC,COMPLETED,0.8889,NET_MARGIN,0.355741,FRACTION,FISCAL_YEAR,2026-06-30,NetIncomeLoss RevenueFromContractWithCustomerExcludingAssessedTax,10-K,2026-08-06
KLAC,COMPLETED,0.8889,RETURN_ON_EQUITY,0.760773,FRACTION,FISCAL_YEAR,2026-06-30,NetIncomeLoss StockholdersEquity,10-K,2026-08-06
KLAC,COMPLETED,0.8889,RETURN_ON_ASSETS,0.269101,FRACTION,FISCAL_YEAR,2026-06-30,NetIncomeLoss Assets,10-K,2026-08-06
KLAC,COMPLETED,0.8889,DEBT_TO_EQUITY,1.827094,RATIO,POINT_IN_TIME,2026-06-30,Liabilities StockholdersEquity,10-K,2026-08-06
KLAC,COMPLETED,0.8889,CURRENT_RATIO,2.876190,RATIO,POINT_IN_TIME,2026-06-30,AssetsCurrent LiabilitiesCurrent,10-K,2026-08-06
KLAC,COMPLETED,0.8889,REVENUE_GROWTH,0.089646,FRACTION,FISCAL_YEAR,2026-06-30,RevenueFromContractWithCustomerExcludingAssessedTax RevenueFromContractWithCustomerExcludingAssessedTax,10-K,2026-08-06
KLAC,COMPLETED,0.8889,NET_INCOME_GROWTH,0.125612,FRACTION,FISCAL_YEAR,2026-06-30,NetIncomeLoss NetIncomeLoss,10-K,2026-08-06
KLAC,COMPLETED,0.8889,SHARE_COUNT_GROWTH,-0.015629,FRACTION,FISCAL_YEAR,2026-06-30,WeightedAverageNumberOfDilutedSharesOutstanding WeightedAverageNumberOfDilutedSharesOutstanding,10-K,2026-08-06
KLAC,COMPLETED,0.8889,MARKET_CAPITALIZATION,240483000878.980011,CURRENCY,POINT_IN_TIME,2026-08-03,EntityCommonStockSharesOutstanding,10-K,2026-08-06
KLAC,COMPLETED,0.8889,PRICE_EARNINGS_RATIO,49.781495,RATIO,FISCAL_YEAR,2026-06-30,EntityCommonStockSharesOutstanding NetIncomeLoss,10-K,2026-08-06
KLAC,COMPLETED,0.8889,PRICE_SALES_RATIO,17.709299,RATIO,FISCAL_YEAR,2026-06-30,EntityCommonStockSharesOutstanding RevenueFromContractWithCustomerExcludingAssessedTax,10-K,2026-08-06
KLAC,COMPLETED,0.8889,PRICE_FREE_CASH_FLOW_RATIO,63.837124,RATIO,FISCAL_YEAR,2026-06-30,EntityCommonStockSharesOutstanding NetCashProvidedByUsedInOperatingActivities PaymentsToAcquirePropertyPlantAndEquipment,10-K,2026-08-06
KO,COMPLETED,0.7778,REVENUE,47941000000.000000,CURRENCY,FISCAL_YEAR,2025-12-31,Revenues,10-K,2026-02-20
KO,COMPLETED,0.7778,NET_INCOME,13107000000.000000,CURRENCY,FISCAL_YEAR,2025-12-31,NetIncomeLoss,10-K,2026-02-20
KO,COMPLETED,0.7778,FREE_CASH_FLOW,5296000000.000000,CURRENCY,FISCAL_YEAR,2025-12-31,NetCashProvidedByUsedInOperatingActivities PaymentsToAcquirePropertyPlantAndEquipment,10-K,2026-02-20
KO,COMPLETED,0.7778,FREE_CASH_FLOW_MARGIN,0.110469,FRACTION,FISCAL_YEAR,2025-12-31,NetCashProvidedByUsedInOperatingActivities PaymentsToAcquirePropertyPlantAndEquipment Revenues,10-K,2026-02-20
KO,COMPLETED,0.7778,GROSS_MARGIN,0.616257,FRACTION,FISCAL_YEAR,2025-12-31,GrossProfit Revenues,10-K,2026-02-20
KO,COMPLETED,0.7778,OPERATING_MARGIN,0.287061,FRACTION,FISCAL_YEAR,2025-12-31,OperatingIncomeLoss Revenues,10-K,2026-02-20
KO,COMPLETED,0.7778,NET_MARGIN,0.273399,FRACTION,FISCAL_YEAR,2025-12-31,NetIncomeLoss Revenues,10-K,2026-02-20
KO,COMPLETED,0.7778,REVENUE_GROWTH,0.036890,FRACTION,FISCAL_YEAR,2025-12-31,Revenues Revenues,10-K,2026-02-20
KO,COMPLETED,0.7778,NET_INCOME_GROWTH,0.111616,FRACTION,FISCAL_YEAR,2025-12-31,NetIncomeLoss NetIncomeLoss,10-K,2026-02-20
KO,COMPLETED,0.7778,SHARE_COUNT_GROWTH,-0.003001,FRACTION,FISCAL_YEAR,2025-12-31,WeightedAverageNumberOfDilutedSharesOutstanding WeightedAverageNumberOfDilutedSharesOutstanding,10-K,2026-02-20
KO,COMPLETED,0.7778,MARKET_CAPITALIZATION,391913123455.619995,CURRENCY,POINT_IN_TIME,2026-04-28,EntityCommonStockSharesOutstanding,10-Q,2026-04-30
KO,COMPLETED,0.7778,PRICE_EARNINGS_RATIO,29.901055,RATIO,FISCAL_YEAR,2025-12-31,EntityCommonStockSharesOutstanding NetIncomeLoss,10-K 10-Q,2026-04-30
KO,COMPLETED,0.7778,PRICE_SALES_RATIO,8.174905,RATIO,FISCAL_YEAR,2025-12-31,EntityCommonStockSharesOutstanding Revenues,10-K 10-Q,2026-04-30
KO,COMPLETED,0.7778,PRICE_FREE_CASH_FLOW_RATIO,74.001723,RATIO,FISCAL_YEAR,2025-12-31,EntityCommonStockSharesOutstanding NetCashProvidedByUsedInOperatingActivities PaymentsToAcquirePropertyPlantAndEquipment,10-K 10-Q,2026-04-30
KR,COMPLETED,0.9444,REVENUE,148645000000.000000,CURRENCY,TRAILING_TWELVE_MONTHS,2026-05-23,RevenueFromContractWithCustomerExcludingAssessedTax,10-Q,2026-06-26
KR,COMPLETED,0.9444,NET_INCOME,1053000000.000000,CURRENCY,TRAILING_TWELVE_MONTHS,2026-05-23,NetIncomeLoss,10-Q,2026-06-26
KR,COMPLETED,0.9444,FREE_CASH_FLOW,2832000000.000000,CURRENCY,TRAILING_TWELVE_MONTHS,2026-05-23,NetCashProvidedByUsedInOperatingActivities PaymentsToAcquireProductiveAssets,10-Q,2026-06-26
KR,COMPLETED,0.9444,FREE_CASH_FLOW_MARGIN,0.019052,FRACTION,TRAILING_TWELVE_MONTHS,2026-05-23,NetCashProvidedByUsedInOperatingActivities PaymentsToAcquireProductiveAssets RevenueFromContractWithCustomerExcludingAssessedTax,10-Q,2026-06-26
KR,COMPLETED,0.9444,OPERATING_MARGIN,0.013287,FRACTION,TRAILING_TWELVE_MONTHS,2026-05-23,OperatingIncomeLoss RevenueFromContractWithCustomerExcludingAssessedTax,10-Q,2026-06-26
KR,COMPLETED,0.9444,NET_MARGIN,0.007084,FRACTION,TRAILING_TWELVE_MONTHS,2026-05-23,NetIncomeLoss RevenueFromContractWithCustomerExcludingAssessedTax,10-Q,2026-06-26
KR,COMPLETED,0.9444,RETURN_ON_EQUITY,0.162701,FRACTION,TRAILING_TWELVE_MONTHS,2026-05-23,NetIncomeLoss StockholdersEquity,10-Q,2026-06-26
KR,COMPLETED,0.9444,RETURN_ON_ASSETS,0.020938,FRACTION,TRAILING_TWELVE_MONTHS,2026-05-23,NetIncomeLoss Assets,10-Q,2026-06-26
KR,COMPLETED,0.9444,DEBT_TO_EQUITY,6.769778,RATIO,POINT_IN_TIME,2026-05-23,Liabilities StockholdersEquity,10-Q,2026-06-26
KR,COMPLETED,0.9444,CURRENT_RATIO,0.790540,RATIO,POINT_IN_TIME,2026-05-23,AssetsCurrent LiabilitiesCurrent,10-Q,2026-06-26
KR,COMPLETED,0.9444,REVENUE_GROWTH,-0.001387,FRACTION,FISCAL_YEAR,2026-01-31,RevenueFromContractWithCustomerExcludingAssessedTax RevenueFromContractWithCustomerExcludingAssessedTax,10-K,2026-03-31
KR,COMPLETED,0.9444,NET_INCOME_GROWTH,-0.232125,FRACTION,FISCAL_YEAR,2026-01-31,NetIncomeLoss NetIncomeLoss,10-K,2026-03-31
KR,COMPLETED,0.9444,SHARE_COUNT_GROWTH,-0.049501,FRACTION,FISCAL_YEAR,2026-01-31,WeightedAverageNumberOfDilutedSharesOutstanding WeightedAverageNumberOfDilutedSharesOutstanding,10-K,2026-03-31
KR,COMPLETED,0.9444,MARKET_CAPITALIZATION,35478404100.619995,CURRENCY,POINT_IN_TIME,2026-06-24,EntityCommonStockSharesOutstanding,10-Q,2026-06-26
KR,COMPLETED,0.9444,PRICE_EARNINGS_RATIO,33.692691,RATIO,TRAILING_TWELVE_MONTHS,2026-05-23,EntityCommonStockSharesOutstanding NetIncomeLoss,10-Q,2026-06-26
KR,COMPLETED,0.9444,PRICE_SALES_RATIO,0.238679,RATIO,TRAILING_TWELVE_MONTHS,2026-05-23,EntityCommonStockSharesOutstanding RevenueFromContractWithCustomerExcludingAssessedTax,10-Q,2026-06-26
KR,COMPLETED,0.9444,PRICE_FREE_CASH_FLOW_RATIO,12.527685,RATIO,TRAILING_TWELVE_MONTHS,2026-05-23,EntityCommonStockSharesOutstanding NetCashProvidedByUsedInOperatingActivities PaymentsToAcquireProductiveAssets,10-Q,2026-06-26
LDOS,COMPLETED,0.8333,REVENUE,17634000000.000000,CURRENCY,TRAILING_TWELVE_MONTHS,2026-07-03,Revenues,10-Q,2026-08-04
LDOS,COMPLETED,0.8333,NET_INCOME,1376000000.000000,CURRENCY,TRAILING_TWELVE_MONTHS,2026-07-03,NetIncomeLoss,10-Q,2026-08-04
LDOS,COMPLETED,0.8333,FREE_CASH_FLOW,2163000000.000000,CURRENCY,TRAILING_TWELVE_MONTHS,2026-07-03,NetCashProvidedByUsedInOperatingActivities PaymentsToAcquireProductiveAssets,10-Q,2026-08-04
LDOS,COMPLETED,0.8333,FREE_CASH_FLOW_MARGIN,0.122661,FRACTION,TRAILING_TWELVE_MONTHS,2026-07-03,NetCashProvidedByUsedInOperatingActivities PaymentsToAcquireProductiveAssets Revenues,10-Q,2026-08-04
LDOS,COMPLETED,0.8333,OPERATING_MARGIN,0.115119,FRACTION,TRAILING_TWELVE_MONTHS,2026-07-03,OperatingIncomeLoss Revenues,10-Q,2026-08-04
LDOS,COMPLETED,0.8333,NET_MARGIN,0.078031,FRACTION,TRAILING_TWELVE_MONTHS,2026-07-03,NetIncomeLoss Revenues,10-Q,2026-08-04
LDOS,COMPLETED,0.8333,RETURN_ON_EQUITY,0.260409,FRACTION,TRAILING_TWELVE_MONTHS,2026-07-03,NetIncomeLoss StockholdersEquity,10-Q,2026-08-04
LDOS,COMPLETED,0.8333,RETURN_ON_ASSETS,0.088025,FRACTION,TRAILING_TWELVE_MONTHS,2026-07-03,NetIncomeLoss Assets,10-Q,2026-08-04
LDOS,COMPLETED,0.8333,DEBT_TO_EQUITY,1.948524,RATIO,POINT_IN_TIME,2026-07-03,Liabilities StockholdersEquity,10-Q,2026-08-04
LDOS,COMPLETED,0.8333,CURRENT_RATIO,1.629193,RATIO,POINT_IN_TIME,2026-07-03,AssetsCurrent LiabilitiesCurrent,10-Q,2026-08-04
LDOS,COMPLETED,0.8333,SHARE_COUNT_GROWTH,-0.019710,FRACTION,FISCAL_YEAR,2026-01-02,WeightedAverageNumberOfDilutedSharesOutstanding WeightedAverageNumberOfDilutedSharesOutstanding,10-K,2026-02-17
LDOS,COMPLETED,0.8333,MARKET_CAPITALIZATION,17757147573.500000,CURRENCY,POINT_IN_TIME,2026-07-28,EntityCommonStockSharesOutstanding,10-Q,2026-08-04
LDOS,COMPLETED,0.8333,PRICE_EARNINGS_RATIO,12.904904,RATIO,TRAILING_TWELVE_MONTHS,2026-07-03,EntityCommonStockSharesOutstanding NetIncomeLoss,10-Q,2026-08-04
LDOS,COMPLETED,0.8333,PRICE_SALES_RATIO,1.006984,RATIO,TRAILING_TWELVE_MONTHS,2026-07-03,EntityCommonStockSharesOutstanding Revenues,10-Q,2026-08-04
LDOS,COMPLETED,0.8333,PRICE_FREE_CASH_FLOW_RATIO,8.209500,RATIO,TRAILING_TWELVE_MONTHS,2026-07-03,EntityCommonStockSharesOutstanding NetCashProvidedByUsedInOperatingActivities PaymentsToAcquireProductiveAssets,10-Q,2026-08-04
LEN,COMPLETED,0.5556,REVENUE,32737235000.000000,CURRENCY,TRAILING_TWELVE_MONTHS,2026-05-31,Revenues,10-Q,2026-06-29
LEN,COMPLETED,0.5556,NET_INCOME,1615359000.000000,CURRENCY,TRAILING_TWELVE_MONTHS,2026-05-31,NetIncomeLoss,10-Q,2026-06-29
LEN,COMPLETED,0.5556,FREE_CASH_FLOW,716773000.000000,CURRENCY,TRAILING_TWELVE_MONTHS,2026-05-31,NetCashProvidedByUsedInOperatingActivities PaymentsToAcquirePropertyPlantAndEquipment,10-Q,2026-06-29
LEN,COMPLETED,0.5556,FREE_CASH_FLOW_MARGIN,0.021895,FRACTION,TRAILING_TWELVE_MONTHS,2026-05-31,NetCashProvidedByUsedInOperatingActivities PaymentsToAcquirePropertyPlantAndEquipment Revenues,10-Q,2026-06-29
LEN,COMPLETED,0.5556,NET_MARGIN,0.049343,FRACTION,TRAILING_TWELVE_MONTHS,2026-05-31,NetIncomeLoss Revenues,10-Q,2026-06-29
LEN,COMPLETED,0.5556,RETURN_ON_EQUITY,0.074714,FRACTION,TRAILING_TWELVE_MONTHS,2026-05-31,NetIncomeLoss StockholdersEquity,10-Q,2026-06-29
LEN,COMPLETED,0.5556,RETURN_ON_ASSETS,0.047931,FRACTION,TRAILING_TWELVE_MONTHS,2026-05-31,NetIncomeLoss Assets,10-Q,2026-06-29
LEN,COMPLETED,0.5556,DEBT_TO_EQUITY,0.552053,RATIO,POINT_IN_TIME,2026-05-31,Liabilities StockholdersEquity,10-Q,2026-06-29
LEN,COMPLETED,0.5556,REVENUE_GROWTH,0.005082,FRACTION,FISCAL_YEAR,2025-11-30,Revenues Revenues,10-K,2026-01-28
LEN,COMPLETED,0.5556,NET_INCOME_GROWTH,-0.233466,FRACTION,FISCAL_YEAR,2025-11-30,NetIncomeLoss NetIncomeLoss,10-K,2026-01-28
LHX,COMPLETED,0.3333,NET_INCOME,1606000000.000000,CURRENCY,FISCAL_YEAR,2026-01-02,NetIncomeLoss,10-K,2026-02-12
LHX,COMPLETED,0.3333,FREE_CASH_FLOW,2682000000.000000,CURRENCY,FISCAL_YEAR,2026-01-02,NetCashProvidedByUsedInOperatingActivities PaymentsToAcquirePropertyPlantAndEquipment,10-K,2026-02-12
LHX,COMPLETED,0.3333,SHARE_COUNT_GROWTH,-0.003862,FRACTION,FISCAL_YEAR,2026-01-02,WeightedAverageNumberOfDilutedSharesOutstanding WeightedAverageNumberOfDilutedSharesOutstanding,10-K,2026-02-12
LHX,COMPLETED,0.3333,MARKET_CAPITALIZATION,49650403064.080002,CURRENCY,POINT_IN_TIME,2026-07-24,EntityCommonStockSharesOutstanding,10-Q,2026-07-30
LHX,COMPLETED,0.3333,PRICE_EARNINGS_RATIO,30.915569,RATIO,FISCAL_YEAR,2026-01-02,EntityCommonStockSharesOutstanding NetIncomeLoss,10-K 10-Q,2026-07-30
LHX,COMPLETED,0.3333,PRICE_FREE_CASH_FLOW_RATIO,18.512455,RATIO,FISCAL_YEAR,2026-01-02,EntityCommonStockSharesOutstanding NetCashProvidedByUsedInOperatingActivities PaymentsToAcquirePropertyPlantAndEquipment,10-K 10-Q,2026-07-30
LKQ,COMPLETED,0.9444,REVENUE,13688000000.000000,CURRENCY,TRAILING_TWELVE_MONTHS,2026-06-30,Revenues,10-Q,2026-07-30
LKQ,COMPLETED,0.9444,NET_INCOME,461000000.000000,CURRENCY,TRAILING_TWELVE_MONTHS,2026-06-30,NetIncomeLoss,10-Q,2026-07-30
LKQ,COMPLETED,0.9444,FREE_CASH_FLOW,625000000.000000,CURRENCY,TRAILING_TWELVE_MONTHS,2026-06-30,NetCashProvidedByUsedInOperatingActivities PaymentsToAcquireProductiveAssets,10-Q,2026-07-30
LKQ,COMPLETED,0.9444,FREE_CASH_FLOW_MARGIN,0.045660,FRACTION,TRAILING_TWELVE_MONTHS,2026-06-30,NetCashProvidedByUsedInOperatingActivities PaymentsToAcquireProductiveAssets Revenues,10-Q,2026-07-30
LKQ,COMPLETED,0.9444,GROSS_MARGIN,0.383402,FRACTION,TRAILING_TWELVE_MONTHS,2026-06-30,GrossProfit Revenues,10-Q,2026-07-30
LKQ,COMPLETED,0.9444,OPERATING_MARGIN,0.063486,FRACTION,TRAILING_TWELVE_MONTHS,2026-06-30,OperatingIncomeLoss Revenues,10-Q,2026-07-30
LKQ,COMPLETED,0.9444,NET_MARGIN,0.033679,FRACTION,TRAILING_TWELVE_MONTHS,2026-06-30,NetIncomeLoss Revenues,10-Q,2026-07-30
LKQ,COMPLETED,0.9444,RETURN_ON_EQUITY,0.071506,FRACTION,TRAILING_TWELVE_MONTHS,2026-06-30,NetIncomeLoss StockholdersEquity,10-Q,2026-07-30
LKQ,COMPLETED,0.9444,RETURN_ON_ASSETS,0.030674,FRACTION,TRAILING_TWELVE_MONTHS,2026-06-30,NetIncomeLoss Assets,10-Q,2026-07-30
LKQ,COMPLETED,0.9444,CURRENT_RATIO,1.578466,RATIO,POINT_IN_TIME,2026-06-30,AssetsCurrent LiabilitiesCurrent,10-Q,2026-07-30
LKQ,COMPLETED,0.9444,REVENUE_GROWTH,0.021847,FRACTION,FISCAL_YEAR,2025-12-31,Revenues Revenues,10-K,2026-02-19
LKQ,COMPLETED,0.9444,NET_INCOME_GROWTH,-0.191397,FRACTION,FISCAL_YEAR,2025-12-31,NetIncomeLoss NetIncomeLoss,10-K,2026-02-19
LKQ,COMPLETED,0.9444,SHARE_COUNT_GROWTH,-0.019763,FRACTION,FISCAL_YEAR,2025-12-31,WeightedAverageNumberOfDilutedSharesOutstanding WeightedAverageNumberOfDilutedSharesOutstanding,10-K,2026-02-19
LKQ,COMPLETED,0.9444,MARKET_CAPITALIZATION,6522393777.080000,CURRENCY,POINT_IN_TIME,2026-07-23,EntityCommonStockSharesOutstanding,10-Q,2026-07-30
LKQ,COMPLETED,0.9444,PRICE_EARNINGS_RATIO,14.148360,RATIO,TRAILING_TWELVE_MONTHS,2026-06-30,EntityCommonStockSharesOutstanding NetIncomeLoss,10-Q,2026-07-30
LKQ,COMPLETED,0.9444,PRICE_SALES_RATIO,0.476505,RATIO,TRAILING_TWELVE_MONTHS,2026-06-30,EntityCommonStockSharesOutstanding Revenues,10-Q,2026-07-30
LKQ,COMPLETED,0.9444,PRICE_FREE_CASH_FLOW_RATIO,10.435830,RATIO,TRAILING_TWELVE_MONTHS,2026-06-30,EntityCommonStockSharesOutstanding NetCashProvidedByUsedInOperatingActivities PaymentsToAcquireProductiveAssets,10-Q,2026-07-30
LLY,COMPLETED,0.6667,REVENUE,79666000000.000000,CURRENCY,TRAILING_TWELVE_MONTHS,2026-06-30,Revenues,10-Q,2026-08-05
LLY,COMPLETED,0.6667,NET_INCOME,26711000000.000000,CURRENCY,TRAILING_TWELVE_MONTHS,2026-06-30,NetIncomeLoss,10-Q,2026-08-05
LLY,COMPLETED,0.6667,NET_MARGIN,0.335287,FRACTION,TRAILING_TWELVE_MONTHS,2026-06-30,NetIncomeLoss Revenues,10-Q,2026-08-05
LLY,COMPLETED,0.6667,RETURN_ON_EQUITY,0.788424,FRACTION,TRAILING_TWELVE_MONTHS,2026-06-30,NetIncomeLoss StockholdersEquity,10-Q,2026-08-05
LLY,COMPLETED,0.6667,RETURN_ON_ASSETS,0.187731,FRACTION,TRAILING_TWELVE_MONTHS,2026-06-30,NetIncomeLoss Assets,10-Q,2026-08-05
LLY,COMPLETED,0.6667,CURRENT_RATIO,1.354643,RATIO,POINT_IN_TIME,2026-06-30,AssetsCurrent LiabilitiesCurrent,10-Q,2026-08-05
LLY,COMPLETED,0.6667,REVENUE_GROWTH,0.316874,FRACTION,FISCAL_YEAR,2025-12-31,Revenues Revenues,10-K,2026-02-12
LLY,COMPLETED,0.6667,NET_INCOME_GROWTH,0.489580,FRACTION,FISCAL_YEAR,2025-12-31,NetIncomeLoss NetIncomeLoss,10-K,2026-02-12
LLY,COMPLETED,0.6667,SHARE_COUNT_GROWTH,-0.002217,FRACTION,FISCAL_YEAR,2025-12-31,WeightedAverageNumberOfDilutedSharesOutstanding WeightedAverageNumberOfDilutedSharesOutstanding,10-K,2026-02-12
LLY,COMPLETED,0.6667,MARKET_CAPITALIZATION,1181186604450.050049,CURRENCY,POINT_IN_TIME,2026-08-03,EntityCommonStockSharesOutstanding,10-Q,2026-08-05
LLY,COMPLETED,0.6667,PRICE_EARNINGS_RATIO,44.220980,RATIO,TRAILING_TWELVE_MONTHS,2026-06-30,EntityCommonStockSharesOutstanding NetIncomeLoss,10-Q,2026-08-05
LLY,COMPLETED,0.6667,PRICE_SALES_RATIO,14.826734,RATIO,TRAILING_TWELVE_MONTHS,2026-06-30,EntityCommonStockSharesOutstanding Revenues,10-Q,2026-08-05
LOW,COMPLETED,0.8889,REVENUE,90432000000.000000,CURRENCY,TRAILING_TWELVE_MONTHS,2026-07-31,RevenueFromContractWithCustomerExcludingAssessedTax,10-Q,2026-08-27
LOW,COMPLETED,0.8889,NET_INCOME,6643000000.000000,CURRENCY,TRAILING_TWELVE_MONTHS,2026-07-31,NetIncomeLoss,10-Q,2026-08-27
LOW,COMPLETED,0.8889,FREE_CASH_FLOW,7000000000.000000,CURRENCY,TRAILING_TWELVE_MONTHS,2026-07-31,NetCashProvidedByUsedInOperatingActivities PaymentsToAcquirePropertyPlantAndEquipment,10-Q,2026-08-27
LOW,COMPLETED,0.8889,FREE_CASH_FLOW_MARGIN,0.077406,FRACTION,TRAILING_TWELVE_MONTHS,2026-07-31,NetCashProvidedByUsedInOperatingActivities PaymentsToAcquirePropertyPlantAndEquipment RevenueFromContractWithCustomerExcludingAssessedTax,10-Q,2026-08-27
LOW,COMPLETED,0.8889,GROSS_MARGIN,0.330823,FRACTION,TRAILING_TWELVE_MONTHS,2026-07-31,GrossProfit RevenueFromContractWithCustomerExcludingAssessedTax,10-Q,2026-08-27
LOW,COMPLETED,0.8889,OPERATING_MARGIN,0.113809,FRACTION,TRAILING_TWELVE_MONTHS,2026-07-31,OperatingIncomeLoss RevenueFromContractWithCustomerExcludingAssessedTax,10-Q,2026-08-27
LOW,COMPLETED,0.8889,NET_MARGIN,0.073459,FRACTION,TRAILING_TWELVE_MONTHS,2026-07-31,NetIncomeLoss RevenueFromContractWithCustomerExcludingAssessedTax,10-Q,2026-08-27
LOW,COMPLETED,0.8889,RETURN_ON_ASSETS,0.118878,FRACTION,TRAILING_TWELVE_MONTHS,2026-07-31,NetIncomeLoss Assets,10-Q,2026-08-27
LOW,COMPLETED,0.8889,CURRENT_RATIO,1.104581,RATIO,POINT_IN_TIME,2026-07-31,AssetsCurrent LiabilitiesCurrent,10-Q,2026-08-27
LOW,COMPLETED,0.8889,REVENUE_GROWTH,-0.038458,FRACTION,FISCAL_YEAR,2026-01-30,RevenueFromContractWithCustomerExcludingAssessedTax RevenueFromContractWithCustomerExcludingAssessedTax,10-K,2026-03-23
LOW,COMPLETED,0.8889,NET_INCOME_GROWTH,0.011113,FRACTION,FISCAL_YEAR,2026-01-30,NetIncomeLoss NetIncomeLoss,10-K,2026-03-23
LOW,COMPLETED,0.8889,SHARE_COUNT_GROWTH,-0.020764,FRACTION,FISCAL_YEAR,2026-01-30,WeightedAverageNumberOfDilutedSharesOutstanding WeightedAverageNumberOfDilutedSharesOutstanding,10-K,2026-03-23
LOW,COMPLETED,0.8889,MARKET_CAPITALIZATION,121238162965.710007,CURRENCY,POINT_IN_TIME,2026-08-25,EntityCommonStockSharesOutstanding,10-Q,2026-08-27
LOW,COMPLETED,0.8889,PRICE_EARNINGS_RATIO,18.250514,RATIO,TRAILING_TWELVE_MONTHS,2026-07-31,EntityCommonStockSharesOutstanding NetIncomeLoss,10-Q,2026-08-27
LOW,COMPLETED,0.8889,PRICE_SALES_RATIO,1.340656,RATIO,TRAILING_TWELVE_MONTHS,2026-07-31,EntityCommonStockSharesOutstanding RevenueFromContractWithCustomerExcludingAssessedTax,10-Q,2026-08-27
LOW,COMPLETED,0.8889,PRICE_FREE_CASH_FLOW_RATIO,17.319738,RATIO,TRAILING_TWELVE_MONTHS,2026-07-31,EntityCommonStockSharesOutstanding NetCashProvidedByUsedInOperatingActivities PaymentsToAcquirePropertyPlantAndEquipment,10-Q,2026-08-27
LRCX,COMPLETED,1.0000,REVENUE,23232690000.000000,CURRENCY,FISCAL_YEAR,2026-06-28,RevenueFromContractWithCustomerExcludingAssessedTax,10-K,2026-08-07
LRCX,COMPLETED,1.0000,NET_INCOME,7265396000.000000,CURRENCY,FISCAL_YEAR,2026-06-28,NetIncomeLoss,10-K,2026-08-07
LRCX,COMPLETED,1.0000,FREE_CASH_FLOW,4891252000.000000,CURRENCY,FISCAL_YEAR,2026-06-28,NetCashProvidedByUsedInOperatingActivities PaymentsToAcquireProductiveAssets,10-K,2026-08-07
LRCX,COMPLETED,1.0000,FREE_CASH_FLOW_MARGIN,0.210533,FRACTION,FISCAL_YEAR,2026-06-28,NetCashProvidedByUsedInOperatingActivities PaymentsToAcquireProductiveAssets RevenueFromContractWithCustomerExcludingAssessedTax,10-K,2026-08-07
LRCX,COMPLETED,1.0000,GROSS_MARGIN,0.504690,FRACTION,FISCAL_YEAR,2026-06-28,GrossProfit RevenueFromContractWithCustomerExcludingAssessedTax,10-K,2026-08-07
LRCX,COMPLETED,1.0000,OPERATING_MARGIN,0.352942,FRACTION,FISCAL_YEAR,2026-06-28,OperatingIncomeLoss RevenueFromContractWithCustomerExcludingAssessedTax,10-K,2026-08-07
LRCX,COMPLETED,1.0000,NET_MARGIN,0.312723,FRACTION,FISCAL_YEAR,2026-06-28,NetIncomeLoss RevenueFromContractWithCustomerExcludingAssessedTax,10-K,2026-08-07
LRCX,COMPLETED,1.0000,RETURN_ON_EQUITY,0.582587,FRACTION,FISCAL_YEAR,2026-06-28,NetIncomeLoss StockholdersEquity,10-K,2026-08-07
LRCX,COMPLETED,1.0000,RETURN_ON_ASSETS,0.308775,FRACTION,FISCAL_YEAR,2026-06-28,NetIncomeLoss Assets,10-K,2026-08-07
LRCX,COMPLETED,1.0000,DEBT_TO_EQUITY,0.886769,RATIO,POINT_IN_TIME,2026-06-28,Liabilities StockholdersEquity,10-K,2026-08-07
LRCX,COMPLETED,1.0000,CURRENT_RATIO,2.629283,RATIO,POINT_IN_TIME,2026-06-28,AssetsCurrent LiabilitiesCurrent,10-K,2026-08-07
LRCX,COMPLETED,1.0000,REVENUE_GROWTH,0.100558,FRACTION,FISCAL_YEAR,2026-06-28,RevenueFromContractWithCustomerExcludingAssessedTax RevenueFromContractWithCustomerExcludingAssessedTax,10-K,2026-08-07
LRCX,COMPLETED,1.0000,NET_INCOME_GROWTH,0.172189,FRACTION,FISCAL_YEAR,2026-06-28,NetIncomeLoss NetIncomeLoss,10-K,2026-08-07
LRCX,COMPLETED,1.0000,SHARE_COUNT_GROWTH,-0.022546,FRACTION,FISCAL_YEAR,2026-06-28,WeightedAverageNumberOfDilutedSharesOutstanding WeightedAverageNumberOfDilutedSharesOutstanding,10-K,2026-08-07
LRCX,COMPLETED,1.0000,MARKET_CAPITALIZATION,393102492150.000000,CURRENCY,POINT_IN_TIME,2026-08-04,EntityCommonStockSharesOutstanding,10-K,2026-08-07
LRCX,COMPLETED,1.0000,PRICE_EARNINGS_RATIO,54.106134,RATIO,FISCAL_YEAR,2026-06-28,EntityCommonStockSharesOutstanding NetIncomeLoss,10-K,2026-08-07
LRCX,COMPLETED,1.0000,PRICE_SALES_RATIO,16.920231,RATIO,FISCAL_YEAR,2026-06-28,EntityCommonStockSharesOutstanding RevenueFromContractWithCustomerExcludingAssessedTax,10-K,2026-08-07
LRCX,COMPLETED,1.0000,PRICE_FREE_CASH_FLOW_RATIO,80.368481,RATIO,FISCAL_YEAR,2026-06-28,EntityCommonStockSharesOutstanding NetCashProvidedByUsedInOperatingActivities PaymentsToAcquireProductiveAssets,10-K,2026-08-07
LULU,COMPLETED,1.0000,REVENUE,11203543000.000000,CURRENCY,TRAILING_TWELVE_MONTHS,2026-05-03,RevenueFromContractWithCustomerExcludingAssessedTax,10-Q,2026-06-04
LULU,COMPLETED,1.0000,NET_INCOME,1459659000.000000,CURRENCY,TRAILING_TWELVE_MONTHS,2026-05-03,NetIncomeLoss,10-Q,2026-06-04
LULU,COMPLETED,1.0000,FREE_CASH_FLOW,1279952000.000000,CURRENCY,TRAILING_TWELVE_MONTHS,2026-05-03,NetCashProvidedByUsedInOperatingActivities PaymentsToAcquirePropertyPlantAndEquipment,10-Q,2026-06-04
LULU,COMPLETED,1.0000,FREE_CASH_FLOW_MARGIN,0.114245,FRACTION,TRAILING_TWELVE_MONTHS,2026-05-03,NetCashProvidedByUsedInOperatingActivities PaymentsToAcquirePropertyPlantAndEquipment RevenueFromContractWithCustomerExcludingAssessedTax,10-Q,2026-06-04
LULU,COMPLETED,1.0000,GROSS_MARGIN,0.556951,FRACTION,TRAILING_TWELVE_MONTHS,2026-05-03,GrossProfit RevenueFromContractWithCustomerExcludingAssessedTax,10-Q,2026-06-04
LULU,COMPLETED,1.0000,OPERATING_MARGIN,0.182883,FRACTION,TRAILING_TWELVE_MONTHS,2026-05-03,OperatingIncomeLoss RevenueFromContractWithCustomerExcludingAssessedTax,10-Q,2026-06-04
LULU,COMPLETED,1.0000,NET_MARGIN,0.130285,FRACTION,TRAILING_TWELVE_MONTHS,2026-05-03,NetIncomeLoss RevenueFromContractWithCustomerExcludingAssessedTax,10-Q,2026-06-04
LULU,COMPLETED,1.0000,RETURN_ON_EQUITY,0.302482,FRACTION,TRAILING_TWELVE_MONTHS,2026-05-03,NetIncomeLoss StockholdersEquity,10-Q,2026-06-04
LULU,COMPLETED,1.0000,RETURN_ON_ASSETS,0.171092,FRACTION,TRAILING_TWELVE_MONTHS,2026-05-03,NetIncomeLoss Assets,10-Q,2026-06-04
LULU,COMPLETED,1.0000,DEBT_TO_EQUITY,0.767954,RATIO,POINT_IN_TIME,2026-05-03,Liabilities StockholdersEquity,10-Q,2026-06-04
LULU,COMPLETED,1.0000,CURRENT_RATIO,2.226238,RATIO,POINT_IN_TIME,2026-05-03,AssetsCurrent LiabilitiesCurrent,10-Q,2026-06-04
LULU,COMPLETED,1.0000,REVENUE_GROWTH,0.110347,FRACTION,FISCAL_YEAR,2026-02-01,RevenueFromContractWithCustomerExcludingAssessedTax RevenueFromContractWithCustomerExcludingAssessedTax,10-K,2026-03-17
LULU,COMPLETED,1.0000,NET_INCOME_GROWTH,0.227032,FRACTION,FISCAL_YEAR,2026-02-01,NetIncomeLoss NetIncomeLoss,10-K,2026-03-17
LULU,COMPLETED,1.0000,SHARE_COUNT_GROWTH,-0.031960,FRACTION,FISCAL_YEAR,2026-02-01,WeightedAverageNumberOfDilutedSharesOutstanding WeightedAverageNumberOfDilutedSharesOutstanding,10-K,2026-03-17
LULU,COMPLETED,1.0000,MARKET_CAPITALIZATION,13129667833.559999,CURRENCY,POINT_IN_TIME,2026-05-29,EntityCommonStockSharesOutstanding,10-Q,2026-06-04
LULU,COMPLETED,1.0000,PRICE_EARNINGS_RATIO,8.995024,RATIO,TRAILING_TWELVE_MONTHS,2026-05-03,EntityCommonStockSharesOutstanding NetIncomeLoss,10-Q,2026-06-04
LULU,COMPLETED,1.0000,PRICE_SALES_RATIO,1.171921,RATIO,TRAILING_TWELVE_MONTHS,2026-05-03,EntityCommonStockSharesOutstanding RevenueFromContractWithCustomerExcludingAssessedTax,10-Q,2026-06-04
LULU,COMPLETED,1.0000,PRICE_FREE_CASH_FLOW_RATIO,10.257938,RATIO,TRAILING_TWELVE_MONTHS,2026-05-03,EntityCommonStockSharesOutstanding NetCashProvidedByUsedInOperatingActivities PaymentsToAcquirePropertyPlantAndEquipment,10-Q,2026-06-04
LUV,COMPLETED,0.8333,REVENUE,30073000000.000000,CURRENCY,TRAILING_TWELVE_MONTHS,2026-06-30,RevenueFromContractWithCustomerExcludingAssessedTax,10-Q,2026-07-23
LUV,COMPLETED,0.8333,NET_INCOME,837000000.000000,CURRENCY,TRAILING_TWELVE_MONTHS,2026-06-30,NetIncomeLoss,10-Q,2026-07-23
LUV,COMPLETED,0.8333,FREE_CASH_FLOW,-406000000.000000,CURRENCY,TRAILING_TWELVE_MONTHS,2026-06-30,NetCashProvidedByUsedInOperatingActivities PaymentsToAcquireProductiveAssets,10-Q,2026-07-23
LUV,COMPLETED,0.8333,FREE_CASH_FLOW_MARGIN,-0.013500,FRACTION,TRAILING_TWELVE_MONTHS,2026-06-30,NetCashProvidedByUsedInOperatingActivities PaymentsToAcquireProductiveAssets RevenueFromContractWithCustomerExcludingAssessedTax,10-Q,2026-07-23
LUV,COMPLETED,0.8333,OPERATING_MARGIN,0.034616,FRACTION,TRAILING_TWELVE_MONTHS,2026-06-30,OperatingIncomeLoss RevenueFromContractWithCustomerExcludingAssessedTax,10-Q,2026-07-23
LUV,COMPLETED,0.8333,NET_MARGIN,0.027832,FRACTION,TRAILING_TWELVE_MONTHS,2026-06-30,NetIncomeLoss RevenueFromContractWithCustomerExcludingAssessedTax,10-Q,2026-07-23
LUV,COMPLETED,0.8333,RETURN_ON_EQUITY,0.118187,FRACTION,TRAILING_TWELVE_MONTHS,2026-06-30,NetIncomeLoss StockholdersEquity,10-Q,2026-07-23
LUV,COMPLETED,0.8333,RETURN_ON_ASSETS,0.027787,FRACTION,TRAILING_TWELVE_MONTHS,2026-06-30,NetIncomeLoss Assets,10-Q,2026-07-23
LUV,COMPLETED,0.8333,CURRENT_RATIO,0.488544,RATIO,POINT_IN_TIME,2026-06-30,AssetsCurrent LiabilitiesCurrent,10-Q,2026-07-23
LUV,COMPLETED,0.8333,REVENUE_GROWTH,0.056251,FRACTION,FISCAL_YEAR,2025-12-31,RevenueFromContractWithCustomerExcludingAssessedTax RevenueFromContractWithCustomerExcludingAssessedTax,10-K,2026-02-05
LUV,COMPLETED,0.8333,NET_INCOME_GROWTH,-0.064702,FRACTION,FISCAL_YEAR,2025-12-31,NetIncomeLoss NetIncomeLoss,10-K,2026-02-05
LUV,COMPLETED,0.8333,SHARE_COUNT_GROWTH,-0.066258,FRACTION,FISCAL_YEAR,2025-12-31,WeightedAverageNumberOfDilutedSharesOutstanding WeightedAverageNumberOfDilutedSharesOutstanding,10-K,2026-02-05
LUV,COMPLETED,0.8333,MARKET_CAPITALIZATION,19754227156.380001,CURRENCY,POINT_IN_TIME,2026-07-22,EntityCommonStockSharesOutstanding,10-Q,2026-07-23
LUV,COMPLETED,0.8333,PRICE_EARNINGS_RATIO,23.601227,RATIO,TRAILING_TWELVE_MONTHS,2026-06-30,EntityCommonStockSharesOutstanding NetIncomeLoss,10-Q,2026-07-23
LUV,COMPLETED,0.8333,PRICE_SALES_RATIO,0.656876,RATIO,TRAILING_TWELVE_MONTHS,2026-06-30,EntityCommonStockSharesOutstanding RevenueFromContractWithCustomerExcludingAssessedTax,10-Q,2026-07-23
MA,COMPLETED,0.7222,REVENUE,35083000000.000000,CURRENCY,TRAILING_TWELVE_MONTHS,2026-06-30,Revenues,10-Q,2026-07-30
MA,COMPLETED,0.7222,NET_INCOME,16257000000.000000,CURRENCY,TRAILING_TWELVE_MONTHS,2026-06-30,ProfitLoss,10-Q,2026-07-30
MA,COMPLETED,0.7222,FREE_CASH_FLOW,16702000000.000000,CURRENCY,TRAILING_TWELVE_MONTHS,2026-06-30,NetCashProvidedByUsedInOperatingActivities PaymentsToAcquirePropertyPlantAndEquipment,10-Q,2026-07-30
MA,COMPLETED,0.7222,FREE_CASH_FLOW_MARGIN,0.476071,FRACTION,TRAILING_TWELVE_MONTHS,2026-06-30,NetCashProvidedByUsedInOperatingActivities PaymentsToAcquirePropertyPlantAndEquipment Revenues,10-Q,2026-07-30
MA,COMPLETED,0.7222,OPERATING_MARGIN,0.583331,FRACTION,TRAILING_TWELVE_MONTHS,2026-06-30,OperatingIncomeLoss Revenues,10-Q,2026-07-30
MA,COMPLETED,0.7222,NET_MARGIN,0.463387,FRACTION,TRAILING_TWELVE_MONTHS,2026-06-30,ProfitLoss Revenues,10-Q,2026-07-30
MA,COMPLETED,0.7222,RETURN_ON_EQUITY,2.897345,FRACTION,TRAILING_TWELVE_MONTHS,2026-06-30,ProfitLoss StockholdersEquity,10-Q,2026-07-30
MA,COMPLETED,0.7222,RETURN_ON_ASSETS,0.281794,FRACTION,TRAILING_TWELVE_MONTHS,2026-06-30,ProfitLoss Assets,10-Q,2026-07-30
MA,COMPLETED,0.7222,DEBT_TO_EQUITY,9.282659,RATIO,POINT_IN_TIME,2026-06-30,Liabilities StockholdersEquity,10-Q,2026-07-30
MA,COMPLETED,0.7222,CURRENT_RATIO,1.060710,RATIO,POINT_IN_TIME,2026-06-30,AssetsCurrent LiabilitiesCurrent,10-Q,2026-07-30
MA,COMPLETED,0.7222,REVENUE_GROWTH,0.138220,FRACTION,FISCAL_YEAR,2025-12-31,Revenues Revenues,10-K,2026-02-11
MA,COMPLETED,0.7222,NET_INCOME_GROWTH,0.146581,FRACTION,FISCAL_YEAR,2025-12-31,ProfitLoss ProfitLoss,10-K,2026-02-11
MA,COMPLETED,0.7222,SHARE_COUNT_GROWTH,-0.021370,FRACTION,FISCAL_YEAR,2025-12-31,WeightedAverageNumberOfDilutedSharesOutstanding WeightedAverageNumberOfDilutedSharesOutstanding,10-K,2026-02-11
MAS,COMPLETED,0.8889,REVENUE,7679000000.000000,CURRENCY,TRAILING_TWELVE_MONTHS,2026-03-31,RevenueFromContractWithCustomerExcludingAssessedTax,10-Q,2026-04-22
MAS,COMPLETED,0.8889,NET_INCOME,837000000.000000,CURRENCY,TRAILING_TWELVE_MONTHS,2026-03-31,NetIncomeLoss,10-Q,2026-04-22
MAS,COMPLETED,0.8889,FREE_CASH_FLOW,943000000.000000,CURRENCY,TRAILING_TWELVE_MONTHS,2026-03-31,NetCashProvidedByUsedInOperatingActivities PaymentsToAcquireProductiveAssets,10-Q,2026-04-22
MAS,COMPLETED,0.8889,FREE_CASH_FLOW_MARGIN,0.122802,FRACTION,TRAILING_TWELVE_MONTHS,2026-03-31,NetCashProvidedByUsedInOperatingActivities PaymentsToAcquireProductiveAssets RevenueFromContractWithCustomerExcludingAssessedTax,10-Q,2026-04-22
MAS,COMPLETED,0.8889,GROSS_MARGIN,0.354343,FRACTION,TRAILING_TWELVE_MONTHS,2026-03-31,GrossProfit RevenueFromContractWithCustomerExcludingAssessedTax,10-Q,2026-04-22
MAS,COMPLETED,0.8889,OPERATING_MARGIN,0.166428,FRACTION,TRAILING_TWELVE_MONTHS,2026-03-31,OperatingIncomeLoss RevenueFromContractWithCustomerExcludingAssessedTax,10-Q,2026-04-22
MAS,COMPLETED,0.8889,NET_MARGIN,0.108999,FRACTION,TRAILING_TWELVE_MONTHS,2026-03-31,NetIncomeLoss RevenueFromContractWithCustomerExcludingAssessedTax,10-Q,2026-04-22
MAS,COMPLETED,0.8889,RETURN_ON_ASSETS,0.159946,FRACTION,TRAILING_TWELVE_MONTHS,2026-03-31,NetIncomeLoss Assets,10-Q,2026-04-22
MAS,COMPLETED,0.8889,CURRENT_RATIO,1.751361,RATIO,POINT_IN_TIME,2026-03-31,AssetsCurrent LiabilitiesCurrent,10-Q,2026-04-22
MAS,COMPLETED,0.8889,REVENUE_GROWTH,-0.044922,FRACTION,FISCAL_YEAR,2025-12-31,RevenueFromContractWithCustomerExcludingAssessedTax RevenueFromContractWithCustomerExcludingAssessedTax,10-K,2026-02-10
MAS,COMPLETED,0.8889,NET_INCOME_GROWTH,-0.013613,FRACTION,FISCAL_YEAR,2025-12-31,NetIncomeLoss NetIncomeLoss,10-K,2026-02-10
MAS,COMPLETED,0.8889,SHARE_COUNT_GROWTH,-0.036048,FRACTION,FISCAL_YEAR,2025-12-31,WeightedAverageNumberOfDilutedSharesOutstanding WeightedAverageNumberOfDilutedSharesOutstanding,10-K,2026-02-10
MAS,COMPLETED,0.8889,MARKET_CAPITALIZATION,14785116887.730001,CURRENCY,POINT_IN_TIME,2026-03-31,EntityCommonStockSharesOutstanding,10-Q,2026-04-22
MAS,COMPLETED,0.8889,PRICE_EARNINGS_RATIO,17.664417,RATIO,TRAILING_TWELVE_MONTHS,2026-03-31,EntityCommonStockSharesOutstanding NetIncomeLoss,10-Q,2026-04-22
MAS,COMPLETED,0.8889,PRICE_SALES_RATIO,1.925396,RATIO,TRAILING_TWELVE_MONTHS,2026-03-31,EntityCommonStockSharesOutstanding RevenueFromContractWithCustomerExcludingAssessedTax,10-Q,2026-04-22
MAS,COMPLETED,0.8889,PRICE_FREE_CASH_FLOW_RATIO,15.678809,RATIO,TRAILING_TWELVE_MONTHS,2026-03-31,EntityCommonStockSharesOutstanding NetCashProvidedByUsedInOperatingActivities PaymentsToAcquireProductiveAssets,10-Q,2026-04-22
MCD,COMPLETED,0.8333,REVENUE,27702000000.000000,CURRENCY,TRAILING_TWELVE_MONTHS,2026-06-30,Revenues,10-Q,2026-08-07
MCD,COMPLETED,0.8333,NET_INCOME,8787000000.000000,CURRENCY,TRAILING_TWELVE_MONTHS,2026-06-30,NetIncomeLoss,10-Q,2026-08-07
MCD,COMPLETED,0.8333,FREE_CASH_FLOW,7761000000.000000,CURRENCY,TRAILING_TWELVE_MONTHS,2026-06-30,NetCashProvidedByUsedInOperatingActivities PaymentsToAcquirePropertyPlantAndEquipment,10-Q,2026-08-07
MCD,COMPLETED,0.8333,FREE_CASH_FLOW_MARGIN,0.280160,FRACTION,TRAILING_TWELVE_MONTHS,2026-06-30,NetCashProvidedByUsedInOperatingActivities PaymentsToAcquirePropertyPlantAndEquipment Revenues,10-Q,2026-08-07
MCD,COMPLETED,0.8333,OPERATING_MARGIN,0.462241,FRACTION,TRAILING_TWELVE_MONTHS,2026-06-30,OperatingIncomeLoss Revenues,10-Q,2026-08-07
MCD,COMPLETED,0.8333,NET_MARGIN,0.317197,FRACTION,TRAILING_TWELVE_MONTHS,2026-06-30,NetIncomeLoss Revenues,10-Q,2026-08-07
MCD,COMPLETED,0.8333,RETURN_ON_ASSETS,0.146646,FRACTION,TRAILING_TWELVE_MONTHS,2026-06-30,NetIncomeLoss Assets,10-Q,2026-08-07
MCD,COMPLETED,0.8333,CURRENT_RATIO,1.081384,RATIO,POINT_IN_TIME,2026-06-30,AssetsCurrent LiabilitiesCurrent,10-Q,2026-08-07
MCD,COMPLETED,0.8333,REVENUE_GROWTH,0.050623,FRACTION,FISCAL_YEAR,2025-12-31,Revenues Revenues,10-K,2026-02-24
MCD,COMPLETED,0.8333,NET_INCOME_GROWTH,0.115020,FRACTION,FISCAL_YEAR,2025-12-31,NetIncomeLoss NetIncomeLoss,10-K,2026-02-24
MCD,COMPLETED,0.8333,SHARE_COUNT_GROWTH,-0.010916,FRACTION,FISCAL_YEAR,2025-12-31,WeightedAverageNumberOfDilutedSharesOutstanding WeightedAverageNumberOfDilutedSharesOutstanding,10-K,2026-02-24
MCD,COMPLETED,0.8333,MARKET_CAPITALIZATION,191728396409.139984,CURRENCY,POINT_IN_TIME,2026-06-30,EntityCommonStockSharesOutstanding,10-Q,2026-08-07
MCD,COMPLETED,0.8333,PRICE_EARNINGS_RATIO,21.819551,RATIO,TRAILING_TWELVE_MONTHS,2026-06-30,EntityCommonStockSharesOutstanding NetIncomeLoss,10-Q,2026-08-07
MCD,COMPLETED,0.8333,PRICE_SALES_RATIO,6.921103,RATIO,TRAILING_TWELVE_MONTHS,2026-06-30,EntityCommonStockSharesOutstanding Revenues,10-Q,2026-08-07
MCD,COMPLETED,0.8333,PRICE_FREE_CASH_FLOW_RATIO,24.704084,RATIO,TRAILING_TWELVE_MONTHS,2026-06-30,EntityCommonStockSharesOutstanding NetCashProvidedByUsedInOperatingActivities PaymentsToAcquirePropertyPlantAndEquipment,10-Q,2026-08-07
MCHP,COMPLETED,0.9444,REVENUE,5122300000.000000,CURRENCY,TRAILING_TWELVE_MONTHS,2026-06-30,RevenueFromContractWithCustomerExcludingAssessedTax,10-Q,2026-08-06
MCHP,COMPLETED,0.9444,NET_INCOME,478400000.000000,CURRENCY,TRAILING_TWELVE_MONTHS,2026-06-30,NetIncomeLoss,10-Q,2026-08-06
MCHP,COMPLETED,0.9444,FREE_CASH_FLOW,1110900000.000000,CURRENCY,TRAILING_TWELVE_MONTHS,2026-06-30,NetCashProvidedByUsedInOperatingActivities PaymentsToAcquirePropertyPlantAndEquipment,10-Q,2026-08-06
MCHP,COMPLETED,0.9444,FREE_CASH_FLOW_MARGIN,0.216875,FRACTION,TRAILING_TWELVE_MONTHS,2026-06-30,NetCashProvidedByUsedInOperatingActivities PaymentsToAcquirePropertyPlantAndEquipment RevenueFromContractWithCustomerExcludingAssessedTax,10-Q,2026-08-06
MCHP,COMPLETED,0.9444,GROSS_MARGIN,0.601937,FRACTION,TRAILING_TWELVE_MONTHS,2026-06-30,GrossProfit RevenueFromContractWithCustomerExcludingAssessedTax,10-Q,2026-08-06
MCHP,COMPLETED,0.9444,OPERATING_MARGIN,0.155165,FRACTION,TRAILING_TWELVE_MONTHS,2026-06-30,OperatingIncomeLoss RevenueFromContractWithCustomerExcludingAssessedTax,10-Q,2026-08-06
MCHP,COMPLETED,0.9444,NET_MARGIN,0.093396,FRACTION,TRAILING_TWELVE_MONTHS,2026-06-30,NetIncomeLoss RevenueFromContractWithCustomerExcludingAssessedTax,10-Q,2026-08-06
MCHP,COMPLETED,0.9444,RETURN_ON_EQUITY,0.074159,FRACTION,TRAILING_TWELVE_MONTHS,2026-06-30,NetIncomeLoss StockholdersEquity,10-Q,2026-08-06
MCHP,COMPLETED,0.9444,RETURN_ON_ASSETS,0.033205,FRACTION,TRAILING_TWELVE_MONTHS,2026-06-30,NetIncomeLoss Assets,10-Q,2026-08-06
MCHP,COMPLETED,0.9444,CURRENT_RATIO,1.920735,RATIO,POINT_IN_TIME,2026-06-30,AssetsCurrent LiabilitiesCurrent,10-Q,2026-08-06
MCHP,COMPLETED,0.9444,REVENUE_GROWTH,-0.176475,FRACTION,FISCAL_YEAR,2026-03-31,RevenueFromContractWithCustomerExcludingAssessedTax RevenueFromContractWithCustomerExcludingAssessedTax,10-K,2026-05-21
MCHP,COMPLETED,0.9444,NET_INCOME_GROWTH,-0.531573,FRACTION,FISCAL_YEAR,2026-03-31,NetIncomeLoss NetIncomeLoss,10-K,2026-05-21
MCHP,COMPLETED,0.9444,SHARE_COUNT_GROWTH,-0.002558,FRACTION,FISCAL_YEAR,2026-03-31,WeightedAverageNumberOfDilutedSharesOutstanding WeightedAverageNumberOfDilutedSharesOutstanding,10-K,2026-05-21
MCHP,COMPLETED,0.9444,MARKET_CAPITALIZATION,41328391472.010002,CURRENCY,POINT_IN_TIME,2026-07-28,EntityCommonStockSharesOutstanding,10-Q,2026-08-06
MCHP,COMPLETED,0.9444,PRICE_EARNINGS_RATIO,86.388778,RATIO,TRAILING_TWELVE_MONTHS,2026-06-30,EntityCommonStockSharesOutstanding NetIncomeLoss,10-Q,2026-08-06
MCHP,COMPLETED,0.9444,PRICE_SALES_RATIO,8.068327,RATIO,TRAILING_TWELVE_MONTHS,2026-06-30,EntityCommonStockSharesOutstanding RevenueFromContractWithCustomerExcludingAssessedTax,10-Q,2026-08-06
MCHP,COMPLETED,0.9444,PRICE_FREE_CASH_FLOW_RATIO,37.202621,RATIO,TRAILING_TWELVE_MONTHS,2026-06-30,EntityCommonStockSharesOutstanding NetCashProvidedByUsedInOperatingActivities PaymentsToAcquirePropertyPlantAndEquipment,10-Q,2026-08-06
MCK,COMPLETED,0.8889,REVENUE,410983000000.000000,CURRENCY,TRAILING_TWELVE_MONTHS,2026-06-30,RevenueFromContractWithCustomerExcludingAssessedTax,10-Q,2026-08-05
MCK,COMPLETED,0.8889,NET_INCOME,4592000000.000000,CURRENCY,TRAILING_TWELVE_MONTHS,2026-06-30,NetIncomeLoss,10-Q,2026-08-05
MCK,COMPLETED,0.8889,FREE_CASH_FLOW,6416000000.000000,CURRENCY,TRAILING_TWELVE_MONTHS,2026-06-30,NetCashProvidedByUsedInOperatingActivities PaymentsToAcquirePropertyPlantAndEquipment,10-Q,2026-08-05
MCK,COMPLETED,0.8889,FREE_CASH_FLOW_MARGIN,0.015611,FRACTION,TRAILING_TWELVE_MONTHS,2026-06-30,NetCashProvidedByUsedInOperatingActivities PaymentsToAcquirePropertyPlantAndEquipment RevenueFromContractWithCustomerExcludingAssessedTax,10-Q,2026-08-05
MCK,COMPLETED,0.8889,GROSS_MARGIN,0.036391,FRACTION,TRAILING_TWELVE_MONTHS,2026-06-30,GrossProfit RevenueFromContractWithCustomerExcludingAssessedTax,10-Q,2026-08-05
MCK,COMPLETED,0.8889,OPERATING_MARGIN,0.015804,FRACTION,TRAILING_TWELVE_MONTHS,2026-06-30,OperatingIncomeLoss RevenueFromContractWithCustomerExcludingAssessedTax,10-Q,2026-08-05
MCK,COMPLETED,0.8889,NET_MARGIN,0.011173,FRACTION,TRAILING_TWELVE_MONTHS,2026-06-30,NetIncomeLoss RevenueFromContractWithCustomerExcludingAssessedTax,10-Q,2026-08-05
MCK,COMPLETED,0.8889,RETURN_ON_ASSETS,0.051987,FRACTION,TRAILING_TWELVE_MONTHS,2026-06-30,NetIncomeLoss Assets,10-Q,2026-08-05
MCK,COMPLETED,0.8889,CURRENT_RATIO,0.893129,RATIO,POINT_IN_TIME,2026-06-30,AssetsCurrent LiabilitiesCurrent,10-Q,2026-08-05
MCK,COMPLETED,0.8889,REVENUE_GROWTH,0.133915,FRACTION,FISCAL_YEAR,2026-03-31,RevenueFromContractWithCustomerExcludingAssessedTax RevenueFromContractWithCustomerExcludingAssessedTax,10-K,2026-05-08
MCK,COMPLETED,0.8889,NET_INCOME_GROWTH,0.101826,FRACTION,FISCAL_YEAR,2026-03-31,NetIncomeLoss NetIncomeLoss,10-K,2026-05-08
MCK,COMPLETED,0.8889,SHARE_COUNT_GROWTH,-0.038008,FRACTION,FISCAL_YEAR,2026-03-31,WeightedAverageNumberOfDilutedSharesOutstanding WeightedAverageNumberOfDilutedSharesOutstanding,10-K,2026-05-08
MCK,COMPLETED,0.8889,MARKET_CAPITALIZATION,100224573745.690002,CURRENCY,POINT_IN_TIME,2026-07-31,EntityCommonStockSharesOutstanding,10-Q,2026-08-05
MCK,COMPLETED,0.8889,PRICE_EARNINGS_RATIO,21.825909,RATIO,TRAILING_TWELVE_MONTHS,2026-06-30,EntityCommonStockSharesOutstanding NetIncomeLoss,10-Q,2026-08-05
MCK,COMPLETED,0.8889,PRICE_SALES_RATIO,0.243865,RATIO,TRAILING_TWELVE_MONTHS,2026-06-30,EntityCommonStockSharesOutstanding RevenueFromContractWithCustomerExcludingAssessedTax,10-Q,2026-08-05
MCK,COMPLETED,0.8889,PRICE_FREE_CASH_FLOW_RATIO,15.621037,RATIO,TRAILING_TWELVE_MONTHS,2026-06-30,EntityCommonStockSharesOutstanding NetCashProvidedByUsedInOperatingActivities PaymentsToAcquirePropertyPlantAndEquipment,10-Q,2026-08-05
META,COMPLETED,0.7222,REVENUE,228247000000.000000,CURRENCY,TRAILING_TWELVE_MONTHS,2026-06-30,RevenueFromContractWithCustomerExcludingAssessedTax,10-Q,2026-07-30
META,COMPLETED,0.7222,NET_INCOME,68098000000.000000,CURRENCY,TRAILING_TWELVE_MONTHS,2026-06-30,NetIncomeLoss,10-Q,2026-07-30
META,COMPLETED,0.7222,FREE_CASH_FLOW,40976000000.000000,CURRENCY,TRAILING_TWELVE_MONTHS,2026-06-30,NetCashProvidedByUsedInOperatingActivities PaymentsToAcquirePropertyPlantAndEquipment,10-Q,2026-07-30
META,COMPLETED,0.7222,FREE_CASH_FLOW_MARGIN,0.179525,FRACTION,TRAILING_TWELVE_MONTHS,2026-06-30,NetCashProvidedByUsedInOperatingActivities PaymentsToAcquirePropertyPlantAndEquipment RevenueFromContractWithCustomerExcludingAssessedTax,10-Q,2026-07-30
META,COMPLETED,0.7222,OPERATING_MARGIN,0.380842,FRACTION,TRAILING_TWELVE_MONTHS,2026-06-30,OperatingIncomeLoss RevenueFromContractWithCustomerExcludingAssessedTax,10-Q,2026-07-30
META,COMPLETED,0.7222,NET_MARGIN,0.298352,FRACTION,TRAILING_TWELVE_MONTHS,2026-06-30,NetIncomeLoss RevenueFromContractWithCustomerExcludingAssessedTax,10-Q,2026-07-30
META,COMPLETED,0.7222,RETURN_ON_EQUITY,0.260691,FRACTION,TRAILING_TWELVE_MONTHS,2026-06-30,NetIncomeLoss StockholdersEquity,10-Q,2026-07-30
META,COMPLETED,0.7222,RETURN_ON_ASSETS,0.151344,FRACTION,TRAILING_TWELVE_MONTHS,2026-06-30,NetIncomeLoss Assets,10-Q,2026-07-30
META,COMPLETED,0.7222,DEBT_TO_EQUITY,0.722511,RATIO,POINT_IN_TIME,2026-06-30,Liabilities StockholdersEquity,10-Q,2026-07-30
META,COMPLETED,0.7222,CURRENT_RATIO,2.225563,RATIO,POINT_IN_TIME,2026-06-30,AssetsCurrent LiabilitiesCurrent,10-Q,2026-07-30
META,COMPLETED,0.7222,REVENUE_GROWTH,0.198938,FRACTION,FISCAL_YEAR,2025-12-31,RevenueFromContractWithCustomerExcludingAssessedTax RevenueFromContractWithCustomerExcludingAssessedTax,10-K,2026-01-29
META,COMPLETED,0.7222,NET_INCOME_GROWTH,0.376117,FRACTION,FISCAL_YEAR,2025-12-31,NetIncomeLoss NetIncomeLoss,10-K,2026-01-29
META,COMPLETED,0.7222,SHARE_COUNT_GROWTH,-0.010516,FRACTION,FISCAL_YEAR,2025-12-31,WeightedAverageNumberOfDilutedSharesOutstanding WeightedAverageNumberOfDilutedSharesOutstanding,10-K,2026-01-29
MGA,INSUFFICIENT_DATA,0.0000,,,,,,,,
MKC,COMPLETED,0.6667,REVENUE,7385800000.000000,CURRENCY,TRAILING_TWELVE_MONTHS,2026-05-31,Revenues,10-Q,2026-06-25
MKC,COMPLETED,0.6667,NET_INCOME,1618400000.000000,CURRENCY,TRAILING_TWELVE_MONTHS,2026-05-31,NetIncomeLoss,10-Q,2026-06-25
MKC,COMPLETED,0.6667,GROSS_MARGIN,0.386214,FRACTION,TRAILING_TWELVE_MONTHS,2026-05-31,GrossProfit Revenues,10-Q,2026-06-25
MKC,COMPLETED,0.6667,OPERATING_MARGIN,0.149435,FRACTION,TRAILING_TWELVE_MONTHS,2026-05-31,OperatingIncomeLoss Revenues,10-Q,2026-06-25
MKC,COMPLETED,0.6667,NET_MARGIN,0.219123,FRACTION,TRAILING_TWELVE_MONTHS,2026-05-31,NetIncomeLoss Revenues,10-Q,2026-06-25
MKC,COMPLETED,0.6667,RETURN_ON_EQUITY,0.231345,FRACTION,TRAILING_TWELVE_MONTHS,2026-05-31,NetIncomeLoss StockholdersEquity,10-Q,2026-06-25
MKC,COMPLETED,0.6667,RETURN_ON_ASSETS,0.098221,FRACTION,TRAILING_TWELVE_MONTHS,2026-05-31,NetIncomeLoss Assets,10-Q,2026-06-25
MKC,COMPLETED,0.6667,DEBT_TO_EQUITY,1.272771,RATIO,POINT_IN_TIME,2026-05-31,Liabilities StockholdersEquity,10-Q,2026-06-25
MKC,COMPLETED,0.6667,CURRENT_RATIO,0.780783,RATIO,POINT_IN_TIME,2026-05-31,AssetsCurrent LiabilitiesCurrent,10-Q,2026-06-25
MKC,COMPLETED,0.6667,REVENUE_GROWTH,0.025075,FRACTION,FISCAL_YEAR,2025-11-30,Revenues Revenues,10-K,2026-01-22
MKC,COMPLETED,0.6667,NET_INCOME_GROWTH,0.049956,FRACTION,FISCAL_YEAR,2025-11-30,NetIncomeLoss NetIncomeLoss,10-K,2026-01-22
MKC,COMPLETED,0.6667,SHARE_COUNT_GROWTH,-0.000742,FRACTION,FISCAL_YEAR,2025-11-30,WeightedAverageNumberOfDilutedSharesOutstanding WeightedAverageNumberOfDilutedSharesOutstanding,10-K,2026-01-22
MLM,COMPLETED,1.0000,REVENUE,6688000000.000000,CURRENCY,TRAILING_TWELVE_MONTHS,2026-06-30,RevenueFromContractWithCustomerExcludingAssessedTax,10-Q,2026-07-30
MLM,COMPLETED,1.0000,NET_INCOME,2457000000.000000,CURRENCY,TRAILING_TWELVE_MONTHS,2026-06-30,NetIncomeLoss,10-Q,2026-07-30
MLM,COMPLETED,1.0000,FREE_CASH_FLOW,810000000.000000,CURRENCY,TRAILING_TWELVE_MONTHS,2026-06-30,NetCashProvidedByUsedInOperatingActivities PaymentsToAcquirePropertyPlantAndEquipment,10-Q,2026-07-30
MLM,COMPLETED,1.0000,FREE_CASH_FLOW_MARGIN,0.121112,FRACTION,TRAILING_TWELVE_MONTHS,2026-06-30,NetCashProvidedByUsedInOperatingActivities PaymentsToAcquirePropertyPlantAndEquipment RevenueFromContractWithCustomerExcludingAssessedTax,10-Q,2026-07-30
MLM,COMPLETED,1.0000,GROSS_MARGIN,0.281549,FRACTION,TRAILING_TWELVE_MONTHS,2026-06-30,GrossProfit RevenueFromContractWithCustomerExcludingAssessedTax,10-Q,2026-07-30
MLM,COMPLETED,1.0000,OPERATING_MARGIN,0.206190,FRACTION,TRAILING_TWELVE_MONTHS,2026-06-30,OperatingIncomeLoss RevenueFromContractWithCustomerExcludingAssessedTax,10-Q,2026-07-30
MLM,COMPLETED,1.0000,NET_MARGIN,0.367374,FRACTION,TRAILING_TWELVE_MONTHS,2026-06-30,NetIncomeLoss RevenueFromContractWithCustomerExcludingAssessedTax,10-Q,2026-07-30
MLM,COMPLETED,1.0000,RETURN_ON_EQUITY,0.212801,FRACTION,TRAILING_TWELVE_MONTHS,2026-06-30,NetIncomeLoss StockholdersEquity,10-Q,2026-07-30
MLM,COMPLETED,1.0000,RETURN_ON_ASSETS,0.115325,FRACTION,TRAILING_TWELVE_MONTHS,2026-06-30,NetIncomeLoss Assets,10-Q,2026-07-30
MLM,COMPLETED,1.0000,DEBT_TO_EQUITY,0.845055,RATIO,POINT_IN_TIME,2026-06-30,Liabilities StockholdersEquity,10-Q,2026-07-30
MLM,COMPLETED,1.0000,CURRENT_RATIO,1.406555,RATIO,POINT_IN_TIME,2026-06-30,AssetsCurrent LiabilitiesCurrent,10-Q,2026-07-30
MLM,COMPLETED,1.0000,REVENUE_GROWTH,-0.000595,FRACTION,FISCAL_YEAR,2025-12-31,RevenueFromContractWithCustomerExcludingAssessedTax RevenueFromContractWithCustomerExcludingAssessedTax,10-K,2026-02-19
MLM,COMPLETED,1.0000,NET_INCOME_GROWTH,0.094579,FRACTION,FISCAL_YEAR,2025-12-31,NetIncomeLoss NetIncomeLoss,10-K,2026-02-19
MLM,COMPLETED,1.0000,SHARE_COUNT_GROWTH,-0.012151,FRACTION,FISCAL_YEAR,2025-12-31,WeightedAverageNumberOfDilutedSharesOutstanding WeightedAverageNumberOfDilutedSharesOutstanding,10-K,2026-02-19
MLM,COMPLETED,1.0000,MARKET_CAPITALIZATION,32130418597.879997,CURRENCY,POINT_IN_TIME,2026-07-27,EntityCommonStockSharesOutstanding,10-Q,2026-07-30
MLM,COMPLETED,1.0000,PRICE_EARNINGS_RATIO,13.077093,RATIO,TRAILING_TWELVE_MONTHS,2026-06-30,EntityCommonStockSharesOutstanding NetIncomeLoss,10-Q,2026-07-30
MLM,COMPLETED,1.0000,PRICE_SALES_RATIO,4.804189,RATIO,TRAILING_TWELVE_MONTHS,2026-06-30,EntityCommonStockSharesOutstanding RevenueFromContractWithCustomerExcludingAssessedTax,10-Q,2026-07-30
MLM,COMPLETED,1.0000,PRICE_FREE_CASH_FLOW_RATIO,39.667183,RATIO,TRAILING_TWELVE_MONTHS,2026-06-30,EntityCommonStockSharesOutstanding NetCashProvidedByUsedInOperatingActivities PaymentsToAcquirePropertyPlantAndEquipment,10-Q,2026-07-30
MNST,COMPLETED,0.9444,REVENUE,9218957000.000000,CURRENCY,TRAILING_TWELVE_MONTHS,2026-06-30,RevenueFromContractWithCustomerExcludingAssessedTax,10-Q,2026-08-07
MNST,COMPLETED,0.9444,NET_INCOME,2127670000.000000,CURRENCY,TRAILING_TWELVE_MONTHS,2026-06-30,NetIncomeLossAvailableToCommonStockholdersBasic,10-Q,2026-08-07
MNST,COMPLETED,0.9444,FREE_CASH_FLOW,2097916000.000000,CURRENCY,TRAILING_TWELVE_MONTHS,2026-06-30,NetCashProvidedByUsedInOperatingActivities PaymentsToAcquirePropertyPlantAndEquipment,10-Q,2026-08-07
MNST,COMPLETED,0.9444,FREE_CASH_FLOW_MARGIN,0.227565,FRACTION,TRAILING_TWELVE_MONTHS,2026-06-30,NetCashProvidedByUsedInOperatingActivities PaymentsToAcquirePropertyPlantAndEquipment RevenueFromContractWithCustomerExcludingAssessedTax,10-Q,2026-08-07
MNST,COMPLETED,0.9444,GROSS_MARGIN,0.555464,FRACTION,TRAILING_TWELVE_MONTHS,2026-06-30,GrossProfit RevenueFromContractWithCustomerExcludingAssessedTax,10-Q,2026-08-07
MNST,COMPLETED,0.9444,OPERATING_MARGIN,0.291615,FRACTION,TRAILING_TWELVE_MONTHS,2026-06-30,OperatingIncomeLoss RevenueFromContractWithCustomerExcludingAssessedTax,10-Q,2026-08-07
MNST,COMPLETED,0.9444,NET_MARGIN,0.230793,FRACTION,TRAILING_TWELVE_MONTHS,2026-06-30,NetIncomeLossAvailableToCommonStockholdersBasic RevenueFromContractWithCustomerExcludingAssessedTax,10-Q,2026-08-07
MNST,COMPLETED,0.9444,RETURN_ON_EQUITY,0.227214,FRACTION,TRAILING_TWELVE_MONTHS,2026-06-30,NetIncomeLossAvailableToCommonStockholdersBasic StockholdersEquity,10-Q,2026-08-07
MNST,COMPLETED,0.9444,RETURN_ON_ASSETS,0.186928,FRACTION,TRAILING_TWELVE_MONTHS,2026-06-30,NetIncomeLossAvailableToCommonStockholdersBasic Assets,10-Q,2026-08-07
MNST,COMPLETED,0.9444,CURRENT_RATIO,3.729315,RATIO,POINT_IN_TIME,2026-06-30,AssetsCurrent LiabilitiesCurrent,10-Q,2026-08-07
MNST,COMPLETED,0.9444,REVENUE_GROWTH,0.095368,FRACTION,FISCAL_YEAR,2025-12-31,RevenueFromContractWithCustomerExcludingAssessedTax RevenueFromContractWithCustomerExcludingAssessedTax,10-K,2026-02-27
MNST,COMPLETED,0.9444,NET_INCOME_GROWTH,0.169369,FRACTION,FISCAL_YEAR,2025-12-31,NetIncomeLossAvailableToCommonStockholdersBasic NetIncomeLossAvailableToCommonStockholdersBasic,10-K,2026-02-27
MNST,COMPLETED,0.9444,SHARE_COUNT_GROWTH,-0.035376,FRACTION,FISCAL_YEAR,2025-12-31,WeightedAverageNumberOfDilutedSharesOutstanding WeightedAverageNumberOfDilutedSharesOutstanding,10-K,2026-02-27
MNST,COMPLETED,0.9444,MARKET_CAPITALIZATION,46811541900.779999,CURRENCY,POINT_IN_TIME,2026-07-31,EntityCommonStockSharesOutstanding,10-Q,2026-08-07
MNST,COMPLETED,0.9444,PRICE_EARNINGS_RATIO,22.001317,RATIO,TRAILING_TWELVE_MONTHS,2026-06-30,EntityCommonStockSharesOutstanding NetIncomeLossAvailableToCommonStockholdersBasic,10-Q,2026-08-07
MNST,COMPLETED,0.9444,PRICE_SALES_RATIO,5.077748,RATIO,TRAILING_TWELVE_MONTHS,2026-06-30,EntityCommonStockSharesOutstanding RevenueFromContractWithCustomerExcludingAssessedTax,10-Q,2026-08-07
MNST,COMPLETED,0.9444,PRICE_FREE_CASH_FLOW_RATIO,22.313354,RATIO,TRAILING_TWELVE_MONTHS,2026-06-30,EntityCommonStockSharesOutstanding NetCashProvidedByUsedInOperatingActivities PaymentsToAcquirePropertyPlantAndEquipment,10-Q,2026-08-07
MRK,COMPLETED,0.8333,REVENUE,66569000000.000000,CURRENCY,TRAILING_TWELVE_MONTHS,2026-06-30,Revenues,10-Q,2026-08-07
MRK,COMPLETED,0.8333,NET_INCOME,3173000000.000000,CURRENCY,TRAILING_TWELVE_MONTHS,2026-06-30,NetIncomeLoss,10-Q,2026-08-07
MRK,COMPLETED,0.8333,FREE_CASH_FLOW,16063000000.000000,CURRENCY,TRAILING_TWELVE_MONTHS,2026-06-30,NetCashProvidedByUsedInOperatingActivities PaymentsToAcquirePropertyPlantAndEquipment,10-Q,2026-08-07
MRK,COMPLETED,0.8333,FREE_CASH_FLOW_MARGIN,0.241299,FRACTION,TRAILING_TWELVE_MONTHS,2026-06-30,NetCashProvidedByUsedInOperatingActivities PaymentsToAcquirePropertyPlantAndEquipment Revenues,10-Q,2026-08-07
MRK,COMPLETED,0.8333,NET_MARGIN,0.047665,FRACTION,TRAILING_TWELVE_MONTHS,2026-06-30,NetIncomeLoss Revenues,10-Q,2026-08-07
MRK,COMPLETED,0.8333,RETURN_ON_EQUITY,0.075668,FRACTION,TRAILING_TWELVE_MONTHS,2026-06-30,NetIncomeLoss StockholdersEquity,10-Q,2026-08-07
MRK,COMPLETED,0.8333,RETURN_ON_ASSETS,0.024445,FRACTION,TRAILING_TWELVE_MONTHS,2026-06-30,NetIncomeLoss Assets,10-Q,2026-08-07
MRK,COMPLETED,0.8333,CURRENT_RATIO,1.322671,RATIO,POINT_IN_TIME,2026-06-30,AssetsCurrent LiabilitiesCurrent,10-Q,2026-08-07
MRK,COMPLETED,0.8333,REVENUE_GROWTH,0.031222,FRACTION,FISCAL_YEAR,2025-12-31,Revenues Revenues,10-K,2026-02-24
MRK,COMPLETED,0.8333,NET_INCOME_GROWTH,0.079296,FRACTION,FISCAL_YEAR,2025-12-31,NetIncomeLoss NetIncomeLoss,10-K,2026-02-24
MRK,COMPLETED,0.8333,SHARE_COUNT_GROWTH,-0.007883,FRACTION,FISCAL_YEAR,2025-12-31,WeightedAverageNumberOfDilutedSharesOutstanding WeightedAverageNumberOfDilutedSharesOutstanding,10-K,2026-02-24
MRK,COMPLETED,0.8333,MARKET_CAPITALIZATION,376317689944.140015,CURRENCY,POINT_IN_TIME,2026-07-31,EntityCommonStockSharesOutstanding,10-Q,2026-08-07
MRK,COMPLETED,0.8333,PRICE_EARNINGS_RATIO,118.599965,RATIO,TRAILING_TWELVE_MONTHS,2026-06-30,EntityCommonStockSharesOutstanding NetIncomeLoss,10-Q,2026-08-07
MRK,COMPLETED,0.8333,PRICE_SALES_RATIO,5.653047,RATIO,TRAILING_TWELVE_MONTHS,2026-06-30,EntityCommonStockSharesOutstanding Revenues,10-Q,2026-08-07
MRK,COMPLETED,0.8333,PRICE_FREE_CASH_FLOW_RATIO,23.427609,RATIO,TRAILING_TWELVE_MONTHS,2026-06-30,EntityCommonStockSharesOutstanding NetCashProvidedByUsedInOperatingActivities PaymentsToAcquirePropertyPlantAndEquipment,10-Q,2026-08-07
MS,COMPLETED,0.6667,REVENUE,78042000000.000000,CURRENCY,TRAILING_TWELVE_MONTHS,2026-06-30,RevenuesNetOfInterestExpense,10-Q,2026-08-04
MS,COMPLETED,0.6667,NET_INCOME,20155000000.000000,CURRENCY,TRAILING_TWELVE_MONTHS,2026-06-30,NetIncomeLoss,10-Q,2026-08-04
MS,COMPLETED,0.6667,NET_MARGIN,0.258258,FRACTION,TRAILING_TWELVE_MONTHS,2026-06-30,NetIncomeLoss RevenuesNetOfInterestExpense,10-Q,2026-08-04
MS,COMPLETED,0.6667,RETURN_ON_EQUITY,0.173259,FRACTION,TRAILING_TWELVE_MONTHS,2026-06-30,NetIncomeLoss StockholdersEquity,10-Q,2026-08-04
MS,COMPLETED,0.6667,RETURN_ON_ASSETS,0.012032,FRACTION,TRAILING_TWELVE_MONTHS,2026-06-30,NetIncomeLoss Assets,10-Q,2026-08-04
MS,COMPLETED,0.6667,DEBT_TO_EQUITY,13.389757,RATIO,POINT_IN_TIME,2026-06-30,Liabilities StockholdersEquity,10-Q,2026-08-04
MS,COMPLETED,0.6667,REVENUE_GROWTH,0.095945,FRACTION,FISCAL_YEAR,2025-12-31,RevenuesNetOfInterestExpense RevenuesNetOfInterestExpense,10-K,2026-02-19
MS,COMPLETED,0.6667,NET_INCOME_GROWTH,0.151991,FRACTION,FISCAL_YEAR,2025-12-31,NetIncomeLoss NetIncomeLoss,10-K,2026-02-19
MS,COMPLETED,0.6667,SHARE_COUNT_GROWTH,-0.016540,FRACTION,FISCAL_YEAR,2025-12-31,WeightedAverageNumberOfDilutedSharesOutstanding WeightedAverageNumberOfDilutedSharesOutstanding,10-K,2026-02-19
MS,COMPLETED,0.6667,MARKET_CAPITALIZATION,336431005409.320007,CURRENCY,POINT_IN_TIME,2026-07-31,EntityCommonStockSharesOutstanding,10-Q,2026-08-04
MS,COMPLETED,0.6667,PRICE_EARNINGS_RATIO,16.692186,RATIO,TRAILING_TWELVE_MONTHS,2026-06-30,EntityCommonStockSharesOutstanding NetIncomeLoss,10-Q,2026-08-04
MS,COMPLETED,0.6667,PRICE_SALES_RATIO,4.310897,RATIO,TRAILING_TWELVE_MONTHS,2026-06-30,EntityCommonStockSharesOutstanding RevenuesNetOfInterestExpense,10-Q,2026-08-04
MSFT,COMPLETED,1.0000,REVENUE,331839000000.000000,CURRENCY,FISCAL_YEAR,2026-06-30,RevenueFromContractWithCustomerExcludingAssessedTax,10-K,2026-07-29
MSFT,COMPLETED,1.0000,NET_INCOME,133749000000.000000,CURRENCY,FISCAL_YEAR,2026-06-30,NetIncomeLoss,10-K,2026-07-29
MSFT,COMPLETED,1.0000,FREE_CASH_FLOW,66987000000.000000,CURRENCY,FISCAL_YEAR,2026-06-30,NetCashProvidedByUsedInOperatingActivities PaymentsToAcquirePropertyPlantAndEquipment,10-K,2026-07-29
MSFT,COMPLETED,1.0000,FREE_CASH_FLOW_MARGIN,0.201866,FRACTION,FISCAL_YEAR,2026-06-30,NetCashProvidedByUsedInOperatingActivities PaymentsToAcquirePropertyPlantAndEquipment RevenueFromContractWithCustomerExcludingAssessedTax,10-K,2026-07-29
MSFT,COMPLETED,1.0000,GROSS_MARGIN,0.679441,FRACTION,FISCAL_YEAR,2026-06-30,GrossProfit RevenueFromContractWithCustomerExcludingAssessedTax,10-K,2026-07-29
MSFT,COMPLETED,1.0000,OPERATING_MARGIN,0.467808,FRACTION,FISCAL_YEAR,2026-06-30,OperatingIncomeLoss RevenueFromContractWithCustomerExcludingAssessedTax,10-K,2026-07-29
MSFT,COMPLETED,1.0000,NET_MARGIN,0.403054,FRACTION,FISCAL_YEAR,2026-06-30,NetIncomeLoss RevenueFromContractWithCustomerExcludingAssessedTax,10-K,2026-07-29
MSFT,COMPLETED,1.0000,RETURN_ON_EQUITY,0.302335,FRACTION,FISCAL_YEAR,2026-06-30,NetIncomeLoss StockholdersEquity,10-K,2026-07-29
MSFT,COMPLETED,1.0000,RETURN_ON_ASSETS,0.176362,FRACTION,FISCAL_YEAR,2026-06-30,NetIncomeLoss Assets,10-K,2026-07-29
MSFT,COMPLETED,1.0000,DEBT_TO_EQUITY,0.714282,RATIO,POINT_IN_TIME,2026-06-30,Liabilities StockholdersEquity,10-K,2026-07-29
MSFT,COMPLETED,1.0000,CURRENT_RATIO,1.230327,RATIO,POINT_IN_TIME,2026-06-30,AssetsCurrent LiabilitiesCurrent,10-K,2026-07-29
MSFT,COMPLETED,1.0000,REVENUE_GROWTH,0.161240,FRACTION,FISCAL_YEAR,2026-06-30,RevenueFromContractWithCustomerExcludingAssessedTax RevenueFromContractWithCustomerExcludingAssessedTax,10-K,2026-07-29
MSFT,COMPLETED,1.0000,NET_INCOME_GROWTH,0.227238,FRACTION,FISCAL_YEAR,2026-06-30,NetIncomeLoss NetIncomeLoss,10-K,2026-07-29
MSFT,COMPLETED,1.0000,SHARE_COUNT_GROWTH,-0.001072,FRACTION,FISCAL_YEAR,2026-06-30,WeightedAverageNumberOfDilutedSharesOutstanding WeightedAverageNumberOfDilutedSharesOutstanding,10-K,2026-07-29
MSFT,COMPLETED,1.0000,MARKET_CAPITALIZATION,3589063157619.939941,CURRENCY,POINT_IN_TIME,2026-07-23,EntityCommonStockSharesOutstanding,10-K,2026-07-29
MSFT,COMPLETED,1.0000,PRICE_EARNINGS_RATIO,26.834318,RATIO,FISCAL_YEAR,2026-06-30,EntityCommonStockSharesOutstanding NetIncomeLoss,10-K,2026-07-29
MSFT,COMPLETED,1.0000,PRICE_SALES_RATIO,10.815676,RATIO,FISCAL_YEAR,2026-06-30,EntityCommonStockSharesOutstanding RevenueFromContractWithCustomerExcludingAssessedTax,10-K,2026-07-29
MSFT,COMPLETED,1.0000,PRICE_FREE_CASH_FLOW_RATIO,53.578503,RATIO,FISCAL_YEAR,2026-06-30,EntityCommonStockSharesOutstanding NetCashProvidedByUsedInOperatingActivities PaymentsToAcquirePropertyPlantAndEquipment,10-K,2026-07-29
MU,COMPLETED,1.0000,REVENUE,90274000000.000000,CURRENCY,TRAILING_TWELVE_MONTHS,2026-05-28,RevenueFromContractWithCustomerExcludingAssessedTax,10-Q,2026-06-25
MU,COMPLETED,1.0000,NET_INCOME,50469000000.000000,CURRENCY,TRAILING_TWELVE_MONTHS,2026-05-28,NetIncomeLoss,10-Q,2026-06-25
MU,COMPLETED,1.0000,FREE_CASH_FLOW,26172000000.000000,CURRENCY,TRAILING_TWELVE_MONTHS,2026-05-28,NetCashProvidedByUsedInOperatingActivities PaymentsToAcquirePropertyPlantAndEquipment,10-Q,2026-06-25
MU,COMPLETED,1.0000,FREE_CASH_FLOW_MARGIN,0.289917,FRACTION,TRAILING_TWELVE_MONTHS,2026-05-28,NetCashProvidedByUsedInOperatingActivities PaymentsToAcquirePropertyPlantAndEquipment RevenueFromContractWithCustomerExcludingAssessedTax,10-Q,2026-06-25
MU,COMPLETED,1.0000,GROSS_MARGIN,0.725691,FRACTION,TRAILING_TWELVE_MONTHS,2026-05-28,GrossProfit RevenueFromContractWithCustomerExcludingAssessedTax,10-Q,2026-06-25
MU,COMPLETED,1.0000,OPERATING_MARGIN,0.656258,FRACTION,TRAILING_TWELVE_MONTHS,2026-05-28,OperatingIncomeLoss RevenueFromContractWithCustomerExcludingAssessedTax,10-Q,2026-06-25
MU,COMPLETED,1.0000,NET_MARGIN,0.559065,FRACTION,TRAILING_TWELVE_MONTHS,2026-05-28,NetIncomeLoss RevenueFromContractWithCustomerExcludingAssessedTax,10-Q,2026-06-25
MU,COMPLETED,1.0000,RETURN_ON_EQUITY,0.501062,FRACTION,TRAILING_TWELVE_MONTHS,2026-05-28,NetIncomeLoss StockholdersEquity,10-Q,2026-06-25
MU,COMPLETED,1.0000,RETURN_ON_ASSETS,0.376320,FRACTION,TRAILING_TWELVE_MONTHS,2026-05-28,NetIncomeLoss Assets,10-Q,2026-06-25
MU,COMPLETED,1.0000,DEBT_TO_EQUITY,0.331480,RATIO,POINT_IN_TIME,2026-05-28,Liabilities StockholdersEquity,10-Q,2026-06-25
MU,COMPLETED,1.0000,CURRENT_RATIO,3.424518,RATIO,POINT_IN_TIME,2026-05-28,AssetsCurrent LiabilitiesCurrent,10-Q,2026-06-25
MU,COMPLETED,1.0000,REVENUE_GROWTH,0.067135,FRACTION,FISCAL_YEAR,2025-08-28,RevenueFromContractWithCustomerExcludingAssessedTax RevenueFromContractWithCustomerExcludingAssessedTax,10-K,2025-10-03
MU,COMPLETED,1.0000,NET_INCOME_GROWTH,-0.005712,FRACTION,FISCAL_YEAR,2025-08-28,NetIncomeLoss NetIncomeLoss,10-K,2025-10-03
MU,COMPLETED,1.0000,SHARE_COUNT_GROWTH,0.014533,FRACTION,FISCAL_YEAR,2025-08-28,WeightedAverageNumberOfDilutedSharesOutstanding WeightedAverageNumberOfDilutedSharesOutstanding,10-K,2025-10-03
MU,COMPLETED,1.0000,MARKET_CAPITALIZATION,1091806946934.719971,CURRENCY,POINT_IN_TIME,2026-06-17,EntityCommonStockSharesOutstanding,10-Q,2026-06-25
MU,COMPLETED,1.0000,PRICE_EARNINGS_RATIO,21.633219,RATIO,TRAILING_TWELVE_MONTHS,2026-05-28,EntityCommonStockSharesOutstanding NetIncomeLoss,10-Q,2026-06-25
MU,COMPLETED,1.0000,PRICE_SALES_RATIO,12.094368,RATIO,TRAILING_TWELVE_MONTHS,2026-05-28,EntityCommonStockSharesOutstanding RevenueFromContractWithCustomerExcludingAssessedTax,10-Q,2026-06-25
MU,COMPLETED,1.0000,PRICE_FREE_CASH_FLOW_RATIO,41.716604,RATIO,TRAILING_TWELVE_MONTHS,2026-05-28,EntityCommonStockSharesOutstanding NetCashProvidedByUsedInOperatingActivities PaymentsToAcquirePropertyPlantAndEquipment,10-Q,2026-06-25
NEE,COMPLETED,0.7778,REVENUE,25900000000.000000,CURRENCY,TRAILING_TWELVE_MONTHS,2026-03-31,RevenueFromContractWithCustomerIncludingAssessedTax,10-Q,2026-04-23
NEE,COMPLETED,0.7778,NET_INCOME,8184000000.000000,CURRENCY,TRAILING_TWELVE_MONTHS,2026-03-31,NetIncomeLoss,10-Q,2026-04-23
NEE,COMPLETED,0.7778,OPERATING_MARGIN,0.317838,FRACTION,TRAILING_TWELVE_MONTHS,2026-03-31,OperatingIncomeLoss RevenueFromContractWithCustomerIncludingAssessedTax,10-Q,2026-04-23
NEE,COMPLETED,0.7778,NET_MARGIN,0.315985,FRACTION,TRAILING_TWELVE_MONTHS,2026-03-31,NetIncomeLoss RevenueFromContractWithCustomerIncludingAssessedTax,10-Q,2026-04-23
NEE,COMPLETED,0.7778,RETURN_ON_EQUITY,0.148202,FRACTION,TRAILING_TWELVE_MONTHS,2026-03-31,NetIncomeLoss StockholdersEquity,10-Q,2026-04-23
NEE,COMPLETED,0.7778,RETURN_ON_ASSETS,0.036961,FRACTION,TRAILING_TWELVE_MONTHS,2026-03-31,NetIncomeLoss Assets,10-Q,2026-04-23
NEE,COMPLETED,0.7778,DEBT_TO_EQUITY,2.803086,RATIO,POINT_IN_TIME,2026-03-31,Liabilities StockholdersEquity,10-Q,2026-04-23
NEE,COMPLETED,0.7778,CURRENT_RATIO,0.541900,RATIO,POINT_IN_TIME,2026-03-31,AssetsCurrent LiabilitiesCurrent,10-Q,2026-04-23
NEE,COMPLETED,0.7778,REVENUE_GROWTH,0.039036,FRACTION,FISCAL_YEAR,2025-12-31,RevenueFromContractWithCustomerIncludingAssessedTax RevenueFromContractWithCustomerIncludingAssessedTax,10-K,2026-02-13
NEE,COMPLETED,0.7778,NET_INCOME_GROWTH,0.181231,FRACTION,FISCAL_YEAR,2025-12-31,NetIncomeLoss NetIncomeLoss,10-K,2026-02-13
NEE,COMPLETED,0.7778,SHARE_COUNT_GROWTH,0.009752,FRACTION,FISCAL_YEAR,2025-12-31,WeightedAverageNumberOfDilutedSharesOutstanding WeightedAverageNumberOfDilutedSharesOutstanding,10-K,2026-02-13
NEE,COMPLETED,0.7778,MARKET_CAPITALIZATION,174417959379.839996,CURRENCY,POINT_IN_TIME,2026-03-31,EntityCommonStockSharesOutstanding,10-Q,2026-04-23
NEE,COMPLETED,0.7778,PRICE_EARNINGS_RATIO,21.312067,RATIO,TRAILING_TWELVE_MONTHS,2026-03-31,EntityCommonStockSharesOutstanding NetIncomeLoss,10-Q,2026-04-23
NEE,COMPLETED,0.7778,PRICE_SALES_RATIO,6.734284,RATIO,TRAILING_TWELVE_MONTHS,2026-03-31,EntityCommonStockSharesOutstanding RevenueFromContractWithCustomerIncludingAssessedTax,10-Q,2026-04-23
NEM,COMPLETED,0.8333,REVENUE,25767000000.000000,CURRENCY,TRAILING_TWELVE_MONTHS,2026-06-30,RevenueFromContractWithCustomerExcludingAssessedTax,10-Q,2026-07-23
NEM,COMPLETED,0.8333,NET_INCOME,8597000000.000000,CURRENCY,TRAILING_TWELVE_MONTHS,2026-06-30,NetIncomeLoss,10-Q,2026-07-23
NEM,COMPLETED,0.8333,FREE_CASH_FLOW,9733000000.000000,CURRENCY,TRAILING_TWELVE_MONTHS,2026-06-30,NetCashProvidedByUsedInOperatingActivities PaymentsToAcquireProductiveAssets,10-Q,2026-07-23
NEM,COMPLETED,0.8333,FREE_CASH_FLOW_MARGIN,0.377731,FRACTION,TRAILING_TWELVE_MONTHS,2026-06-30,NetCashProvidedByUsedInOperatingActivities PaymentsToAcquireProductiveAssets RevenueFromContractWithCustomerExcludingAssessedTax,10-Q,2026-07-23
NEM,COMPLETED,0.8333,NET_MARGIN,0.333644,FRACTION,TRAILING_TWELVE_MONTHS,2026-06-30,NetIncomeLoss RevenueFromContractWithCustomerExcludingAssessedTax,10-Q,2026-07-23
NEM,COMPLETED,0.8333,RETURN_ON_EQUITY,0.243935,FRACTION,TRAILING_TWELVE_MONTHS,2026-06-30,NetIncomeLoss StockholdersEquity,10-Q,2026-07-23
NEM,COMPLETED,0.8333,RETURN_ON_ASSETS,0.149147,FRACTION,TRAILING_TWELVE_MONTHS,2026-06-30,NetIncomeLoss Assets,10-Q,2026-07-23
NEM,COMPLETED,0.8333,DEBT_TO_EQUITY,0.630678,RATIO,POINT_IN_TIME,2026-06-30,Liabilities StockholdersEquity,10-Q,2026-07-23
NEM,COMPLETED,0.8333,CURRENT_RATIO,2.546116,RATIO,POINT_IN_TIME,2026-06-30,AssetsCurrent LiabilitiesCurrent,10-Q,2026-07-23
NEM,COMPLETED,0.8333,REVENUE_GROWTH,0.239118,FRACTION,FISCAL_YEAR,2025-12-31,RevenueFromContractWithCustomerExcludingAssessedTax RevenueFromContractWithCustomerExcludingAssessedTax,10-K,2026-02-19
NEM,COMPLETED,0.8333,SHARE_COUNT_GROWTH,0.147815,FRACTION,FISCAL_YEAR,2025-12-31,WeightedAverageNumberOfDilutedSharesOutstanding WeightedAverageNumberOfDilutedSharesOutstanding,10-K,2026-02-19
NEM,COMPLETED,0.8333,MARKET_CAPITALIZATION,138634292095.470001,CURRENCY,POINT_IN_TIME,2026-07-16,EntityCommonStockSharesOutstanding,10-Q,2026-07-23
NEM,COMPLETED,0.8333,PRICE_EARNINGS_RATIO,16.125892,RATIO,TRAILING_TWELVE_MONTHS,2026-06-30,EntityCommonStockSharesOutstanding NetIncomeLoss,10-Q,2026-07-23
NEM,COMPLETED,0.8333,PRICE_SALES_RATIO,5.380304,RATIO,TRAILING_TWELVE_MONTHS,2026-06-30,EntityCommonStockSharesOutstanding RevenueFromContractWithCustomerExcludingAssessedTax,10-Q,2026-07-23
NEM,COMPLETED,0.8333,PRICE_FREE_CASH_FLOW_RATIO,14.243737,RATIO,TRAILING_TWELVE_MONTHS,2026-06-30,EntityCommonStockSharesOutstanding NetCashProvidedByUsedInOperatingActivities PaymentsToAcquireProductiveAssets,10-Q,2026-07-23
NFLX,COMPLETED,0.9444,REVENUE,48370764000.000000,CURRENCY,TRAILING_TWELVE_MONTHS,2026-06-30,Revenues,10-Q,2026-07-17
NFLX,COMPLETED,0.9444,NET_INCOME,13649642000.000000,CURRENCY,TRAILING_TWELVE_MONTHS,2026-06-30,NetIncomeLoss,10-Q,2026-07-17
NFLX,COMPLETED,0.9444,FREE_CASH_FLOW,11152005000.000000,CURRENCY,TRAILING_TWELVE_MONTHS,2026-06-30,NetCashProvidedByUsedInOperatingActivities PaymentsToAcquirePropertyPlantAndEquipment,10-Q,2026-07-17
NFLX,COMPLETED,0.9444,FREE_CASH_FLOW_MARGIN,0.230553,FRACTION,TRAILING_TWELVE_MONTHS,2026-06-30,NetCashProvidedByUsedInOperatingActivities PaymentsToAcquirePropertyPlantAndEquipment Revenues,10-Q,2026-07-17
NFLX,COMPLETED,0.9444,OPERATING_MARGIN,0.296760,FRACTION,TRAILING_TWELVE_MONTHS,2026-06-30,OperatingIncomeLoss Revenues,10-Q,2026-07-17
NFLX,COMPLETED,0.9444,NET_MARGIN,0.282188,FRACTION,TRAILING_TWELVE_MONTHS,2026-06-30,NetIncomeLoss Revenues,10-Q,2026-07-17
NFLX,COMPLETED,0.9444,RETURN_ON_EQUITY,0.452694,FRACTION,TRAILING_TWELVE_MONTHS,2026-06-30,NetIncomeLoss StockholdersEquity,10-Q,2026-07-17
NFLX,COMPLETED,0.9444,RETURN_ON_ASSETS,0.233525,FRACTION,TRAILING_TWELVE_MONTHS,2026-06-30,NetIncomeLoss Assets,10-Q,2026-07-17
NFLX,COMPLETED,0.9444,DEBT_TO_EQUITY,0.938523,RATIO,POINT_IN_TIME,2026-06-30,Liabilities StockholdersEquity,10-Q,2026-07-17
NFLX,COMPLETED,0.9444,CURRENT_RATIO,1.141609,RATIO,POINT_IN_TIME,2026-06-30,AssetsCurrent LiabilitiesCurrent,10-Q,2026-07-17
NFLX,COMPLETED,0.9444,REVENUE_GROWTH,0.126397,FRACTION,FISCAL_YEAR,2025-12-31,Revenues Revenues,10-K,2026-01-23
NFLX,COMPLETED,0.9444,NET_INCOME_GROWTH,0.347119,FRACTION,FISCAL_YEAR,2025-12-31,NetIncomeLoss NetIncomeLoss,10-K,2026-01-23
NFLX,COMPLETED,0.9444,SHARE_COUNT_GROWTH,-0.016952,FRACTION,FISCAL_YEAR,2025-12-31,WeightedAverageNumberOfDilutedSharesOutstanding WeightedAverageNumberOfDilutedSharesOutstanding,10-K,2026-01-23
NFLX,COMPLETED,0.9444,MARKET_CAPITALIZATION,331491237606.359985,CURRENCY,POINT_IN_TIME,2026-06-30,EntityCommonStockSharesOutstanding,10-Q,2026-07-17
NFLX,COMPLETED,0.9444,PRICE_EARNINGS_RATIO,24.285709,RATIO,TRAILING_TWELVE_MONTHS,2026-06-30,EntityCommonStockSharesOutstanding NetIncomeLoss,10-Q,2026-07-17
NFLX,COMPLETED,0.9444,PRICE_SALES_RATIO,6.853132,RATIO,TRAILING_TWELVE_MONTHS,2026-06-30,EntityCommonStockSharesOutstanding Revenues,10-Q,2026-07-17
NFLX,COMPLETED,0.9444,PRICE_FREE_CASH_FLOW_RATIO,29.724811,RATIO,TRAILING_TWELVE_MONTHS,2026-06-30,EntityCommonStockSharesOutstanding NetCashProvidedByUsedInOperatingActivities PaymentsToAcquirePropertyPlantAndEquipment,10-Q,2026-07-17
NKE,COMPLETED,0.6667,REVENUE,46398000000.000000,CURRENCY,FISCAL_YEAR,2026-05-31,RevenueFromContractWithCustomerExcludingAssessedTax,10-K,2026-07-15
NKE,COMPLETED,0.6667,NET_INCOME,3108000000.000000,CURRENCY,FISCAL_YEAR,2026-05-31,NetIncomeLoss,10-K,2026-07-15
NKE,COMPLETED,0.6667,FREE_CASH_FLOW,2184000000.000000,CURRENCY,FISCAL_YEAR,2026-05-31,NetCashProvidedByUsedInOperatingActivities PaymentsToAcquirePropertyPlantAndEquipment,10-K,2026-07-15
NKE,COMPLETED,0.6667,FREE_CASH_FLOW_MARGIN,0.047071,FRACTION,FISCAL_YEAR,2026-05-31,NetCashProvidedByUsedInOperatingActivities PaymentsToAcquirePropertyPlantAndEquipment RevenueFromContractWithCustomerExcludingAssessedTax,10-K,2026-07-15
NKE,COMPLETED,0.6667,GROSS_MARGIN,0.429135,FRACTION,FISCAL_YEAR,2026-05-31,GrossProfit RevenueFromContractWithCustomerExcludingAssessedTax,10-K,2026-07-15
NKE,COMPLETED,0.6667,NET_MARGIN,0.066986,FRACTION,FISCAL_YEAR,2026-05-31,NetIncomeLoss RevenueFromContractWithCustomerExcludingAssessedTax,10-K,2026-07-15
NKE,COMPLETED,0.6667,RETURN_ON_EQUITY,0.209082,FRACTION,FISCAL_YEAR,2026-05-31,NetIncomeLoss StockholdersEquity,10-K,2026-07-15
NKE,COMPLETED,0.6667,RETURN_ON_ASSETS,0.080916,FRACTION,FISCAL_YEAR,2026-05-31,NetIncomeLoss Assets,10-K,2026-07-15
NKE,COMPLETED,0.6667,CURRENT_RATIO,1.960867,RATIO,POINT_IN_TIME,2026-05-31,AssetsCurrent LiabilitiesCurrent,10-K,2026-07-15
NKE,COMPLETED,0.6667,REVENUE_GROWTH,-0.032402,FRACTION,FISCAL_YEAR,2026-05-31,RevenueFromContractWithCustomerExcludingAssessedTax RevenueFromContractWithCustomerExcludingAssessedTax,10-K,2026-07-15
NKE,COMPLETED,0.6667,NET_INCOME_GROWTH,-0.150511,FRACTION,FISCAL_YEAR,2026-05-31,NetIncomeLoss NetIncomeLoss,10-K,2026-07-15
NKE,COMPLETED,0.6667,SHARE_COUNT_GROWTH,-0.016047,FRACTION,FISCAL_YEAR,2026-05-31,WeightedAverageNumberOfDilutedSharesOutstanding WeightedAverageNumberOfDilutedSharesOutstanding,10-K,2026-07-15
NOW,COMPLETED,1.0000,REVENUE,14732000000.000000,CURRENCY,TRAILING_TWELVE_MONTHS,2026-06-30,RevenueFromContractWithCustomerExcludingAssessedTax,10-Q,2026-07-23
NOW,COMPLETED,1.0000,NET_INCOME,1670000000.000000,CURRENCY,TRAILING_TWELVE_MONTHS,2026-06-30,NetIncomeLoss,10-Q,2026-07-23
NOW,COMPLETED,1.0000,FREE_CASH_FLOW,4580000000.000000,CURRENCY,TRAILING_TWELVE_MONTHS,2026-06-30,NetCashProvidedByUsedInOperatingActivities PaymentsToAcquirePropertyPlantAndEquipment,10-Q,2026-07-23
NOW,COMPLETED,1.0000,FREE_CASH_FLOW_MARGIN,0.310888,FRACTION,TRAILING_TWELVE_MONTHS,2026-06-30,NetCashProvidedByUsedInOperatingActivities PaymentsToAcquirePropertyPlantAndEquipment RevenueFromContractWithCustomerExcludingAssessedTax,10-Q,2026-07-23
NOW,COMPLETED,1.0000,GROSS_MARGIN,0.747692,FRACTION,TRAILING_TWELVE_MONTHS,2026-06-30,GrossProfit RevenueFromContractWithCustomerExcludingAssessedTax,10-Q,2026-07-23
NOW,COMPLETED,1.0000,OPERATING_MARGIN,0.114037,FRACTION,TRAILING_TWELVE_MONTHS,2026-06-30,OperatingIncomeLoss RevenueFromContractWithCustomerExcludingAssessedTax,10-Q,2026-07-23
NOW,COMPLETED,1.0000,NET_MARGIN,0.113359,FRACTION,TRAILING_TWELVE_MONTHS,2026-06-30,NetIncomeLoss RevenueFromContractWithCustomerExcludingAssessedTax,10-Q,2026-07-23
NOW,COMPLETED,1.0000,RETURN_ON_EQUITY,0.133429,FRACTION,TRAILING_TWELVE_MONTHS,2026-06-30,NetIncomeLoss StockholdersEquity,10-Q,2026-07-23
NOW,COMPLETED,1.0000,RETURN_ON_ASSETS,0.052738,FRACTION,TRAILING_TWELVE_MONTHS,2026-06-30,NetIncomeLoss Assets,10-Q,2026-07-23
NOW,COMPLETED,1.0000,DEBT_TO_EQUITY,1.530042,RATIO,POINT_IN_TIME,2026-06-30,Liabilities StockholdersEquity,10-Q,2026-07-23
NOW,COMPLETED,1.0000,CURRENT_RATIO,0.700568,RATIO,POINT_IN_TIME,2026-06-30,AssetsCurrent LiabilitiesCurrent,10-Q,2026-07-23
NOW,COMPLETED,1.0000,REVENUE_GROWTH,0.223765,FRACTION,FISCAL_YEAR,2025-12-31,RevenueFromContractWithCustomerExcludingAssessedTax RevenueFromContractWithCustomerExcludingAssessedTax,10-K,2026-01-29
NOW,COMPLETED,1.0000,NET_INCOME_GROWTH,0.752075,FRACTION,FISCAL_YEAR,2025-12-31,NetIncomeLoss NetIncomeLoss,10-K,2026-01-29
NOW,COMPLETED,1.0000,SHARE_COUNT_GROWTH,0.009073,FRACTION,FISCAL_YEAR,2025-12-31,WeightedAverageNumberOfDilutedSharesOutstanding WeightedAverageNumberOfDilutedSharesOutstanding,10-K,2026-01-29
NOW,COMPLETED,1.0000,MARKET_CAPITALIZATION,132869000000.000000,CURRENCY,POINT_IN_TIME,2026-06-30,EntityCommonStockSharesOutstanding,10-Q,2026-07-23
NOW,COMPLETED,1.0000,PRICE_EARNINGS_RATIO,79.562275,RATIO,TRAILING_TWELVE_MONTHS,2026-06-30,EntityCommonStockSharesOutstanding NetIncomeLoss,10-Q,2026-07-23
NOW,COMPLETED,1.0000,PRICE_SALES_RATIO,9.019074,RATIO,TRAILING_TWELVE_MONTHS,2026-06-30,EntityCommonStockSharesOutstanding RevenueFromContractWithCustomerExcludingAssessedTax,10-Q,2026-07-23
NOW,COMPLETED,1.0000,PRICE_FREE_CASH_FLOW_RATIO,29.010699,RATIO,TRAILING_TWELVE_MONTHS,2026-06-30,EntityCommonStockSharesOutstanding NetCashProvidedByUsedInOperatingActivities PaymentsToAcquirePropertyPlantAndEquipment,10-Q,2026-07-23
NVDA,COMPLETED,1.0000,REVENUE,302970000000.000000,CURRENCY,TRAILING_TWELVE_MONTHS,2026-07-26,Revenues,10-Q,2026-08-26
NVDA,COMPLETED,1.0000,NET_INCOME,192880000000.000000,CURRENCY,TRAILING_TWELVE_MONTHS,2026-07-26,NetIncomeLoss,10-Q,2026-08-26
NVDA,COMPLETED,1.0000,FREE_CASH_FLOW,127006000000.000000,CURRENCY,TRAILING_TWELVE_MONTHS,2026-07-26,NetCashProvidedByUsedInOperatingActivities PaymentsToAcquireProductiveAssets,10-Q,2026-08-26
NVDA,COMPLETED,1.0000,FREE_CASH_FLOW_MARGIN,0.419203,FRACTION,TRAILING_TWELVE_MONTHS,2026-07-26,NetCashProvidedByUsedInOperatingActivities PaymentsToAcquireProductiveAssets Revenues,10-Q,2026-08-26
NVDA,COMPLETED,1.0000,GROSS_MARGIN,0.746744,FRACTION,TRAILING_TWELVE_MONTHS,2026-07-26,GrossProfit Revenues,10-Q,2026-08-26
NVDA,COMPLETED,1.0000,OPERATING_MARGIN,0.652140,FRACTION,TRAILING_TWELVE_MONTHS,2026-07-26,OperatingIncomeLoss Revenues,10-Q,2026-08-26
NVDA,COMPLETED,1.0000,NET_MARGIN,0.636631,FRACTION,TRAILING_TWELVE_MONTHS,2026-07-26,NetIncomeLoss Revenues,10-Q,2026-08-26
NVDA,COMPLETED,1.0000,RETURN_ON_EQUITY,0.842330,FRACTION,TRAILING_TWELVE_MONTHS,2026-07-26,NetIncomeLoss StockholdersEquity,10-Q,2026-08-26
NVDA,COMPLETED,1.0000,RETURN_ON_ASSETS,0.602238,FRACTION,TRAILING_TWELVE_MONTHS,2026-07-26,NetIncomeLoss Assets,10-Q,2026-08-26
NVDA,COMPLETED,1.0000,DEBT_TO_EQUITY,0.398665,RATIO,POINT_IN_TIME,2026-07-26,Liabilities StockholdersEquity,10-Q,2026-08-26
NVDA,COMPLETED,1.0000,CURRENT_RATIO,4.588949,RATIO,POINT_IN_TIME,2026-07-26,AssetsCurrent LiabilitiesCurrent,10-Q,2026-08-26
NVDA,COMPLETED,1.0000,REVENUE_GROWTH,1.000451,FRACTION,FISCAL_YEAR,2026-01-25,Revenues Revenues,10-K,2026-02-25
NVDA,COMPLETED,1.0000,NET_INCOME_GROWTH,2.017961,FRACTION,FISCAL_YEAR,2026-01-25,NetIncomeLoss NetIncomeLoss,10-K,2026-02-25
NVDA,COMPLETED,1.0000,SHARE_COUNT_GROWTH,-0.008577,FRACTION,FISCAL_YEAR,2026-01-25,WeightedAverageNumberOfDilutedSharesOutstanding WeightedAverageNumberOfDilutedSharesOutstanding,10-K,2026-02-25
NVDA,COMPLETED,1.0000,MARKET_CAPITALIZATION,5175716000000.000000,CURRENCY,POINT_IN_TIME,2026-08-21,EntityCommonStockSharesOutstanding,10-Q,2026-08-26
NVDA,COMPLETED,1.0000,PRICE_EARNINGS_RATIO,26.833866,RATIO,TRAILING_TWELVE_MONTHS,2026-07-26,EntityCommonStockSharesOutstanding NetIncomeLoss,10-Q,2026-08-26
NVDA,COMPLETED,1.0000,PRICE_SALES_RATIO,17.083262,RATIO,TRAILING_TWELVE_MONTHS,2026-07-26,EntityCommonStockSharesOutstanding Revenues,10-Q,2026-08-26
NVDA,COMPLETED,1.0000,PRICE_FREE_CASH_FLOW_RATIO,40.751744,RATIO,TRAILING_TWELVE_MONTHS,2026-07-26,EntityCommonStockSharesOutstanding NetCashProvidedByUsedInOperatingActivities PaymentsToAcquireProductiveAssets,10-Q,2026-08-26
OKE,COMPLETED,0.8889,REVENUE,39366000000.000000,CURRENCY,TRAILING_TWELVE_MONTHS,2026-06-30,RevenueFromContractWithCustomerExcludingAssessedTax,10-Q,2026-08-04
OKE,COMPLETED,0.8889,NET_INCOME,3656000000.000000,CURRENCY,TRAILING_TWELVE_MONTHS,2026-06-30,NetIncomeLoss,10-Q,2026-08-04
OKE,COMPLETED,0.8889,FREE_CASH_FLOW,2906000000.000000,CURRENCY,TRAILING_TWELVE_MONTHS,2026-06-30,NetCashProvidedByUsedInOperatingActivities PaymentsToAcquirePropertyPlantAndEquipment,10-Q,2026-08-04
OKE,COMPLETED,0.8889,FREE_CASH_FLOW_MARGIN,0.073820,FRACTION,TRAILING_TWELVE_MONTHS,2026-06-30,NetCashProvidedByUsedInOperatingActivities PaymentsToAcquirePropertyPlantAndEquipment RevenueFromContractWithCustomerExcludingAssessedTax,10-Q,2026-08-04
OKE,COMPLETED,0.8889,OPERATING_MARGIN,0.155235,FRACTION,TRAILING_TWELVE_MONTHS,2026-06-30,OperatingIncomeLoss RevenueFromContractWithCustomerExcludingAssessedTax,10-Q,2026-08-04
OKE,COMPLETED,0.8889,NET_MARGIN,0.092872,FRACTION,TRAILING_TWELVE_MONTHS,2026-06-30,NetIncomeLoss RevenueFromContractWithCustomerExcludingAssessedTax,10-Q,2026-08-04
OKE,COMPLETED,0.8889,RETURN_ON_EQUITY,0.159393,FRACTION,TRAILING_TWELVE_MONTHS,2026-06-30,NetIncomeLoss StockholdersEquity,10-Q,2026-08-04
OKE,COMPLETED,0.8889,RETURN_ON_ASSETS,0.053334,FRACTION,TRAILING_TWELVE_MONTHS,2026-06-30,NetIncomeLoss Assets,10-Q,2026-08-04
OKE,COMPLETED,0.8889,CURRENT_RATIO,0.737091,RATIO,POINT_IN_TIME,2026-06-30,AssetsCurrent LiabilitiesCurrent,10-Q,2026-08-04
OKE,COMPLETED,0.8889,REVENUE_GROWTH,0.145267,FRACTION,FISCAL_YEAR,2025-12-31,Revenues RevenueFromContractWithCustomerExcludingAssessedTax,10-K,2026-02-24
OKE,COMPLETED,0.8889,NET_INCOME_GROWTH,0.253671,FRACTION,FISCAL_YEAR,2025-12-31,NetIncomeLoss NetIncomeLoss,10-K,2026-02-24
OKE,COMPLETED,0.8889,SHARE_COUNT_GROWTH,0.135540,FRACTION,FISCAL_YEAR,2025-12-31,WeightedAverageNumberOfDilutedSharesOutstanding WeightedAverageNumberOfDilutedSharesOutstanding,10-K,2026-02-24
OKE,COMPLETED,0.8889,MARKET_CAPITALIZATION,58845008414.449997,CURRENCY,POINT_IN_TIME,2026-07-27,EntityCommonStockSharesOutstanding,10-Q,2026-08-04
OKE,COMPLETED,0.8889,PRICE_EARNINGS_RATIO,16.095462,RATIO,TRAILING_TWELVE_MONTHS,2026-06-30,EntityCommonStockSharesOutstanding NetIncomeLoss,10-Q,2026-08-04
OKE,COMPLETED,0.8889,PRICE_SALES_RATIO,1.494818,RATIO,TRAILING_TWELVE_MONTHS,2026-06-30,EntityCommonStockSharesOutstanding RevenueFromContractWithCustomerExcludingAssessedTax,10-Q,2026-08-04
OKE,COMPLETED,0.8889,PRICE_FREE_CASH_FLOW_RATIO,20.249487,RATIO,TRAILING_TWELVE_MONTHS,2026-06-30,EntityCommonStockSharesOutstanding NetCashProvidedByUsedInOperatingActivities PaymentsToAcquirePropertyPlantAndEquipment,10-Q,2026-08-04
ORCL,COMPLETED,0.8333,REVENUE,67357000000.000000,CURRENCY,FISCAL_YEAR,2026-05-31,Revenues,10-K,2026-06-22
ORCL,COMPLETED,0.8333,NET_INCOME,17087000000.000000,CURRENCY,FISCAL_YEAR,2026-05-31,NetIncomeLoss,10-K,2026-06-22
ORCL,COMPLETED,0.8333,FREE_CASH_FLOW,-23686000000.000000,CURRENCY,FISCAL_YEAR,2026-05-31,NetCashProvidedByUsedInOperatingActivities PaymentsToAcquirePropertyPlantAndEquipment,10-K,2026-06-22
ORCL,COMPLETED,0.8333,FREE_CASH_FLOW_MARGIN,-0.351649,FRACTION,FISCAL_YEAR,2026-05-31,NetCashProvidedByUsedInOperatingActivities PaymentsToAcquirePropertyPlantAndEquipment Revenues,10-K,2026-06-22
ORCL,COMPLETED,0.8333,OPERATING_MARGIN,0.305922,FRACTION,FISCAL_YEAR,2026-05-31,OperatingIncomeLoss Revenues,10-K,2026-06-22
ORCL,COMPLETED,0.8333,NET_MARGIN,0.253678,FRACTION,FISCAL_YEAR,2026-05-31,NetIncomeLoss Revenues,10-K,2026-06-22
ORCL,COMPLETED,0.8333,RETURN_ON_EQUITY,0.401971,FRACTION,FISCAL_YEAR,2026-05-31,NetIncomeLoss StockholdersEquity,10-K,2026-06-22
ORCL,COMPLETED,0.8333,RETURN_ON_ASSETS,0.065278,FRACTION,FISCAL_YEAR,2026-05-31,NetIncomeLoss Assets,10-K,2026-06-22
ORCL,COMPLETED,0.8333,CURRENT_RATIO,1.115003,RATIO,POINT_IN_TIME,2026-05-31,AssetsCurrent LiabilitiesCurrent,10-K,2026-06-22
ORCL,COMPLETED,0.8333,REVENUE_GROWTH,0.104767,FRACTION,FISCAL_YEAR,2026-05-31,Revenues Revenues,10-K,2026-06-22
ORCL,COMPLETED,0.8333,NET_INCOME_GROWTH,0.261918,FRACTION,FISCAL_YEAR,2026-05-31,NetIncomeLoss NetIncomeLoss,10-K,2026-06-22
ORCL,COMPLETED,0.8333,SHARE_COUNT_GROWTH,0.015990,FRACTION,FISCAL_YEAR,2026-05-31,WeightedAverageNumberOfDilutedSharesOutstanding WeightedAverageNumberOfDilutedSharesOutstanding,10-K,2026-06-22
ORCL,COMPLETED,0.8333,MARKET_CAPITALIZATION,421989001500.000000,CURRENCY,POINT_IN_TIME,2026-06-12,EntityCommonStockSharesOutstanding,10-K,2026-06-22
ORCL,COMPLETED,0.8333,PRICE_EARNINGS_RATIO,24.696494,RATIO,FISCAL_YEAR,2026-05-31,EntityCommonStockSharesOutstanding NetIncomeLoss,10-K,2026-06-22
ORCL,COMPLETED,0.8333,PRICE_SALES_RATIO,6.264961,RATIO,FISCAL_YEAR,2026-05-31,EntityCommonStockSharesOutstanding Revenues,10-K,2026-06-22
OTIS,COMPLETED,0.8333,REVENUE,14911000000.000000,CURRENCY,TRAILING_TWELVE_MONTHS,2026-06-30,RevenueFromContractWithCustomerExcludingAssessedTax,10-Q,2026-07-23
OTIS,COMPLETED,0.8333,NET_INCOME,1516000000.000000,CURRENCY,TRAILING_TWELVE_MONTHS,2026-06-30,NetIncomeLoss,10-Q,2026-07-23
OTIS,COMPLETED,0.8333,FREE_CASH_FLOW,1712000000.000000,CURRENCY,TRAILING_TWELVE_MONTHS,2026-06-30,NetCashProvidedByUsedInOperatingActivities PaymentsToAcquireProductiveAssets,10-Q,2026-07-23
OTIS,COMPLETED,0.8333,FREE_CASH_FLOW_MARGIN,0.114815,FRACTION,TRAILING_TWELVE_MONTHS,2026-06-30,NetCashProvidedByUsedInOperatingActivities PaymentsToAcquireProductiveAssets RevenueFromContractWithCustomerExcludingAssessedTax,10-Q,2026-07-23
OTIS,COMPLETED,0.8333,OPERATING_MARGIN,0.153511,FRACTION,TRAILING_TWELVE_MONTHS,2026-06-30,OperatingIncomeLoss RevenueFromContractWithCustomerExcludingAssessedTax,10-Q,2026-07-23
OTIS,COMPLETED,0.8333,NET_MARGIN,0.101670,FRACTION,TRAILING_TWELVE_MONTHS,2026-06-30,NetIncomeLoss RevenueFromContractWithCustomerExcludingAssessedTax,10-Q,2026-07-23
OTIS,COMPLETED,0.8333,RETURN_ON_ASSETS,0.135891,FRACTION,TRAILING_TWELVE_MONTHS,2026-06-30,NetIncomeLoss Assets,10-Q,2026-07-23
OTIS,COMPLETED,0.8333,CURRENT_RATIO,0.831489,RATIO,POINT_IN_TIME,2026-06-30,AssetsCurrent LiabilitiesCurrent,10-Q,2026-07-23
OTIS,COMPLETED,0.8333,REVENUE_GROWTH,0.017850,FRACTION,FISCAL_YEAR,2025-12-31,RevenueFromContractWithCustomerExcludingAssessedTax RevenueFromContractWithCustomerExcludingAssessedTax,10-K,2026-02-05
OTIS,COMPLETED,0.8333,NET_INCOME_GROWTH,0.033701,FRACTION,FISCAL_YEAR,2025-12-31,NetIncomeLoss NetIncomeLoss,10-K,2026-02-05
OTIS,COMPLETED,0.8333,SHARE_COUNT_GROWTH,-0.024047,FRACTION,FISCAL_YEAR,2025-12-31,WeightedAverageNumberOfDilutedSharesOutstanding WeightedAverageNumberOfDilutedSharesOutstanding,10-K,2026-02-05
OTIS,COMPLETED,0.8333,MARKET_CAPITALIZATION,27206437658.329998,CURRENCY,POINT_IN_TIME,2026-07-15,EntityCommonStockSharesOutstanding,10-Q,2026-07-23
OTIS,COMPLETED,0.8333,PRICE_EARNINGS_RATIO,17.946199,RATIO,TRAILING_TWELVE_MONTHS,2026-06-30,EntityCommonStockSharesOutstanding NetIncomeLoss,10-Q,2026-07-23
OTIS,COMPLETED,0.8333,PRICE_SALES_RATIO,1.824588,RATIO,TRAILING_TWELVE_MONTHS,2026-06-30,EntityCommonStockSharesOutstanding RevenueFromContractWithCustomerExcludingAssessedTax,10-Q,2026-07-23
OTIS,COMPLETED,0.8333,PRICE_FREE_CASH_FLOW_RATIO,15.891611,RATIO,TRAILING_TWELVE_MONTHS,2026-06-30,EntityCommonStockSharesOutstanding NetCashProvidedByUsedInOperatingActivities PaymentsToAcquireProductiveAssets,10-Q,2026-07-23
PANW,COMPLETED,0.9444,REVENUE,10606500000.000000,CURRENCY,TRAILING_TWELVE_MONTHS,2026-04-30,RevenueFromContractWithCustomerExcludingAssessedTax,10-Q,2026-06-03
PANW,COMPLETED,0.9444,NET_INCOME,842900000.000000,CURRENCY,TRAILING_TWELVE_MONTHS,2026-04-30,NetIncomeLoss,10-Q,2026-06-03
PANW,COMPLETED,0.9444,FREE_CASH_FLOW,3793800000.000000,CURRENCY,TRAILING_TWELVE_MONTHS,2026-04-30,NetCashProvidedByUsedInOperatingActivities PaymentsToAcquireProductiveAssets,10-Q,2026-06-03
PANW,COMPLETED,0.9444,FREE_CASH_FLOW_MARGIN,0.357686,FRACTION,TRAILING_TWELVE_MONTHS,2026-04-30,NetCashProvidedByUsedInOperatingActivities PaymentsToAcquireProductiveAssets RevenueFromContractWithCustomerExcludingAssessedTax,10-Q,2026-06-03
PANW,COMPLETED,0.9444,GROSS_MARGIN,0.719361,FRACTION,TRAILING_TWELVE_MONTHS,2026-04-30,GrossProfit RevenueFromContractWithCustomerExcludingAssessedTax,10-Q,2026-06-03
PANW,COMPLETED,0.9444,OPERATING_MARGIN,0.096158,FRACTION,TRAILING_TWELVE_MONTHS,2026-04-30,OperatingIncomeLoss RevenueFromContractWithCustomerExcludingAssessedTax,10-Q,2026-06-03
PANW,COMPLETED,0.9444,NET_MARGIN,0.079470,FRACTION,TRAILING_TWELVE_MONTHS,2026-04-30,NetIncomeLoss RevenueFromContractWithCustomerExcludingAssessedTax,10-Q,2026-06-03
PANW,COMPLETED,0.9444,RETURN_ON_EQUITY,0.030465,FRACTION,TRAILING_TWELVE_MONTHS,2026-04-30,NetIncomeLoss StockholdersEquity,10-Q,2026-06-03
PANW,COMPLETED,0.9444,RETURN_ON_ASSETS,0.018219,FRACTION,TRAILING_TWELVE_MONTHS,2026-04-30,NetIncomeLoss Assets,10-Q,2026-06-03
PANW,COMPLETED,0.9444,DEBT_TO_EQUITY,0.672184,RATIO,POINT_IN_TIME,2026-04-30,Liabilities StockholdersEquity,10-Q,2026-06-03
PANW,COMPLETED,0.9444,CURRENT_RATIO,0.856429,RATIO,POINT_IN_TIME,2026-04-30,AssetsCurrent LiabilitiesCurrent,10-Q,2026-06-03
PANW,COMPLETED,0.9444,REVENUE_GROWTH,0.187883,FRACTION,FISCAL_YEAR,2025-07-31,RevenueFromContractWithCustomerExcludingAssessedTax RevenueFromContractWithCustomerExcludingAssessedTax,10-K,2025-08-29
PANW,COMPLETED,0.9444,SHARE_COUNT_GROWTH,0.017954,FRACTION,FISCAL_YEAR,2025-07-31,WeightedAverageNumberOfDilutedSharesOutstanding WeightedAverageNumberOfDilutedSharesOutstanding,10-K,2025-08-29
PANW,COMPLETED,0.9444,MARKET_CAPITALIZATION,291647750000.000000,CURRENCY,POINT_IN_TIME,2026-05-26,EntityCommonStockSharesOutstanding,10-Q,2026-06-03
PANW,COMPLETED,0.9444,PRICE_EARNINGS_RATIO,346.005161,RATIO,TRAILING_TWELVE_MONTHS,2026-04-30,EntityCommonStockSharesOutstanding NetIncomeLoss,10-Q,2026-06-03
PANW,COMPLETED,0.9444,PRICE_SALES_RATIO,27.497077,RATIO,TRAILING_TWELVE_MONTHS,2026-04-30,EntityCommonStockSharesOutstanding RevenueFromContractWithCustomerExcludingAssessedTax,10-Q,2026-06-03
PANW,COMPLETED,0.9444,PRICE_FREE_CASH_FLOW_RATIO,76.874835,RATIO,TRAILING_TWELVE_MONTHS,2026-04-30,EntityCommonStockSharesOutstanding NetCashProvidedByUsedInOperatingActivities PaymentsToAcquireProductiveAssets,10-Q,2026-06-03
PCAR,COMPLETED,0.7778,REVENUE,27815800000.000000,CURRENCY,TRAILING_TWELVE_MONTHS,2026-06-30,Revenues,10-Q,2026-07-29
PCAR,COMPLETED,0.7778,NET_INCOME,2504200000.000000,CURRENCY,TRAILING_TWELVE_MONTHS,2026-06-30,NetIncomeLoss,10-Q,2026-07-29
PCAR,COMPLETED,0.7778,FREE_CASH_FLOW,3696300000.000000,CURRENCY,TRAILING_TWELVE_MONTHS,2026-06-30,NetCashProvidedByUsedInOperatingActivities PaymentsToAcquirePropertyPlantAndEquipment,10-Q,2026-07-29
PCAR,COMPLETED,0.7778,FREE_CASH_FLOW_MARGIN,0.132885,FRACTION,TRAILING_TWELVE_MONTHS,2026-06-30,NetCashProvidedByUsedInOperatingActivities PaymentsToAcquirePropertyPlantAndEquipment Revenues,10-Q,2026-07-29
PCAR,COMPLETED,0.7778,NET_MARGIN,0.090028,FRACTION,TRAILING_TWELVE_MONTHS,2026-06-30,NetIncomeLoss Revenues,10-Q,2026-07-29
PCAR,COMPLETED,0.7778,RETURN_ON_EQUITY,0.123230,FRACTION,TRAILING_TWELVE_MONTHS,2026-06-30,NetIncomeLoss StockholdersEquity,10-Q,2026-07-29
PCAR,COMPLETED,0.7778,RETURN_ON_ASSETS,0.056939,FRACTION,TRAILING_TWELVE_MONTHS,2026-06-30,NetIncomeLoss Assets,10-Q,2026-07-29
PCAR,COMPLETED,0.7778,REVENUE_GROWTH,-0.004355,FRACTION,FISCAL_YEAR,2025-12-31,Revenues Revenues,10-K,2026-02-18
PCAR,COMPLETED,0.7778,NET_INCOME_GROWTH,-0.076002,FRACTION,FISCAL_YEAR,2025-12-31,NetIncomeLoss NetIncomeLoss,10-K,2026-02-18
PCAR,COMPLETED,0.7778,SHARE_COUNT_GROWTH,0.001713,FRACTION,FISCAL_YEAR,2025-12-31,WeightedAverageNumberOfDilutedSharesOutstanding WeightedAverageNumberOfDilutedSharesOutstanding,10-K,2026-02-18
PCAR,COMPLETED,0.7778,MARKET_CAPITALIZATION,68990654389.709991,CURRENCY,POINT_IN_TIME,2026-07-24,EntityCommonStockSharesOutstanding,10-Q,2026-07-29
PCAR,COMPLETED,0.7778,PRICE_EARNINGS_RATIO,27.549978,RATIO,TRAILING_TWELVE_MONTHS,2026-06-30,EntityCommonStockSharesOutstanding NetIncomeLoss,10-Q,2026-07-29
PCAR,COMPLETED,0.7778,PRICE_SALES_RATIO,2.480269,RATIO,TRAILING_TWELVE_MONTHS,2026-06-30,EntityCommonStockSharesOutstanding Revenues,10-Q,2026-07-29
PCAR,COMPLETED,0.7778,PRICE_FREE_CASH_FLOW_RATIO,18.664788,RATIO,TRAILING_TWELVE_MONTHS,2026-06-30,EntityCommonStockSharesOutstanding NetCashProvidedByUsedInOperatingActivities PaymentsToAcquirePropertyPlantAndEquipment,10-Q,2026-07-29
PEP,COMPLETED,1.0000,REVENUE,96904000000.000000,CURRENCY,TRAILING_TWELVE_MONTHS,2026-06-13,Revenues,10-Q,2026-07-09
PEP,COMPLETED,1.0000,NET_INCOME,10451000000.000000,CURRENCY,TRAILING_TWELVE_MONTHS,2026-06-13,NetIncomeLoss,10-Q,2026-07-09
PEP,COMPLETED,1.0000,FREE_CASH_FLOW,9282000000.000000,CURRENCY,TRAILING_TWELVE_MONTHS,2026-06-13,NetCashProvidedByUsedInOperatingActivities PaymentsToAcquireProductiveAssets,10-Q,2026-07-09
PEP,COMPLETED,1.0000,FREE_CASH_FLOW_MARGIN,0.095786,FRACTION,TRAILING_TWELVE_MONTHS,2026-06-13,NetCashProvidedByUsedInOperatingActivities PaymentsToAcquireProductiveAssets Revenues,10-Q,2026-07-09
PEP,COMPLETED,1.0000,GROSS_MARGIN,0.539565,FRACTION,TRAILING_TWELVE_MONTHS,2026-06-13,GrossProfit Revenues,10-Q,2026-07-09
PEP,COMPLETED,1.0000,OPERATING_MARGIN,0.148209,FRACTION,TRAILING_TWELVE_MONTHS,2026-06-13,OperatingIncomeLoss Revenues,10-Q,2026-07-09
PEP,COMPLETED,1.0000,NET_MARGIN,0.107849,FRACTION,TRAILING_TWELVE_MONTHS,2026-06-13,NetIncomeLoss Revenues,10-Q,2026-07-09
PEP,COMPLETED,1.0000,RETURN_ON_EQUITY,0.472939,FRACTION,TRAILING_TWELVE_MONTHS,2026-06-13,NetIncomeLoss StockholdersEquity,10-Q,2026-07-09
PEP,COMPLETED,1.0000,RETURN_ON_ASSETS,0.093155,FRACTION,TRAILING_TWELVE_MONTHS,2026-06-13,NetIncomeLoss Assets,10-Q,2026-07-09
PEP,COMPLETED,1.0000,DEBT_TO_EQUITY,4.069101,RATIO,POINT_IN_TIME,2026-06-13,Liabilities StockholdersEquity,10-Q,2026-07-09
PEP,COMPLETED,1.0000,CURRENT_RATIO,0.933601,RATIO,POINT_IN_TIME,2026-06-13,AssetsCurrent LiabilitiesCurrent,10-Q,2026-07-09
PEP,COMPLETED,1.0000,REVENUE_GROWTH,0.028259,FRACTION,FISCAL_YEAR,2025-12-27,Revenues Revenues,10-K,2026-02-03
PEP,COMPLETED,1.0000,NET_INCOME_GROWTH,-0.025721,FRACTION,FISCAL_YEAR,2025-12-27,NetIncomeLoss NetIncomeLoss,10-K,2026-02-03
PEP,COMPLETED,1.0000,SHARE_COUNT_GROWTH,-0.003622,FRACTION,FISCAL_YEAR,2025-12-27,WeightedAverageNumberOfDilutedSharesOutstanding WeightedAverageNumberOfDilutedSharesOutstanding,10-K,2026-02-03
PEP,COMPLETED,1.0000,MARKET_CAPITALIZATION,195834640741.839996,CURRENCY,POINT_IN_TIME,2026-07-02,EntityCommonStockSharesOutstanding,10-Q,2026-07-09
PEP,COMPLETED,1.0000,PRICE_EARNINGS_RATIO,18.738364,RATIO,TRAILING_TWELVE_MONTHS,2026-06-13,EntityCommonStockSharesOutstanding NetIncomeLoss,10-Q,2026-07-09
PEP,COMPLETED,1.0000,PRICE_SALES_RATIO,2.020914,RATIO,TRAILING_TWELVE_MONTHS,2026-06-13,EntityCommonStockSharesOutstanding Revenues,10-Q,2026-07-09
PEP,COMPLETED,1.0000,PRICE_FREE_CASH_FLOW_RATIO,21.098324,RATIO,TRAILING_TWELVE_MONTHS,2026-06-13,EntityCommonStockSharesOutstanding NetCashProvidedByUsedInOperatingActivities PaymentsToAcquireProductiveAssets,10-Q,2026-07-09
PG,COMPLETED,0.8333,REVENUE,87032000000.000000,CURRENCY,FISCAL_YEAR,2026-06-30,Revenues,10-K,2026-08-04
PG,COMPLETED,0.8333,NET_INCOME,16046000000.000000,CURRENCY,FISCAL_YEAR,2026-06-30,NetIncomeLoss,10-K,2026-08-04
PG,COMPLETED,0.8333,FREE_CASH_FLOW,15147000000.000000,CURRENCY,FISCAL_YEAR,2026-06-30,NetCashProvidedByUsedInOperatingActivities PaymentsToAcquirePropertyPlantAndEquipment,10-K,2026-08-04
PG,COMPLETED,0.8333,FREE_CASH_FLOW_MARGIN,0.174039,FRACTION,FISCAL_YEAR,2026-06-30,NetCashProvidedByUsedInOperatingActivities PaymentsToAcquirePropertyPlantAndEquipment Revenues,10-K,2026-08-04
PG,COMPLETED,0.8333,OPERATING_MARGIN,0.226905,FRACTION,FISCAL_YEAR,2026-06-30,OperatingIncomeLoss Revenues,10-K,2026-08-04
PG,COMPLETED,0.8333,NET_MARGIN,0.184369,FRACTION,FISCAL_YEAR,2026-06-30,NetIncomeLoss Revenues,10-K,2026-08-04
PG,COMPLETED,0.8333,RETURN_ON_ASSETS,0.126825,FRACTION,FISCAL_YEAR,2026-06-30,NetIncomeLoss Assets,10-K,2026-08-04
PG,COMPLETED,0.8333,CURRENT_RATIO,0.677314,RATIO,POINT_IN_TIME,2026-06-30,AssetsCurrent LiabilitiesCurrent,10-K,2026-08-04
PG,COMPLETED,0.8333,REVENUE_GROWTH,0.020026,FRACTION,FISCAL_YEAR,2026-06-30,Revenues Revenues,10-K,2026-08-04
PG,COMPLETED,0.8333,NET_INCOME_GROWTH,0.030734,FRACTION,FISCAL_YEAR,2026-06-30,NetIncomeLoss NetIncomeLoss,10-K,2026-08-04
PG,COMPLETED,0.8333,SHARE_COUNT_GROWTH,-0.010043,FRACTION,FISCAL_YEAR,2026-06-30,WeightedAverageNumberOfDilutedSharesOutstanding WeightedAverageNumberOfDilutedSharesOutstanding,10-K,2026-08-04
PG,COMPLETED,0.8333,MARKET_CAPITALIZATION,336322219451.400024,CURRENCY,POINT_IN_TIME,2026-07-31,EntityCommonStockSharesOutstanding,10-K,2026-08-04
PG,COMPLETED,0.8333,PRICE_EARNINGS_RATIO,20.959879,RATIO,FISCAL_YEAR,2026-06-30,EntityCommonStockSharesOutstanding NetIncomeLoss,10-K,2026-08-04
PG,COMPLETED,0.8333,PRICE_SALES_RATIO,3.864351,RATIO,FISCAL_YEAR,2026-06-30,EntityCommonStockSharesOutstanding Revenues,10-K,2026-08-04
PG,COMPLETED,0.8333,PRICE_FREE_CASH_FLOW_RATIO,22.203883,RATIO,FISCAL_YEAR,2026-06-30,EntityCommonStockSharesOutstanding NetCashProvidedByUsedInOperatingActivities PaymentsToAcquirePropertyPlantAndEquipment,10-K,2026-08-04
PGR,COMPLETED,0.8333,REVENUE,91055000000.000000,CURRENCY,TRAILING_TWELVE_MONTHS,2026-06-30,Revenues,10-Q,2026-08-03
PGR,COMPLETED,0.8333,NET_INCOME,11695000000.000000,CURRENCY,TRAILING_TWELVE_MONTHS,2026-06-30,NetIncomeLoss,10-Q,2026-08-03
PGR,COMPLETED,0.8333,FREE_CASH_FLOW,15951000000.000000,CURRENCY,TRAILING_TWELVE_MONTHS,2026-06-30,NetCashProvidedByUsedInOperatingActivities PaymentsToAcquirePropertyPlantAndEquipment,10-Q,2026-08-03
PGR,COMPLETED,0.8333,FREE_CASH_FLOW_MARGIN,0.175180,FRACTION,TRAILING_TWELVE_MONTHS,2026-06-30,NetCashProvidedByUsedInOperatingActivities PaymentsToAcquirePropertyPlantAndEquipment Revenues,10-Q,2026-08-03
PGR,COMPLETED,0.8333,NET_MARGIN,0.128439,FRACTION,TRAILING_TWELVE_MONTHS,2026-06-30,NetIncomeLoss Revenues,10-Q,2026-08-03
PGR,COMPLETED,0.8333,RETURN_ON_EQUITY,0.340634,FRACTION,TRAILING_TWELVE_MONTHS,2026-06-30,NetIncomeLoss StockholdersEquity,10-Q,2026-08-03
PGR,COMPLETED,0.8333,RETURN_ON_ASSETS,0.093616,FRACTION,TRAILING_TWELVE_MONTHS,2026-06-30,NetIncomeLoss Assets,10-Q,2026-08-03
PGR,COMPLETED,0.8333,DEBT_TO_EQUITY,2.638628,RATIO,POINT_IN_TIME,2026-06-30,Liabilities StockholdersEquity,10-Q,2026-08-03
PGR,COMPLETED,0.8333,REVENUE_GROWTH,0.208999,FRACTION,FISCAL_YEAR,2025-12-31,Revenues Revenues,10-K,2026-03-02
PGR,COMPLETED,0.8333,NET_INCOME_GROWTH,1.501974,FRACTION,FISCAL_YEAR,2025-12-31,NetIncomeLoss NetIncomeLoss,10-K,2026-03-02
PGR,COMPLETED,0.8333,SHARE_COUNT_GROWTH,0.000511,FRACTION,FISCAL_YEAR,2025-12-31,WeightedAverageNumberOfDilutedSharesOutstanding WeightedAverageNumberOfDilutedSharesOutstanding,10-K,2026-03-02
PGR,COMPLETED,0.8333,MARKET_CAPITALIZATION,127494829161.000000,CURRENCY,POINT_IN_TIME,2026-07-02,EntityCommonStockSharesOutstanding,10-Q,2026-08-03
PGR,COMPLETED,0.8333,PRICE_EARNINGS_RATIO,10.901653,RATIO,TRAILING_TWELVE_MONTHS,2026-06-30,EntityCommonStockSharesOutstanding NetIncomeLoss,10-Q,2026-08-03
PGR,COMPLETED,0.8333,PRICE_SALES_RATIO,1.400196,RATIO,TRAILING_TWELVE_MONTHS,2026-06-30,EntityCommonStockSharesOutstanding Revenues,10-Q,2026-08-03
PGR,COMPLETED,0.8333,PRICE_FREE_CASH_FLOW_RATIO,7.992905,RATIO,TRAILING_TWELVE_MONTHS,2026-06-30,EntityCommonStockSharesOutstanding NetCashProvidedByUsedInOperatingActivities PaymentsToAcquirePropertyPlantAndEquipment,10-Q,2026-08-03
PINS,COMPLETED,0.6667,REVENUE,4555720000.000000,CURRENCY,TRAILING_TWELVE_MONTHS,2026-06-30,RevenueFromContractWithCustomerExcludingAssessedTax,10-Q,2026-08-04
PINS,COMPLETED,0.6667,NET_INCOME,248922000.000000,CURRENCY,TRAILING_TWELVE_MONTHS,2026-06-30,NetIncomeLoss,10-Q,2026-08-04
PINS,COMPLETED,0.6667,FREE_CASH_FLOW,1280404000.000000,CURRENCY,TRAILING_TWELVE_MONTHS,2026-06-30,NetCashProvidedByUsedInOperatingActivities PaymentsToAcquirePropertyPlantAndEquipment,10-Q,2026-08-04
PINS,COMPLETED,0.6667,FREE_CASH_FLOW_MARGIN,0.281054,FRACTION,TRAILING_TWELVE_MONTHS,2026-06-30,NetCashProvidedByUsedInOperatingActivities PaymentsToAcquirePropertyPlantAndEquipment RevenueFromContractWithCustomerExcludingAssessedTax,10-Q,2026-08-04
PINS,COMPLETED,0.6667,OPERATING_MARGIN,0.049213,FRACTION,TRAILING_TWELVE_MONTHS,2026-06-30,OperatingIncomeLoss RevenueFromContractWithCustomerExcludingAssessedTax,10-Q,2026-08-04
PINS,COMPLETED,0.6667,NET_MARGIN,0.054639,FRACTION,TRAILING_TWELVE_MONTHS,2026-06-30,NetIncomeLoss RevenueFromContractWithCustomerExcludingAssessedTax,10-Q,2026-08-04
PINS,COMPLETED,0.6667,RETURN_ON_EQUITY,0.086016,FRACTION,TRAILING_TWELVE_MONTHS,2026-06-30,NetIncomeLoss StockholdersEquity,10-Q,2026-08-04
PINS,COMPLETED,0.6667,RETURN_ON_ASSETS,0.052301,FRACTION,TRAILING_TWELVE_MONTHS,2026-06-30,NetIncomeLoss Assets,10-Q,2026-08-04
PINS,COMPLETED,0.6667,DEBT_TO_EQUITY,0.644625,RATIO,POINT_IN_TIME,2026-06-30,Liabilities StockholdersEquity,10-Q,2026-08-04
PINS,COMPLETED,0.6667,CURRENT_RATIO,3.809946,RATIO,POINT_IN_TIME,2026-06-30,AssetsCurrent LiabilitiesCurrent,10-Q,2026-08-04
PINS,COMPLETED,0.6667,REVENUE_GROWTH,0.146337,FRACTION,FISCAL_YEAR,2025-12-31,RevenueFromContractWithCustomerExcludingAssessedTax RevenueFromContractWithCustomerExcludingAssessedTax,10-K,2026-02-12
PINS,COMPLETED,0.6667,SHARE_COUNT_GROWTH,0.009684,FRACTION,FISCAL_YEAR,2025-12-31,WeightedAverageNumberOfDilutedSharesOutstanding WeightedAverageNumberOfDilutedSharesOutstanding,10-K,2026-02-12
PLTR,COMPLETED,0.7222,REVENUE,6155941000.000000,CURRENCY,TRAILING_TWELVE_MONTHS,2026-06-30,RevenueFromContractWithCustomerExcludingAssessedTax,10-Q,2026-08-04
PLTR,COMPLETED,0.7222,NET_INCOME,3016692000.000000,CURRENCY,TRAILING_TWELVE_MONTHS,2026-06-30,NetIncomeLoss,10-Q,2026-08-04
PLTR,COMPLETED,0.7222,FREE_CASH_FLOW,3358272000.000000,CURRENCY,TRAILING_TWELVE_MONTHS,2026-06-30,NetCashProvidedByUsedInOperatingActivities PaymentsToAcquirePropertyPlantAndEquipment,10-Q,2026-08-04
PLTR,COMPLETED,0.7222,FREE_CASH_FLOW_MARGIN,0.545533,FRACTION,TRAILING_TWELVE_MONTHS,2026-06-30,NetCashProvidedByUsedInOperatingActivities PaymentsToAcquirePropertyPlantAndEquipment RevenueFromContractWithCustomerExcludingAssessedTax,10-Q,2026-08-04
PLTR,COMPLETED,0.7222,GROSS_MARGIN,0.847961,FRACTION,TRAILING_TWELVE_MONTHS,2026-06-30,GrossProfit RevenueFromContractWithCustomerExcludingAssessedTax,10-Q,2026-08-04
PLTR,COMPLETED,0.7222,OPERATING_MARGIN,0.427985,FRACTION,TRAILING_TWELVE_MONTHS,2026-06-30,OperatingIncomeLoss RevenueFromContractWithCustomerExcludingAssessedTax,10-Q,2026-08-04
PLTR,COMPLETED,0.7222,NET_MARGIN,0.490046,FRACTION,TRAILING_TWELVE_MONTHS,2026-06-30,NetIncomeLoss RevenueFromContractWithCustomerExcludingAssessedTax,10-Q,2026-08-04
PLTR,COMPLETED,0.7222,RETURN_ON_EQUITY,0.308638,FRACTION,TRAILING_TWELVE_MONTHS,2026-06-30,NetIncomeLoss StockholdersEquity,10-Q,2026-08-04
PLTR,COMPLETED,0.7222,RETURN_ON_ASSETS,0.258310,FRACTION,TRAILING_TWELVE_MONTHS,2026-06-30,NetIncomeLoss Assets,10-Q,2026-08-04
PLTR,COMPLETED,0.7222,DEBT_TO_EQUITY,0.183512,RATIO,POINT_IN_TIME,2026-06-30,Liabilities StockholdersEquity,10-Q,2026-08-04
PLTR,COMPLETED,0.7222,CURRENT_RATIO,7.228212,RATIO,POINT_IN_TIME,2026-06-30,AssetsCurrent LiabilitiesCurrent,10-Q,2026-08-04
PLTR,COMPLETED,0.7222,REVENUE_GROWTH,0.329171,FRACTION,FISCAL_YEAR,2025-12-31,RevenueFromContractWithCustomerExcludingAssessedTax RevenueFromContractWithCustomerExcludingAssessedTax,10-K,2026-02-17
PLTR,COMPLETED,0.7222,SHARE_COUNT_GROWTH,0.056555,FRACTION,FISCAL_YEAR,2025-12-31,WeightedAverageNumberOfDilutedSharesOutstanding WeightedAverageNumberOfDilutedSharesOutstanding,10-K,2026-02-17
PM,COMPLETED,0.8889,REVENUE,42545000000.000000,CURRENCY,TRAILING_TWELVE_MONTHS,2026-06-30,RevenueFromContractWithCustomerExcludingAssessedTax,10-Q,2026-07-24
PM,COMPLETED,0.8889,NET_INCOME,10874000000.000000,CURRENCY,TRAILING_TWELVE_MONTHS,2026-06-30,NetIncomeLoss,10-Q,2026-07-24
PM,COMPLETED,0.8889,FREE_CASH_FLOW,12722000000.000000,CURRENCY,TRAILING_TWELVE_MONTHS,2026-06-30,NetCashProvidedByUsedInOperatingActivities PaymentsToAcquirePropertyPlantAndEquipment,10-Q,2026-07-24
PM,COMPLETED,0.8889,FREE_CASH_FLOW_MARGIN,0.299025,FRACTION,TRAILING_TWELVE_MONTHS,2026-06-30,NetCashProvidedByUsedInOperatingActivities PaymentsToAcquirePropertyPlantAndEquipment RevenueFromContractWithCustomerExcludingAssessedTax,10-Q,2026-07-24
PM,COMPLETED,0.8889,GROSS_MARGIN,0.674815,FRACTION,TRAILING_TWELVE_MONTHS,2026-06-30,GrossProfit RevenueFromContractWithCustomerExcludingAssessedTax,10-Q,2026-07-24
PM,COMPLETED,0.8889,OPERATING_MARGIN,0.377459,FRACTION,TRAILING_TWELVE_MONTHS,2026-06-30,OperatingIncomeLoss RevenueFromContractWithCustomerExcludingAssessedTax,10-Q,2026-07-24
PM,COMPLETED,0.8889,NET_MARGIN,0.255588,FRACTION,TRAILING_TWELVE_MONTHS,2026-06-30,NetIncomeLoss RevenueFromContractWithCustomerExcludingAssessedTax,10-Q,2026-07-24
PM,COMPLETED,0.8889,RETURN_ON_ASSETS,0.159277,FRACTION,TRAILING_TWELVE_MONTHS,2026-06-30,NetIncomeLoss Assets,10-Q,2026-07-24
PM,COMPLETED,0.8889,CURRENT_RATIO,0.979806,RATIO,POINT_IN_TIME,2026-06-30,AssetsCurrent LiabilitiesCurrent,10-Q,2026-07-24
PM,COMPLETED,0.8889,REVENUE_GROWTH,0.085702,FRACTION,FISCAL_YEAR,2025-12-31,RevenueFromContractWithCustomerExcludingAssessedTax RevenueFromContractWithCustomerExcludingAssessedTax,10-K,2026-02-06
PM,COMPLETED,0.8889,NET_INCOME_GROWTH,0.078422,FRACTION,FISCAL_YEAR,2025-12-31,NetIncomeLoss NetIncomeLoss,10-K,2026-02-06
PM,COMPLETED,0.8889,SHARE_COUNT_GROWTH,0.001608,FRACTION,FISCAL_YEAR,2025-12-31,WeightedAverageNumberOfDilutedSharesOutstanding WeightedAverageNumberOfDilutedSharesOutstanding,10-K,2026-02-06
PM,COMPLETED,0.8889,MARKET_CAPITALIZATION,293471324429.309998,CURRENCY,POINT_IN_TIME,2026-07-17,EntityCommonStockSharesOutstanding,10-Q,2026-07-24
PM,COMPLETED,0.8889,PRICE_EARNINGS_RATIO,26.988351,RATIO,TRAILING_TWELVE_MONTHS,2026-06-30,EntityCommonStockSharesOutstanding NetIncomeLoss,10-Q,2026-07-24
PM,COMPLETED,0.8889,PRICE_SALES_RATIO,6.897904,RATIO,TRAILING_TWELVE_MONTHS,2026-06-30,EntityCommonStockSharesOutstanding RevenueFromContractWithCustomerExcludingAssessedTax,10-Q,2026-07-24
PM,COMPLETED,0.8889,PRICE_FREE_CASH_FLOW_RATIO,23.068018,RATIO,TRAILING_TWELVE_MONTHS,2026-06-30,EntityCommonStockSharesOutstanding NetCashProvidedByUsedInOperatingActivities PaymentsToAcquirePropertyPlantAndEquipment,10-Q,2026-07-24
PODD,COMPLETED,1.0000,REVENUE,3053400000.000000,CURRENCY,TRAILING_TWELVE_MONTHS,2026-06-30,Revenues,10-Q,2026-08-05
PODD,COMPLETED,1.0000,NET_INCOME,375300000.000000,CURRENCY,TRAILING_TWELVE_MONTHS,2026-06-30,NetIncomeLoss,10-Q,2026-08-05
PODD,COMPLETED,1.0000,FREE_CASH_FLOW,293700000.000000,CURRENCY,TRAILING_TWELVE_MONTHS,2026-06-30,NetCashProvidedByUsedInOperatingActivities PaymentsToAcquirePropertyPlantAndEquipment,10-Q,2026-08-05
PODD,COMPLETED,1.0000,FREE_CASH_FLOW_MARGIN,0.096188,FRACTION,TRAILING_TWELVE_MONTHS,2026-06-30,NetCashProvidedByUsedInOperatingActivities PaymentsToAcquirePropertyPlantAndEquipment Revenues,10-Q,2026-08-05
PODD,COMPLETED,1.0000,GROSS_MARGIN,0.710749,FRACTION,TRAILING_TWELVE_MONTHS,2026-06-30,GrossProfit Revenues,10-Q,2026-08-05
PODD,COMPLETED,1.0000,OPERATING_MARGIN,0.168894,FRACTION,TRAILING_TWELVE_MONTHS,2026-06-30,OperatingIncomeLoss Revenues,10-Q,2026-08-05
PODD,COMPLETED,1.0000,NET_MARGIN,0.122912,FRACTION,TRAILING_TWELVE_MONTHS,2026-06-30,NetIncomeLoss Revenues,10-Q,2026-08-05
PODD,COMPLETED,1.0000,RETURN_ON_EQUITY,0.263887,FRACTION,TRAILING_TWELVE_MONTHS,2026-06-30,NetIncomeLoss StockholdersEquity,10-Q,2026-08-05
PODD,COMPLETED,1.0000,RETURN_ON_ASSETS,0.118574,FRACTION,TRAILING_TWELVE_MONTHS,2026-06-30,NetIncomeLoss Assets,10-Q,2026-08-05
PODD,COMPLETED,1.0000,DEBT_TO_EQUITY,1.225496,RATIO,POINT_IN_TIME,2026-06-30,Liabilities StockholdersEquity,10-Q,2026-08-05
PODD,COMPLETED,1.0000,CURRENT_RATIO,2.484682,RATIO,POINT_IN_TIME,2026-06-30,AssetsCurrent LiabilitiesCurrent,10-Q,2026-08-05
PODD,COMPLETED,1.0000,REVENUE_GROWTH,0.275415,FRACTION,FISCAL_YEAR,2025-12-31,Revenues Revenues,10-K,2026-02-18
PODD,COMPLETED,1.0000,NET_INCOME_GROWTH,2.773158,FRACTION,FISCAL_YEAR,2025-12-31,NetIncomeLoss NetIncomeLoss,10-K,2026-02-18
PODD,COMPLETED,1.0000,SHARE_COUNT_GROWTH,-0.011934,FRACTION,FISCAL_YEAR,2025-12-31,WeightedAverageNumberOfDilutedSharesOutstanding WeightedAverageNumberOfDilutedSharesOutstanding,10-K,2026-02-18
PODD,COMPLETED,1.0000,MARKET_CAPITALIZATION,10272050413.890001,CURRENCY,POINT_IN_TIME,2026-07-29,EntityCommonStockSharesOutstanding,10-Q,2026-08-05
PODD,COMPLETED,1.0000,PRICE_EARNINGS_RATIO,27.370238,RATIO,TRAILING_TWELVE_MONTHS,2026-06-30,EntityCommonStockSharesOutstanding NetIncomeLoss,10-Q,2026-08-05
PODD,COMPLETED,1.0000,PRICE_SALES_RATIO,3.364135,RATIO,TRAILING_TWELVE_MONTHS,2026-06-30,EntityCommonStockSharesOutstanding Revenues,10-Q,2026-08-05
PODD,COMPLETED,1.0000,PRICE_FREE_CASH_FLOW_RATIO,34.974635,RATIO,TRAILING_TWELVE_MONTHS,2026-06-30,EntityCommonStockSharesOutstanding NetCashProvidedByUsedInOperatingActivities PaymentsToAcquirePropertyPlantAndEquipment,10-Q,2026-08-05
PPG,COMPLETED,0.8889,REVENUE,16121000000.000000,CURRENCY,TRAILING_TWELVE_MONTHS,2026-03-31,RevenueFromContractWithCustomerExcludingAssessedTax,10-Q,2026-04-29
PPG,COMPLETED,0.8889,NET_INCOME,1585000000.000000,CURRENCY,TRAILING_TWELVE_MONTHS,2026-03-31,NetIncomeLoss,10-Q,2026-04-29
PPG,COMPLETED,0.8889,FREE_CASH_FLOW,1227000000.000000,CURRENCY,TRAILING_TWELVE_MONTHS,2026-03-31,NetCashProvidedByUsedInOperatingActivities PaymentsToAcquirePropertyPlantAndEquipment,10-Q,2026-04-29
PPG,COMPLETED,0.8889,FREE_CASH_FLOW_MARGIN,0.076112,FRACTION,TRAILING_TWELVE_MONTHS,2026-03-31,NetCashProvidedByUsedInOperatingActivities PaymentsToAcquirePropertyPlantAndEquipment RevenueFromContractWithCustomerExcludingAssessedTax,10-Q,2026-04-29
PPG,COMPLETED,0.8889,NET_MARGIN,0.098319,FRACTION,TRAILING_TWELVE_MONTHS,2026-03-31,NetIncomeLoss RevenueFromContractWithCustomerExcludingAssessedTax,10-Q,2026-04-29
PPG,COMPLETED,0.8889,RETURN_ON_EQUITY,0.195582,FRACTION,TRAILING_TWELVE_MONTHS,2026-03-31,NetIncomeLoss StockholdersEquity,10-Q,2026-04-29
PPG,COMPLETED,0.8889,RETURN_ON_ASSETS,0.071558,FRACTION,TRAILING_TWELVE_MONTHS,2026-03-31,NetIncomeLoss Assets,10-Q,2026-04-29
PPG,COMPLETED,0.8889,DEBT_TO_EQUITY,1.714709,RATIO,POINT_IN_TIME,2026-03-31,Liabilities StockholdersEquity,10-Q,2026-04-29
PPG,COMPLETED,0.8889,CURRENT_RATIO,1.609126,RATIO,POINT_IN_TIME,2026-03-31,AssetsCurrent LiabilitiesCurrent,10-Q,2026-04-29
PPG,COMPLETED,0.8889,REVENUE_GROWTH,0.005541,FRACTION,FISCAL_YEAR,2025-12-31,RevenueFromContractWithCustomerExcludingAssessedTax RevenueFromContractWithCustomerExcludingAssessedTax,10-K,2026-02-19
PPG,COMPLETED,0.8889,NET_INCOME_GROWTH,0.153815,FRACTION,FISCAL_YEAR,2025-12-31,NetIncomeLoss NetIncomeLoss,10-K,2026-02-19
PPG,COMPLETED,0.8889,SHARE_COUNT_GROWTH,-0.021522,FRACTION,FISCAL_YEAR,2025-12-31,WeightedAverageNumberOfDilutedSharesOutstanding WeightedAverageNumberOfDilutedSharesOutstanding,10-K,2026-02-19
PPG,COMPLETED,0.8889,MARKET_CAPITALIZATION,25334814000.000000,CURRENCY,POINT_IN_TIME,2026-03-31,EntityCommonStockSharesOutstanding,10-Q,2026-04-29
PPG,COMPLETED,0.8889,PRICE_EARNINGS_RATIO,15.984110,RATIO,TRAILING_TWELVE_MONTHS,2026-03-31,EntityCommonStockSharesOutstanding NetIncomeLoss,10-Q,2026-04-29
PPG,COMPLETED,0.8889,PRICE_SALES_RATIO,1.571541,RATIO,TRAILING_TWELVE_MONTHS,2026-03-31,EntityCommonStockSharesOutstanding RevenueFromContractWithCustomerExcludingAssessedTax,10-Q,2026-04-29
PPG,COMPLETED,0.8889,PRICE_FREE_CASH_FLOW_RATIO,20.647770,RATIO,TRAILING_TWELVE_MONTHS,2026-03-31,EntityCommonStockSharesOutstanding NetCashProvidedByUsedInOperatingActivities PaymentsToAcquirePropertyPlantAndEquipment,10-Q,2026-04-29
PTC,COMPLETED,1.0000,REVENUE,2953972000.000000,CURRENCY,TRAILING_TWELVE_MONTHS,2026-06-30,RevenueFromContractWithCustomerExcludingAssessedTax,10-Q,2026-07-31
PTC,COMPLETED,1.0000,NET_INCOME,1223814000.000000,CURRENCY,TRAILING_TWELVE_MONTHS,2026-06-30,NetIncomeLoss,10-Q,2026-07-31
PTC,COMPLETED,1.0000,FREE_CASH_FLOW,935484000.000000,CURRENCY,TRAILING_TWELVE_MONTHS,2026-06-30,NetCashProvidedByUsedInOperatingActivities PaymentsToAcquirePropertyPlantAndEquipment,10-Q,2026-07-31
PTC,COMPLETED,1.0000,FREE_CASH_FLOW_MARGIN,0.316687,FRACTION,TRAILING_TWELVE_MONTHS,2026-06-30,NetCashProvidedByUsedInOperatingActivities PaymentsToAcquirePropertyPlantAndEquipment RevenueFromContractWithCustomerExcludingAssessedTax,10-Q,2026-07-31
PTC,COMPLETED,1.0000,GROSS_MARGIN,0.845006,FRACTION,TRAILING_TWELVE_MONTHS,2026-06-30,GrossProfit RevenueFromContractWithCustomerExcludingAssessedTax,10-Q,2026-07-31
PTC,COMPLETED,1.0000,OPERATING_MARGIN,0.378138,FRACTION,TRAILING_TWELVE_MONTHS,2026-06-30,OperatingIncomeLoss RevenueFromContractWithCustomerExcludingAssessedTax,10-Q,2026-07-31
PTC,COMPLETED,1.0000,NET_MARGIN,0.414294,FRACTION,TRAILING_TWELVE_MONTHS,2026-06-30,NetIncomeLoss RevenueFromContractWithCustomerExcludingAssessedTax,10-Q,2026-07-31
PTC,COMPLETED,1.0000,RETURN_ON_EQUITY,0.352710,FRACTION,TRAILING_TWELVE_MONTHS,2026-06-30,NetIncomeLoss StockholdersEquity,10-Q,2026-07-31
PTC,COMPLETED,1.0000,RETURN_ON_ASSETS,0.187887,FRACTION,TRAILING_TWELVE_MONTHS,2026-06-30,NetIncomeLoss Assets,10-Q,2026-07-31
PTC,COMPLETED,1.0000,DEBT_TO_EQUITY,0.877251,RATIO,POINT_IN_TIME,2026-06-30,Liabilities StockholdersEquity,10-Q,2026-07-31
PTC,COMPLETED,1.0000,CURRENT_RATIO,1.025227,RATIO,POINT_IN_TIME,2026-06-30,AssetsCurrent LiabilitiesCurrent,10-Q,2026-07-31
PTC,COMPLETED,1.0000,REVENUE_GROWTH,0.123154,FRACTION,FISCAL_YEAR,2025-09-30,RevenueFromContractWithCustomerExcludingAssessedTax RevenueFromContractWithCustomerExcludingAssessedTax,10-K,2025-11-21
PTC,COMPLETED,1.0000,NET_INCOME_GROWTH,0.328452,FRACTION,FISCAL_YEAR,2025-09-30,NetIncomeLoss NetIncomeLoss,10-K,2025-11-21
PTC,COMPLETED,1.0000,SHARE_COUNT_GROWTH,0.006028,FRACTION,FISCAL_YEAR,2025-09-30,WeightedAverageNumberOfDilutedSharesOutstanding WeightedAverageNumberOfDilutedSharesOutstanding,10-K,2025-11-21
PTC,COMPLETED,1.0000,MARKET_CAPITALIZATION,16785918576.699999,CURRENCY,POINT_IN_TIME,2026-07-29,EntityCommonStockSharesOutstanding,10-Q,2026-07-31
PTC,COMPLETED,1.0000,PRICE_EARNINGS_RATIO,13.716070,RATIO,TRAILING_TWELVE_MONTHS,2026-06-30,EntityCommonStockSharesOutstanding NetIncomeLoss,10-Q,2026-07-31
PTC,COMPLETED,1.0000,PRICE_SALES_RATIO,5.682491,RATIO,TRAILING_TWELVE_MONTHS,2026-06-30,EntityCommonStockSharesOutstanding RevenueFromContractWithCustomerExcludingAssessedTax,10-Q,2026-07-31
PTC,COMPLETED,1.0000,PRICE_FREE_CASH_FLOW_RATIO,17.943566,RATIO,TRAILING_TWELVE_MONTHS,2026-06-30,EntityCommonStockSharesOutstanding NetCashProvidedByUsedInOperatingActivities PaymentsToAcquirePropertyPlantAndEquipment,10-Q,2026-07-31
PYPL,COMPLETED,0.9444,REVENUE,33734000000.000000,CURRENCY,TRAILING_TWELVE_MONTHS,2026-03-31,Revenues,10-Q,2026-05-05
PYPL,COMPLETED,0.9444,NET_INCOME,5059000000.000000,CURRENCY,TRAILING_TWELVE_MONTHS,2026-03-31,NetIncomeLoss,10-Q,2026-05-05
PYPL,COMPLETED,0.9444,FREE_CASH_FLOW,5503000000.000000,CURRENCY,TRAILING_TWELVE_MONTHS,2026-03-31,NetCashProvidedByUsedInOperatingActivities PaymentsToAcquirePropertyPlantAndEquipment,10-Q,2026-05-05
PYPL,COMPLETED,0.9444,FREE_CASH_FLOW_MARGIN,0.163129,FRACTION,TRAILING_TWELVE_MONTHS,2026-03-31,NetCashProvidedByUsedInOperatingActivities PaymentsToAcquirePropertyPlantAndEquipment Revenues,10-Q,2026-05-05
PYPL,COMPLETED,0.9444,OPERATING_MARGIN,0.178544,FRACTION,TRAILING_TWELVE_MONTHS,2026-03-31,OperatingIncomeLoss Revenues,10-Q,2026-05-05
PYPL,COMPLETED,0.9444,NET_MARGIN,0.149967,FRACTION,TRAILING_TWELVE_MONTHS,2026-03-31,NetIncomeLoss Revenues,10-Q,2026-05-05
PYPL,COMPLETED,0.9444,RETURN_ON_EQUITY,0.252647,FRACTION,TRAILING_TWELVE_MONTHS,2026-03-31,NetIncomeLoss StockholdersEquity,10-Q,2026-05-05
PYPL,COMPLETED,0.9444,RETURN_ON_ASSETS,0.062809,FRACTION,TRAILING_TWELVE_MONTHS,2026-03-31,NetIncomeLoss Assets,10-Q,2026-05-05
PYPL,COMPLETED,0.9444,DEBT_TO_EQUITY,3.022473,RATIO,POINT_IN_TIME,2026-03-31,Liabilities StockholdersEquity,10-Q,2026-05-05
PYPL,COMPLETED,0.9444,CURRENT_RATIO,1.259420,RATIO,POINT_IN_TIME,2026-03-31,AssetsCurrent LiabilitiesCurrent,10-Q,2026-05-05
PYPL,COMPLETED,0.9444,REVENUE_GROWTH,0.064269,FRACTION,FISCAL_YEAR,2025-12-31,Revenues Revenues,10-K,2026-02-03
PYPL,COMPLETED,0.9444,NET_INCOME_GROWTH,0.293317,FRACTION,FISCAL_YEAR,2025-12-31,NetIncomeLoss NetIncomeLoss,10-K,2026-02-03
PYPL,COMPLETED,0.9444,SHARE_COUNT_GROWTH,-0.064887,FRACTION,FISCAL_YEAR,2025-12-31,WeightedAverageNumberOfDilutedSharesOutstanding WeightedAverageNumberOfDilutedSharesOutstanding,10-K,2026-02-03
PYPL,COMPLETED,0.9444,MARKET_CAPITALIZATION,54302414149.080002,CURRENCY,POINT_IN_TIME,2026-04-29,EntityCommonStockSharesOutstanding,10-Q,2026-05-05
PYPL,COMPLETED,0.9444,PRICE_EARNINGS_RATIO,10.733824,RATIO,TRAILING_TWELVE_MONTHS,2026-03-31,EntityCommonStockSharesOutstanding NetIncomeLoss,10-Q,2026-05-05
PYPL,COMPLETED,0.9444,PRICE_SALES_RATIO,1.609724,RATIO,TRAILING_TWELVE_MONTHS,2026-03-31,EntityCommonStockSharesOutstanding Revenues,10-Q,2026-05-05
PYPL,COMPLETED,0.9444,PRICE_FREE_CASH_FLOW_RATIO,9.867784,RATIO,TRAILING_TWELVE_MONTHS,2026-03-31,EntityCommonStockSharesOutstanding NetCashProvidedByUsedInOperatingActivities PaymentsToAcquirePropertyPlantAndEquipment,10-Q,2026-05-05
QCOM,COMPLETED,0.8333,REVENUE,44069000000.000000,CURRENCY,TRAILING_TWELVE_MONTHS,2026-06-28,Revenues,10-Q,2026-07-29
QCOM,COMPLETED,0.8333,NET_INCOME,9260000000.000000,CURRENCY,TRAILING_TWELVE_MONTHS,2026-06-28,NetIncomeLoss,10-Q,2026-07-29
QCOM,COMPLETED,0.8333,FREE_CASH_FLOW,10416000000.000000,CURRENCY,TRAILING_TWELVE_MONTHS,2026-06-28,NetCashProvidedByUsedInOperatingActivities PaymentsToAcquireProductiveAssets,10-Q,2026-07-29
QCOM,COMPLETED,0.8333,FREE_CASH_FLOW_MARGIN,0.236357,FRACTION,TRAILING_TWELVE_MONTHS,2026-06-28,NetCashProvidedByUsedInOperatingActivities PaymentsToAcquireProductiveAssets Revenues,10-Q,2026-07-29
QCOM,COMPLETED,0.8333,OPERATING_MARGIN,0.231909,FRACTION,TRAILING_TWELVE_MONTHS,2026-06-28,OperatingIncomeLoss Revenues,10-Q,2026-07-29
QCOM,COMPLETED,0.8333,NET_MARGIN,0.210125,FRACTION,TRAILING_TWELVE_MONTHS,2026-06-28,NetIncomeLoss Revenues,10-Q,2026-07-29
QCOM,COMPLETED,0.8333,RETURN_ON_ASSETS,0.161417,FRACTION,TRAILING_TWELVE_MONTHS,2026-06-28,NetIncomeLoss Assets,10-Q,2026-07-29
QCOM,COMPLETED,0.8333,CURRENT_RATIO,2.015596,RATIO,POINT_IN_TIME,2026-06-28,AssetsCurrent LiabilitiesCurrent,10-Q,2026-07-29
QCOM,COMPLETED,0.8333,REVENUE_GROWTH,0.000633,FRACTION,FISCAL_YEAR,2025-09-28,Revenues Revenues,10-K,2025-11-05
QCOM,COMPLETED,0.8333,NET_INCOME_GROWTH,-0.246189,FRACTION,FISCAL_YEAR,2025-09-28,NetIncomeLoss NetIncomeLoss,10-K,2025-11-05
QCOM,COMPLETED,0.8333,SHARE_COUNT_GROWTH,-0.009369,FRACTION,FISCAL_YEAR,2025-09-28,WeightedAverageNumberOfDilutedSharesOutstanding WeightedAverageNumberOfDilutedSharesOutstanding,10-K,2025-11-05
QCOM,COMPLETED,0.8333,MARKET_CAPITALIZATION,168798000000.000000,CURRENCY,POINT_IN_TIME,2026-07-27,EntityCommonStockSharesOutstanding,10-Q,2026-07-29
QCOM,COMPLETED,0.8333,PRICE_EARNINGS_RATIO,18.228726,RATIO,TRAILING_TWELVE_MONTHS,2026-06-28,EntityCommonStockSharesOutstanding NetIncomeLoss,10-Q,2026-07-29
QCOM,COMPLETED,0.8333,PRICE_SALES_RATIO,3.830312,RATIO,TRAILING_TWELVE_MONTHS,2026-06-28,EntityCommonStockSharesOutstanding Revenues,10-Q,2026-07-29
QCOM,COMPLETED,0.8333,PRICE_FREE_CASH_FLOW_RATIO,16.205645,RATIO,TRAILING_TWELVE_MONTHS,2026-06-28,EntityCommonStockSharesOutstanding NetCashProvidedByUsedInOperatingActivities PaymentsToAcquireProductiveAssets,10-Q,2026-07-29
QSR,COMPLETED,0.7222,REVENUE,9699000000.000000,CURRENCY,TRAILING_TWELVE_MONTHS,2026-06-30,Revenues,10-Q,2026-08-06
QSR,COMPLETED,0.7222,NET_INCOME,1273000000.000000,CURRENCY,TRAILING_TWELVE_MONTHS,2026-06-30,NetIncomeLossAvailableToCommonStockholdersBasic,10-Q,2026-08-06
QSR,COMPLETED,0.7222,FREE_CASH_FLOW,1632000000.000000,CURRENCY,TRAILING_TWELVE_MONTHS,2026-06-30,NetCashProvidedByUsedInOperatingActivities PaymentsToAcquirePropertyPlantAndEquipment,10-Q,2026-08-06
QSR,COMPLETED,0.7222,FREE_CASH_FLOW_MARGIN,0.168265,FRACTION,TRAILING_TWELVE_MONTHS,2026-06-30,NetCashProvidedByUsedInOperatingActivities PaymentsToAcquirePropertyPlantAndEquipment Revenues,10-Q,2026-08-06
QSR,COMPLETED,0.7222,OPERATING_MARGIN,0.268687,FRACTION,TRAILING_TWELVE_MONTHS,2026-06-30,OperatingIncomeLoss Revenues,10-Q,2026-08-06
QSR,COMPLETED,0.7222,NET_MARGIN,0.131251,FRACTION,TRAILING_TWELVE_MONTHS,2026-06-30,NetIncomeLossAvailableToCommonStockholdersBasic Revenues,10-Q,2026-08-06
QSR,COMPLETED,0.7222,RETURN_ON_EQUITY,0.330649,FRACTION,TRAILING_TWELVE_MONTHS,2026-06-30,NetIncomeLossAvailableToCommonStockholdersBasic StockholdersEquity,10-Q,2026-08-06
QSR,COMPLETED,0.7222,RETURN_ON_ASSETS,0.050875,FRACTION,TRAILING_TWELVE_MONTHS,2026-06-30,NetIncomeLossAvailableToCommonStockholdersBasic Assets,10-Q,2026-08-06
QSR,COMPLETED,0.7222,DEBT_TO_EQUITY,5.097922,RATIO,POINT_IN_TIME,2026-06-30,Liabilities StockholdersEquity,10-Q,2026-08-06
QSR,COMPLETED,0.7222,CURRENT_RATIO,1.012532,RATIO,POINT_IN_TIME,2026-06-30,AssetsCurrent LiabilitiesCurrent,10-Q,2026-08-06
QSR,COMPLETED,0.7222,REVENUE_GROWTH,0.131921,FRACTION,FISCAL_YEAR,2025-12-31,Revenues Revenues,10-K,2026-02-20
QSR,COMPLETED,0.7222,NET_INCOME_GROWTH,-0.083497,FRACTION,FISCAL_YEAR,2025-12-31,NetIncomeLossAvailableToCommonStockholdersBasic NetIncomeLossAvailableToCommonStockholdersBasic,10-K,2026-02-20
QSR,COMPLETED,0.7222,SHARE_COUNT_GROWTH,0.001096,FRACTION,FISCAL_YEAR,2025-12-31,WeightedAverageNumberOfDilutedSharesOutstanding WeightedAverageNumberOfDilutedSharesOutstanding,10-K,2026-02-20
ROST,COMPLETED,0.8889,REVENUE,23776064000.000000,CURRENCY,TRAILING_TWELVE_MONTHS,2026-05-02,RevenueFromContractWithCustomerExcludingAssessedTax,10-Q,2026-06-02
ROST,COMPLETED,0.8889,NET_INCOME,2315759000.000000,CURRENCY,TRAILING_TWELVE_MONTHS,2026-05-02,NetIncomeLoss,10-Q,2026-06-02
ROST,COMPLETED,0.8889,FREE_CASH_FLOW,2632326000.000000,CURRENCY,TRAILING_TWELVE_MONTHS,2026-05-02,NetCashProvidedByUsedInOperatingActivities PaymentsToAcquirePropertyPlantAndEquipment,10-Q,2026-06-02
ROST,COMPLETED,0.8889,FREE_CASH_FLOW_MARGIN,0.110713,FRACTION,TRAILING_TWELVE_MONTHS,2026-05-02,NetCashProvidedByUsedInOperatingActivities PaymentsToAcquirePropertyPlantAndEquipment RevenueFromContractWithCustomerExcludingAssessedTax,10-Q,2026-06-02
ROST,COMPLETED,0.8889,OPERATING_MARGIN,0.122178,FRACTION,TRAILING_TWELVE_MONTHS,2026-05-02,OperatingIncomeLoss RevenueFromContractWithCustomerExcludingAssessedTax,10-Q,2026-06-02
ROST,COMPLETED,0.8889,NET_MARGIN,0.097399,FRACTION,TRAILING_TWELVE_MONTHS,2026-05-02,NetIncomeLoss RevenueFromContractWithCustomerExcludingAssessedTax,10-Q,2026-06-02
ROST,COMPLETED,0.8889,RETURN_ON_EQUITY,0.367289,FRACTION,TRAILING_TWELVE_MONTHS,2026-05-02,NetIncomeLoss StockholdersEquity,10-Q,2026-06-02
ROST,COMPLETED,0.8889,RETURN_ON_ASSETS,0.148880,FRACTION,TRAILING_TWELVE_MONTHS,2026-05-02,NetIncomeLoss Assets,10-Q,2026-06-02
ROST,COMPLETED,0.8889,CURRENT_RATIO,1.540924,RATIO,POINT_IN_TIME,2026-05-02,AssetsCurrent LiabilitiesCurrent,10-Q,2026-06-02
ROST,COMPLETED,0.8889,REVENUE_GROWTH,0.067618,FRACTION,FISCAL_YEAR,2026-01-31,RevenueFromContractWithCustomerExcludingAssessedTax RevenueFromContractWithCustomerExcludingAssessedTax,10-K,2026-03-31
ROST,COMPLETED,0.8889,NET_INCOME_GROWTH,0.123632,FRACTION,FISCAL_YEAR,2026-01-31,NetIncomeLoss NetIncomeLoss,10-K,2026-03-31
ROST,COMPLETED,0.8889,SHARE_COUNT_GROWTH,-0.019478,FRACTION,FISCAL_YEAR,2026-01-31,WeightedAverageNumberOfDilutedSharesOutstanding WeightedAverageNumberOfDilutedSharesOutstanding,10-K,2026-03-31
ROST,COMPLETED,0.8889,MARKET_CAPITALIZATION,76660261542.479996,CURRENCY,POINT_IN_TIME,2026-05-15,EntityCommonStockSharesOutstanding,10-Q,2026-06-02
ROST,COMPLETED,0.8889,PRICE_EARNINGS_RATIO,33.103730,RATIO,TRAILING_TWELVE_MONTHS,2026-05-02,EntityCommonStockSharesOutstanding NetIncomeLoss,10-Q,2026-06-02
ROST,COMPLETED,0.8889,PRICE_SALES_RATIO,3.224262,RATIO,TRAILING_TWELVE_MONTHS,2026-05-02,EntityCommonStockSharesOutstanding RevenueFromContractWithCustomerExcludingAssessedTax,10-Q,2026-06-02
ROST,COMPLETED,0.8889,PRICE_FREE_CASH_FLOW_RATIO,29.122632,RATIO,TRAILING_TWELVE_MONTHS,2026-05-02,EntityCommonStockSharesOutstanding NetCashProvidedByUsedInOperatingActivities PaymentsToAcquirePropertyPlantAndEquipment,10-Q,2026-06-02
RTX,COMPLETED,0.9444,REVENUE,93500000000.000000,CURRENCY,TRAILING_TWELVE_MONTHS,2026-06-30,RevenueFromContractWithCustomerExcludingAssessedTax,10-Q,2026-07-23
RTX,COMPLETED,0.9444,NET_INCOME,7738000000.000000,CURRENCY,TRAILING_TWELVE_MONTHS,2026-06-30,NetIncomeLoss,10-Q,2026-07-23
RTX,COMPLETED,0.9444,FREE_CASH_FLOW,11407000000.000000,CURRENCY,TRAILING_TWELVE_MONTHS,2026-06-30,NetCashProvidedByUsedInOperatingActivities PaymentsToAcquirePropertyPlantAndEquipment,10-Q,2026-07-23
RTX,COMPLETED,0.9444,FREE_CASH_FLOW_MARGIN,0.122000,FRACTION,TRAILING_TWELVE_MONTHS,2026-06-30,NetCashProvidedByUsedInOperatingActivities PaymentsToAcquirePropertyPlantAndEquipment RevenueFromContractWithCustomerExcludingAssessedTax,10-Q,2026-07-23
RTX,COMPLETED,0.9444,OPERATING_MARGIN,0.112139,FRACTION,TRAILING_TWELVE_MONTHS,2026-06-30,OperatingIncomeLoss RevenueFromContractWithCustomerExcludingAssessedTax,10-Q,2026-07-23
RTX,COMPLETED,0.9444,NET_MARGIN,0.082759,FRACTION,TRAILING_TWELVE_MONTHS,2026-06-30,NetIncomeLoss RevenueFromContractWithCustomerExcludingAssessedTax,10-Q,2026-07-23
RTX,COMPLETED,0.9444,RETURN_ON_EQUITY,0.116577,FRACTION,TRAILING_TWELVE_MONTHS,2026-06-30,NetIncomeLoss StockholdersEquity,10-Q,2026-07-23
RTX,COMPLETED,0.9444,RETURN_ON_ASSETS,0.044478,FRACTION,TRAILING_TWELVE_MONTHS,2026-06-30,NetIncomeLoss Assets,10-Q,2026-07-23
RTX,COMPLETED,0.9444,DEBT_TO_EQUITY,1.594347,RATIO,POINT_IN_TIME,2026-06-30,Liabilities StockholdersEquity,10-Q,2026-07-23
RTX,COMPLETED,0.9444,CURRENT_RATIO,1.010546,RATIO,POINT_IN_TIME,2026-06-30,AssetsCurrent LiabilitiesCurrent,10-Q,2026-07-23
RTX,COMPLETED,0.9444,REVENUE_GROWTH,0.097231,FRACTION,FISCAL_YEAR,2025-12-31,Revenues RevenueFromContractWithCustomerExcludingAssessedTax,10-K,2026-02-06
RTX,COMPLETED,0.9444,NET_INCOME_GROWTH,0.090094,FRACTION,FISCAL_YEAR,2025-12-31,NetIncomeLoss NetIncomeLoss,10-K,2026-02-06
RTX,COMPLETED,0.9444,SHARE_COUNT_GROWTH,-0.027908,FRACTION,FISCAL_YEAR,2025-12-31,WeightedAverageNumberOfDilutedSharesOutstanding WeightedAverageNumberOfDilutedSharesOutstanding,10-K,2026-02-06
RTX,COMPLETED,0.9444,MARKET_CAPITALIZATION,282921389588.479980,CURRENCY,POINT_IN_TIME,2026-06-30,EntityCommonStockSharesOutstanding,10-Q,2026-07-23
RTX,COMPLETED,0.9444,PRICE_EARNINGS_RATIO,36.562599,RATIO,TRAILING_TWELVE_MONTHS,2026-06-30,EntityCommonStockSharesOutstanding NetIncomeLoss,10-Q,2026-07-23
RTX,COMPLETED,0.9444,PRICE_SALES_RATIO,3.025897,RATIO,TRAILING_TWELVE_MONTHS,2026-06-30,EntityCommonStockSharesOutstanding RevenueFromContractWithCustomerExcludingAssessedTax,10-Q,2026-07-23
RTX,COMPLETED,0.9444,PRICE_FREE_CASH_FLOW_RATIO,24.802436,RATIO,TRAILING_TWELVE_MONTHS,2026-06-30,EntityCommonStockSharesOutstanding NetCashProvidedByUsedInOperatingActivities PaymentsToAcquirePropertyPlantAndEquipment,10-Q,2026-07-23
SBUX,COMPLETED,0.8333,REVENUE,38338300000.000000,CURRENCY,TRAILING_TWELVE_MONTHS,2026-06-28,Revenues,10-Q,2026-07-29
SBUX,COMPLETED,0.8333,NET_INCOME,1982800000.000000,CURRENCY,TRAILING_TWELVE_MONTHS,2026-06-28,NetIncomeLoss,10-Q,2026-07-29
SBUX,COMPLETED,0.8333,FREE_CASH_FLOW,3642100000.000000,CURRENCY,TRAILING_TWELVE_MONTHS,2026-06-28,NetCashProvidedByUsedInOperatingActivities PaymentsToAcquirePropertyPlantAndEquipment,10-Q,2026-07-29
SBUX,COMPLETED,0.8333,FREE_CASH_FLOW_MARGIN,0.094999,FRACTION,TRAILING_TWELVE_MONTHS,2026-06-28,NetCashProvidedByUsedInOperatingActivities PaymentsToAcquirePropertyPlantAndEquipment Revenues,10-Q,2026-07-29
SBUX,COMPLETED,0.8333,OPERATING_MARGIN,0.077664,FRACTION,TRAILING_TWELVE_MONTHS,2026-06-28,OperatingIncomeLoss Revenues,10-Q,2026-07-29
SBUX,COMPLETED,0.8333,NET_MARGIN,0.051719,FRACTION,TRAILING_TWELVE_MONTHS,2026-06-28,NetIncomeLoss Revenues,10-Q,2026-07-29
SBUX,COMPLETED,0.8333,RETURN_ON_ASSETS,0.070077,FRACTION,TRAILING_TWELVE_MONTHS,2026-06-28,NetIncomeLoss Assets,10-Q,2026-07-29
SBUX,COMPLETED,0.8333,CURRENT_RATIO,0.759733,RATIO,POINT_IN_TIME,2026-06-28,AssetsCurrent LiabilitiesCurrent,10-Q,2026-07-29
SBUX,COMPLETED,0.8333,REVENUE_GROWTH,0.048598,FRACTION,FISCAL_YEAR,2025-09-28,Revenues Revenues,10-K,2025-11-14
SBUX,COMPLETED,0.8333,NET_INCOME_GROWTH,-0.172956,FRACTION,FISCAL_YEAR,2025-09-28,NetIncomeLoss NetIncomeLoss,10-K,2025-11-14
SBUX,COMPLETED,0.8333,SHARE_COUNT_GROWTH,-0.005007,FRACTION,FISCAL_YEAR,2025-09-28,WeightedAverageNumberOfDilutedSharesOutstanding WeightedAverageNumberOfDilutedSharesOutstanding,10-K,2025-11-14
SBUX,COMPLETED,0.8333,MARKET_CAPITALIZATION,122048400000.000000,CURRENCY,POINT_IN_TIME,2026-07-23,EntityCommonStockSharesOutstanding,10-Q,2026-07-29
SBUX,COMPLETED,0.8333,PRICE_EARNINGS_RATIO,61.553561,RATIO,TRAILING_TWELVE_MONTHS,2026-06-28,EntityCommonStockSharesOutstanding NetIncomeLoss,10-Q,2026-07-29
SBUX,COMPLETED,0.8333,PRICE_SALES_RATIO,3.183459,RATIO,TRAILING_TWELVE_MONTHS,2026-06-28,EntityCommonStockSharesOutstanding Revenues,10-Q,2026-07-29
SBUX,COMPLETED,0.8333,PRICE_FREE_CASH_FLOW_RATIO,33.510447,RATIO,TRAILING_TWELVE_MONTHS,2026-06-28,EntityCommonStockSharesOutstanding NetCashProvidedByUsedInOperatingActivities PaymentsToAcquirePropertyPlantAndEquipment,10-Q,2026-07-29
SCCO,COMPLETED,0.8889,REVENUE,15787500000.000000,CURRENCY,TRAILING_TWELVE_MONTHS,2026-06-30,RevenueFromContractWithCustomerExcludingAssessedTax,10-Q,2026-07-31
SCCO,COMPLETED,0.8889,NET_INCOME,5662300000.000000,CURRENCY,TRAILING_TWELVE_MONTHS,2026-06-30,NetIncomeLossAvailableToCommonStockholdersBasic,10-Q,2026-07-31
SCCO,COMPLETED,0.8889,FREE_CASH_FLOW,5100400000.000000,CURRENCY,TRAILING_TWELVE_MONTHS,2026-06-30,NetCashProvidedByUsedInOperatingActivities PaymentsToAcquirePropertyPlantAndEquipment,10-Q,2026-07-31
SCCO,COMPLETED,0.8889,FREE_CASH_FLOW_MARGIN,0.323066,FRACTION,TRAILING_TWELVE_MONTHS,2026-06-30,NetCashProvidedByUsedInOperatingActivities PaymentsToAcquirePropertyPlantAndEquipment RevenueFromContractWithCustomerExcludingAssessedTax,10-Q,2026-07-31
SCCO,COMPLETED,0.8889,OPERATING_MARGIN,0.568982,FRACTION,TRAILING_TWELVE_MONTHS,2026-06-30,OperatingIncomeLoss RevenueFromContractWithCustomerExcludingAssessedTax,10-Q,2026-07-31
SCCO,COMPLETED,0.8889,NET_MARGIN,0.358657,FRACTION,TRAILING_TWELVE_MONTHS,2026-06-30,NetIncomeLossAvailableToCommonStockholdersBasic RevenueFromContractWithCustomerExcludingAssessedTax,10-Q,2026-07-31
SCCO,COMPLETED,0.8889,RETURN_ON_EQUITY,0.448243,FRACTION,TRAILING_TWELVE_MONTHS,2026-06-30,NetIncomeLossAvailableToCommonStockholdersBasic StockholdersEquity,10-Q,2026-07-31
SCCO,COMPLETED,0.8889,RETURN_ON_ASSETS,0.234680,FRACTION,TRAILING_TWELVE_MONTHS,2026-06-30,NetIncomeLossAvailableToCommonStockholdersBasic Assets,10-Q,2026-07-31
SCCO,COMPLETED,0.8889,CURRENT_RATIO,5.059803,RATIO,POINT_IN_TIME,2026-06-30,AssetsCurrent LiabilitiesCurrent,10-Q,2026-07-31
SCCO,COMPLETED,0.8889,REVENUE_GROWTH,0.101266,FRACTION,FISCAL_YEAR,2025-12-31,RevenueFromContractWithCustomerExcludingAssessedTax RevenueFromContractWithCustomerExcludingAssessedTax,10-K,2026-02-27
SCCO,COMPLETED,0.8889,NET_INCOME_GROWTH,0.179978,FRACTION,FISCAL_YEAR,2025-12-31,NetIncomeLossAvailableToCommonStockholdersBasic NetIncomeLossAvailableToCommonStockholdersBasic,10-K,2026-02-27
SCCO,COMPLETED,0.8889,SHARE_COUNT_GROWTH,0.019488,FRACTION,FISCAL_YEAR,2025-12-31,WeightedAverageNumberOfDilutedSharesOutstanding WeightedAverageNumberOfDilutedSharesOutstanding,10-K,2026-02-27
SCCO,COMPLETED,0.8889,MARKET_CAPITALIZATION,180215648496.000000,CURRENCY,POINT_IN_TIME,2026-07-30,EntityCommonStockSharesOutstanding,10-Q,2026-07-31
SCCO,COMPLETED,0.8889,PRICE_EARNINGS_RATIO,31.827287,RATIO,TRAILING_TWELVE_MONTHS,2026-06-30,EntityCommonStockSharesOutstanding NetIncomeLossAvailableToCommonStockholdersBasic,10-Q,2026-07-31
SCCO,COMPLETED,0.8889,PRICE_SALES_RATIO,11.415085,RATIO,TRAILING_TWELVE_MONTHS,2026-06-30,EntityCommonStockSharesOutstanding RevenueFromContractWithCustomerExcludingAssessedTax,10-Q,2026-07-31
SCCO,COMPLETED,0.8889,PRICE_FREE_CASH_FLOW_RATIO,35.333630,RATIO,TRAILING_TWELVE_MONTHS,2026-06-30,EntityCommonStockSharesOutstanding NetCashProvidedByUsedInOperatingActivities PaymentsToAcquirePropertyPlantAndEquipment,10-Q,2026-07-31
SCHW,COMPLETED,0.8333,REVENUE,26025000000.000000,CURRENCY,TRAILING_TWELVE_MONTHS,2026-06-30,Revenues,10-Q,2026-08-07
SCHW,COMPLETED,0.8333,NET_INCOME,10096000000.000000,CURRENCY,TRAILING_TWELVE_MONTHS,2026-06-30,NetIncomeLoss,10-Q,2026-08-07
SCHW,COMPLETED,0.8333,FREE_CASH_FLOW,10789000000.000000,CURRENCY,TRAILING_TWELVE_MONTHS,2026-06-30,NetCashProvidedByUsedInOperatingActivities PaymentsToAcquirePropertyPlantAndEquipment,10-Q,2026-08-07
SCHW,COMPLETED,0.8333,FREE_CASH_FLOW_MARGIN,0.414563,FRACTION,TRAILING_TWELVE_MONTHS,2026-06-30,NetCashProvidedByUsedInOperatingActivities PaymentsToAcquirePropertyPlantAndEquipment Revenues,10-Q,2026-08-07
SCHW,COMPLETED,0.8333,NET_MARGIN,0.387935,FRACTION,TRAILING_TWELVE_MONTHS,2026-06-30,NetIncomeLoss Revenues,10-Q,2026-08-07
SCHW,COMPLETED,0.8333,RETURN_ON_EQUITY,0.201328,FRACTION,TRAILING_TWELVE_MONTHS,2026-06-30,NetIncomeLoss StockholdersEquity,10-Q,2026-08-07
SCHW,COMPLETED,0.8333,RETURN_ON_ASSETS,0.019518,FRACTION,TRAILING_TWELVE_MONTHS,2026-06-30,NetIncomeLoss Assets,10-Q,2026-08-07
SCHW,COMPLETED,0.8333,DEBT_TO_EQUITY,9.314994,RATIO,POINT_IN_TIME,2026-06-30,Liabilities StockholdersEquity,10-Q,2026-08-07
SCHW,COMPLETED,0.8333,REVENUE_GROWTH,0.048343,FRACTION,FISCAL_YEAR,2025-12-31,Revenues Revenues,10-K,2026-02-25
SCHW,COMPLETED,0.8333,NET_INCOME_GROWTH,0.072124,FRACTION,FISCAL_YEAR,2025-12-31,NetIncomeLoss NetIncomeLoss,10-K,2026-02-25
SCHW,COMPLETED,0.8333,SHARE_COUNT_GROWTH,-0.006026,FRACTION,FISCAL_YEAR,2025-12-31,WeightedAverageNumberOfDilutedSharesOutstanding WeightedAverageNumberOfDilutedSharesOutstanding,10-K,2026-02-25
SCHW,COMPLETED,0.8333,MARKET_CAPITALIZATION,194204400682.199982,CURRENCY,POINT_IN_TIME,2026-07-31,EntityCommonStockSharesOutstanding,10-Q,2026-08-07
SCHW,COMPLETED,0.8333,PRICE_EARNINGS_RATIO,19.235777,RATIO,TRAILING_TWELVE_MONTHS,2026-06-30,EntityCommonStockSharesOutstanding NetIncomeLoss,10-Q,2026-08-07
SCHW,COMPLETED,0.8333,PRICE_SALES_RATIO,7.462225,RATIO,TRAILING_TWELVE_MONTHS,2026-06-30,EntityCommonStockSharesOutstanding Revenues,10-Q,2026-08-07
SCHW,COMPLETED,0.8333,PRICE_FREE_CASH_FLOW_RATIO,18.000223,RATIO,TRAILING_TWELVE_MONTHS,2026-06-30,EntityCommonStockSharesOutstanding NetCashProvidedByUsedInOperatingActivities PaymentsToAcquirePropertyPlantAndEquipment,10-Q,2026-08-07
SHW,COMPLETED,0.8889,REVENUE,24410300000.000000,CURRENCY,TRAILING_TWELVE_MONTHS,2026-06-30,RevenueFromContractWithCustomerExcludingAssessedTax,10-Q,2026-07-28
SHW,COMPLETED,0.8889,NET_INCOME,2688200000.000000,CURRENCY,TRAILING_TWELVE_MONTHS,2026-06-30,NetIncomeLoss,10-Q,2026-07-28
SHW,COMPLETED,0.8889,FREE_CASH_FLOW,3213200000.000000,CURRENCY,TRAILING_TWELVE_MONTHS,2026-06-30,NetCashProvidedByUsedInOperatingActivities PaymentsToAcquireProductiveAssets,10-Q,2026-07-28
SHW,COMPLETED,0.8889,FREE_CASH_FLOW_MARGIN,0.131633,FRACTION,TRAILING_TWELVE_MONTHS,2026-06-30,NetCashProvidedByUsedInOperatingActivities PaymentsToAcquireProductiveAssets RevenueFromContractWithCustomerExcludingAssessedTax,10-Q,2026-07-28
SHW,COMPLETED,0.8889,GROSS_MARGIN,0.489818,FRACTION,TRAILING_TWELVE_MONTHS,2026-06-30,GrossProfit RevenueFromContractWithCustomerExcludingAssessedTax,10-Q,2026-07-28
SHW,COMPLETED,0.8889,NET_MARGIN,0.110126,FRACTION,TRAILING_TWELVE_MONTHS,2026-06-30,NetIncomeLoss RevenueFromContractWithCustomerExcludingAssessedTax,10-Q,2026-07-28
SHW,COMPLETED,0.8889,RETURN_ON_EQUITY,0.697382,FRACTION,TRAILING_TWELVE_MONTHS,2026-06-30,NetIncomeLoss StockholdersEquity,10-Q,2026-07-28
SHW,COMPLETED,0.8889,RETURN_ON_ASSETS,0.099742,FRACTION,TRAILING_TWELVE_MONTHS,2026-06-30,NetIncomeLoss Assets,10-Q,2026-07-28
SHW,COMPLETED,0.8889,CURRENT_RATIO,0.727039,RATIO,POINT_IN_TIME,2026-06-30,AssetsCurrent LiabilitiesCurrent,10-Q,2026-07-28
SHW,COMPLETED,0.8889,REVENUE_GROWTH,0.021007,FRACTION,FISCAL_YEAR,2025-12-31,RevenueFromContractWithCustomerExcludingAssessedTax RevenueFromContractWithCustomerExcludingAssessedTax,10-K,2026-02-19
SHW,COMPLETED,0.8889,NET_INCOME_GROWTH,0.083350,FRACTION,FISCAL_YEAR,2025-12-31,NetIncomeLoss NetIncomeLoss,10-K,2026-02-19
SHW,COMPLETED,0.8889,SHARE_COUNT_GROWTH,-0.015411,FRACTION,FISCAL_YEAR,2025-12-31,WeightedAverageNumberOfDilutedSharesOutstanding WeightedAverageNumberOfDilutedSharesOutstanding,10-K,2026-02-19
SHW,COMPLETED,0.8889,MARKET_CAPITALIZATION,84137547555.089996,CURRENCY,POINT_IN_TIME,2026-06-30,EntityCommonStockSharesOutstanding,10-Q,2026-07-28
SHW,COMPLETED,0.8889,PRICE_EARNINGS_RATIO,31.298842,RATIO,TRAILING_TWELVE_MONTHS,2026-06-30,EntityCommonStockSharesOutstanding NetIncomeLoss,10-Q,2026-07-28
SHW,COMPLETED,0.8889,PRICE_SALES_RATIO,3.446805,RATIO,TRAILING_TWELVE_MONTHS,2026-06-30,EntityCommonStockSharesOutstanding RevenueFromContractWithCustomerExcludingAssessedTax,10-Q,2026-07-28
SHW,COMPLETED,0.8889,PRICE_FREE_CASH_FLOW_RATIO,26.184971,RATIO,TRAILING_TWELVE_MONTHS,2026-06-30,EntityCommonStockSharesOutstanding NetCashProvidedByUsedInOperatingActivities PaymentsToAcquireProductiveAssets,10-Q,2026-07-28
SNAP,COMPLETED,0.6667,REVENUE,6351084000.000000,CURRENCY,TRAILING_TWELVE_MONTHS,2026-06-30,RevenueFromContractWithCustomerExcludingAssessedTax,10-Q,2026-08-04
SNAP,COMPLETED,0.6667,NET_INCOME,-311243000.000000,CURRENCY,TRAILING_TWELVE_MONTHS,2026-06-30,NetIncomeLoss,10-Q,2026-08-04
SNAP,COMPLETED,0.6667,FREE_CASH_FLOW,705545000.000000,CURRENCY,TRAILING_TWELVE_MONTHS,2026-06-30,NetCashProvidedByUsedInOperatingActivities PaymentsToAcquirePropertyPlantAndEquipment,10-Q,2026-08-04
SNAP,COMPLETED,0.6667,FREE_CASH_FLOW_MARGIN,0.111090,FRACTION,TRAILING_TWELVE_MONTHS,2026-06-30,NetCashProvidedByUsedInOperatingActivities PaymentsToAcquirePropertyPlantAndEquipment RevenueFromContractWithCustomerExcludingAssessedTax,10-Q,2026-08-04
SNAP,COMPLETED,0.6667,OPERATING_MARGIN,-0.050986,FRACTION,TRAILING_TWELVE_MONTHS,2026-06-30,OperatingIncomeLoss RevenueFromContractWithCustomerExcludingAssessedTax,10-Q,2026-08-04
SNAP,COMPLETED,0.6667,NET_MARGIN,-0.049006,FRACTION,TRAILING_TWELVE_MONTHS,2026-06-30,NetIncomeLoss RevenueFromContractWithCustomerExcludingAssessedTax,10-Q,2026-08-04
SNAP,COMPLETED,0.6667,RETURN_ON_EQUITY,-0.161509,FRACTION,TRAILING_TWELVE_MONTHS,2026-06-30,NetIncomeLoss StockholdersEquity,10-Q,2026-08-04
SNAP,COMPLETED,0.6667,RETURN_ON_ASSETS,-0.041665,FRACTION,TRAILING_TWELVE_MONTHS,2026-06-30,NetIncomeLoss Assets,10-Q,2026-08-04
SNAP,COMPLETED,0.6667,DEBT_TO_EQUITY,2.876398,RATIO,POINT_IN_TIME,2026-06-30,Liabilities StockholdersEquity,10-Q,2026-08-04
SNAP,COMPLETED,0.6667,CURRENT_RATIO,2.935686,RATIO,POINT_IN_TIME,2026-06-30,AssetsCurrent LiabilitiesCurrent,10-Q,2026-08-04
SNAP,COMPLETED,0.6667,REVENUE_GROWTH,0.088285,FRACTION,FISCAL_YEAR,2025-12-31,RevenueFromContractWithCustomerExcludingAssessedTax RevenueFromContractWithCustomerExcludingAssessedTax,10-K,2026-02-05
SNAP,COMPLETED,0.6667,SHARE_COUNT_GROWTH,0.025139,FRACTION,FISCAL_YEAR,2025-12-31,WeightedAverageNumberOfDilutedSharesOutstanding WeightedAverageNumberOfDilutedSharesOutstanding,10-K,2026-02-05
SNPS,COMPLETED,1.0000,REVENUE,9416465000.000000,CURRENCY,TRAILING_TWELVE_MONTHS,2026-07-31,RevenueFromContractWithCustomerExcludingAssessedTax,10-Q,2026-08-26
SNPS,COMPLETED,1.0000,NET_INCOME,1076559000.000000,CURRENCY,TRAILING_TWELVE_MONTHS,2026-07-31,NetIncomeLoss,10-Q,2026-08-26
SNPS,COMPLETED,1.0000,FREE_CASH_FLOW,2747706000.000000,CURRENCY,TRAILING_TWELVE_MONTHS,2026-07-31,NetCashProvidedByUsedInOperatingActivities PaymentsToAcquirePropertyPlantAndEquipment,10-Q,2026-08-26
SNPS,COMPLETED,1.0000,FREE_CASH_FLOW_MARGIN,0.291798,FRACTION,TRAILING_TWELVE_MONTHS,2026-07-31,NetCashProvidedByUsedInOperatingActivities PaymentsToAcquirePropertyPlantAndEquipment RevenueFromContractWithCustomerExcludingAssessedTax,10-Q,2026-08-26
SNPS,COMPLETED,1.0000,GROSS_MARGIN,0.723752,FRACTION,TRAILING_TWELVE_MONTHS,2026-07-31,GrossProfit RevenueFromContractWithCustomerExcludingAssessedTax,10-Q,2026-08-26
SNPS,COMPLETED,1.0000,OPERATING_MARGIN,0.085208,FRACTION,TRAILING_TWELVE_MONTHS,2026-07-31,OperatingIncomeLoss RevenueFromContractWithCustomerExcludingAssessedTax,10-Q,2026-08-26
SNPS,COMPLETED,1.0000,NET_MARGIN,0.114327,FRACTION,TRAILING_TWELVE_MONTHS,2026-07-31,NetIncomeLoss RevenueFromContractWithCustomerExcludingAssessedTax,10-Q,2026-08-26
SNPS,COMPLETED,1.0000,RETURN_ON_EQUITY,0.034558,FRACTION,TRAILING_TWELVE_MONTHS,2026-07-31,NetIncomeLoss StockholdersEquity,10-Q,2026-08-26
SNPS,COMPLETED,1.0000,RETURN_ON_ASSETS,0.022557,FRACTION,TRAILING_TWELVE_MONTHS,2026-07-31,NetIncomeLoss Assets,10-Q,2026-08-26
SNPS,COMPLETED,1.0000,DEBT_TO_EQUITY,0.532056,RATIO,POINT_IN_TIME,2026-07-31,Liabilities StockholdersEquity,10-Q,2026-08-26
SNPS,COMPLETED,1.0000,CURRENT_RATIO,1.336928,RATIO,POINT_IN_TIME,2026-07-31,AssetsCurrent LiabilitiesCurrent,10-Q,2026-08-26
SNPS,COMPLETED,1.0000,REVENUE_GROWTH,0.115536,FRACTION,FISCAL_YEAR,2025-10-31,Revenues RevenueFromContractWithCustomerExcludingAssessedTax,10-K,2025-12-22
SNPS,COMPLETED,1.0000,NET_INCOME_GROWTH,0.106045,FRACTION,FISCAL_YEAR,2025-10-31,NetIncomeLoss NetIncomeLoss,10-K,2025-12-22
SNPS,COMPLETED,1.0000,SHARE_COUNT_GROWTH,0.033153,FRACTION,FISCAL_YEAR,2025-10-31,WeightedAverageNumberOfDilutedSharesOutstanding WeightedAverageNumberOfDilutedSharesOutstanding,10-K,2025-12-22
SNPS,COMPLETED,1.0000,MARKET_CAPITALIZATION,76263719642.160004,CURRENCY,POINT_IN_TIME,2026-08-24,EntityCommonStockSharesOutstanding,10-Q,2026-08-26
SNPS,COMPLETED,1.0000,PRICE_EARNINGS_RATIO,70.840260,RATIO,TRAILING_TWELVE_MONTHS,2026-07-31,EntityCommonStockSharesOutstanding NetIncomeLoss,10-Q,2026-08-26
SNPS,COMPLETED,1.0000,PRICE_SALES_RATIO,8.098976,RATIO,TRAILING_TWELVE_MONTHS,2026-07-31,EntityCommonStockSharesOutstanding RevenueFromContractWithCustomerExcludingAssessedTax,10-Q,2026-08-26
SNPS,COMPLETED,1.0000,PRICE_FREE_CASH_FLOW_RATIO,27.755415,RATIO,TRAILING_TWELVE_MONTHS,2026-07-31,EntityCommonStockSharesOutstanding NetCashProvidedByUsedInOperatingActivities PaymentsToAcquirePropertyPlantAndEquipment,10-Q,2026-08-26
SPCX,INSUFFICIENT_DATA,0.0000,,,,,,,,
STX,COMPLETED,0.8889,REVENUE,12195000000.000000,CURRENCY,FISCAL_YEAR,2026-07-03,RevenueFromContractWithCustomerExcludingAssessedTax,10-K,2026-08-04
STX,COMPLETED,0.8889,NET_INCOME,3184000000.000000,CURRENCY,FISCAL_YEAR,2026-07-03,NetIncomeLoss,10-K,2026-08-04
STX,COMPLETED,0.8889,FREE_CASH_FLOW,3105000000.000000,CURRENCY,FISCAL_YEAR,2026-07-03,NetCashProvidedByUsedInOperatingActivities PaymentsToAcquirePropertyPlantAndEquipment,10-K,2026-08-04
STX,COMPLETED,0.8889,FREE_CASH_FLOW_MARGIN,0.254613,FRACTION,FISCAL_YEAR,2026-07-03,NetCashProvidedByUsedInOperatingActivities PaymentsToAcquirePropertyPlantAndEquipment RevenueFromContractWithCustomerExcludingAssessedTax,10-K,2026-08-04
STX,COMPLETED,0.8889,OPERATING_MARGIN,0.335711,FRACTION,FISCAL_YEAR,2026-07-03,OperatingIncomeLoss RevenueFromContractWithCustomerExcludingAssessedTax,10-K,2026-08-04
STX,COMPLETED,0.8889,NET_MARGIN,0.261091,FRACTION,FISCAL_YEAR,2026-07-03,NetIncomeLoss RevenueFromContractWithCustomerExcludingAssessedTax,10-K,2026-08-04
STX,COMPLETED,0.8889,RETURN_ON_EQUITY,1.469312,FRACTION,FISCAL_YEAR,2026-07-03,NetIncomeLoss StockholdersEquity,10-K,2026-08-04
STX,COMPLETED,0.8889,RETURN_ON_ASSETS,0.319294,FRACTION,FISCAL_YEAR,2026-07-03,NetIncomeLoss Assets,10-K,2026-08-04
STX,COMPLETED,0.8889,DEBT_TO_EQUITY,3.601754,RATIO,POINT_IN_TIME,2026-07-03,Liabilities StockholdersEquity,10-K,2026-08-04
STX,COMPLETED,0.8889,CURRENT_RATIO,1.669651,RATIO,POINT_IN_TIME,2026-07-03,AssetsCurrent LiabilitiesCurrent,10-K,2026-08-04
STX,COMPLETED,0.8889,REVENUE_GROWTH,0.182034,FRACTION,FISCAL_YEAR,2026-07-03,Revenues RevenueFromContractWithCustomerExcludingAssessedTax,10-K,2026-08-04
STX,COMPLETED,0.8889,SHARE_COUNT_GROWTH,0.039321,FRACTION,FISCAL_YEAR,2026-07-03,WeightedAverageNumberOfDilutedSharesOutstanding WeightedAverageNumberOfDilutedSharesOutstanding,10-K,2026-08-04
STX,COMPLETED,0.8889,MARKET_CAPITALIZATION,192652373190.359985,CURRENCY,POINT_IN_TIME,2026-07-31,EntityCommonStockSharesOutstanding,10-K,2026-08-04
STX,COMPLETED,0.8889,PRICE_EARNINGS_RATIO,60.506399,RATIO,FISCAL_YEAR,2026-07-03,EntityCommonStockSharesOutstanding NetIncomeLoss,10-K,2026-08-04
STX,COMPLETED,0.8889,PRICE_SALES_RATIO,15.797653,RATIO,FISCAL_YEAR,2026-07-03,EntityCommonStockSharesOutstanding RevenueFromContractWithCustomerExcludingAssessedTax,10-K,2026-08-04
STX,COMPLETED,0.8889,PRICE_FREE_CASH_FLOW_RATIO,62.045853,RATIO,FISCAL_YEAR,2026-07-03,EntityCommonStockSharesOutstanding NetCashProvidedByUsedInOperatingActivities PaymentsToAcquirePropertyPlantAndEquipment,10-K,2026-08-04
SWKS,COMPLETED,1.0000,REVENUE,4014100000.000000,CURRENCY,TRAILING_TWELVE_MONTHS,2026-07-03,Revenues,10-Q,2026-07-28
SWKS,COMPLETED,1.0000,NET_INCOME,290100000.000000,CURRENCY,TRAILING_TWELVE_MONTHS,2026-07-03,NetIncomeLoss,10-Q,2026-07-28
SWKS,COMPLETED,1.0000,FREE_CASH_FLOW,434200000.000000,CURRENCY,TRAILING_TWELVE_MONTHS,2026-07-03,NetCashProvidedByUsedInOperatingActivities PaymentsToAcquirePropertyPlantAndEquipment,10-Q,2026-07-28
SWKS,COMPLETED,1.0000,FREE_CASH_FLOW_MARGIN,0.108169,FRACTION,TRAILING_TWELVE_MONTHS,2026-07-03,NetCashProvidedByUsedInOperatingActivities PaymentsToAcquirePropertyPlantAndEquipment Revenues,10-Q,2026-07-28
SWKS,COMPLETED,1.0000,GROSS_MARGIN,0.407339,FRACTION,TRAILING_TWELVE_MONTHS,2026-07-03,GrossProfit Revenues,10-Q,2026-07-28
SWKS,COMPLETED,1.0000,OPERATING_MARGIN,0.076082,FRACTION,TRAILING_TWELVE_MONTHS,2026-07-03,OperatingIncomeLoss Revenues,10-Q,2026-07-28
SWKS,COMPLETED,1.0000,NET_MARGIN,0.072270,FRACTION,TRAILING_TWELVE_MONTHS,2026-07-03,NetIncomeLoss Revenues,10-Q,2026-07-28
SWKS,COMPLETED,1.0000,RETURN_ON_EQUITY,0.050555,FRACTION,TRAILING_TWELVE_MONTHS,2026-07-03,NetIncomeLoss StockholdersEquity,10-Q,2026-07-28
SWKS,COMPLETED,1.0000,RETURN_ON_ASSETS,0.039071,FRACTION,TRAILING_TWELVE_MONTHS,2026-07-03,NetIncomeLoss Assets,10-Q,2026-07-28
SWKS,COMPLETED,1.0000,DEBT_TO_EQUITY,0.293937,RATIO,POINT_IN_TIME,2026-07-03,Liabilities StockholdersEquity,10-Q,2026-07-28
SWKS,COMPLETED,1.0000,CURRENT_RATIO,3.100652,RATIO,POINT_IN_TIME,2026-07-03,AssetsCurrent LiabilitiesCurrent,10-Q,2026-07-28
SWKS,COMPLETED,1.0000,REVENUE_GROWTH,-0.093448,FRACTION,FISCAL_YEAR,2025-10-03,Revenues Revenues,10-K,2025-11-07
SWKS,COMPLETED,1.0000,NET_INCOME_GROWTH,-0.279429,FRACTION,FISCAL_YEAR,2025-10-03,NetIncomeLoss NetIncomeLoss,10-K,2025-11-07
SWKS,COMPLETED,1.0000,SHARE_COUNT_GROWTH,-0.016353,FRACTION,FISCAL_YEAR,2025-10-03,WeightedAverageNumberOfDilutedSharesOutstanding WeightedAverageNumberOfDilutedSharesOutstanding,10-K,2025-11-07
SWKS,COMPLETED,1.0000,MARKET_CAPITALIZATION,10102742583.480000,CURRENCY,POINT_IN_TIME,2026-07-23,EntityCommonStockSharesOutstanding,10-Q,2026-07-28
SWKS,COMPLETED,1.0000,PRICE_EARNINGS_RATIO,34.825035,RATIO,TRAILING_TWELVE_MONTHS,2026-07-03,EntityCommonStockSharesOutstanding NetIncomeLoss,10-Q,2026-07-28
SWKS,COMPLETED,1.0000,PRICE_SALES_RATIO,2.516814,RATIO,TRAILING_TWELVE_MONTHS,2026-07-03,EntityCommonStockSharesOutstanding Revenues,10-Q,2026-07-28
SWKS,COMPLETED,1.0000,PRICE_FREE_CASH_FLOW_RATIO,23.267486,RATIO,TRAILING_TWELVE_MONTHS,2026-07-03,EntityCommonStockSharesOutstanding NetCashProvidedByUsedInOperatingActivities PaymentsToAcquirePropertyPlantAndEquipment,10-Q,2026-07-28
SYK,COMPLETED,0.8889,REVENUE,25837000000.000000,CURRENCY,TRAILING_TWELVE_MONTHS,2026-06-30,Revenues,10-Q,2026-07-31
SYK,COMPLETED,0.8889,NET_INCOME,3729000000.000000,CURRENCY,TRAILING_TWELVE_MONTHS,2026-06-30,NetIncomeLoss,10-Q,2026-07-31
SYK,COMPLETED,0.8889,FREE_CASH_FLOW,4702000000.000000,CURRENCY,TRAILING_TWELVE_MONTHS,2026-06-30,NetCashProvidedByUsedInOperatingActivities PaymentsToAcquirePropertyPlantAndEquipment,10-Q,2026-07-31
SYK,COMPLETED,0.8889,FREE_CASH_FLOW_MARGIN,0.181987,FRACTION,TRAILING_TWELVE_MONTHS,2026-06-30,NetCashProvidedByUsedInOperatingActivities PaymentsToAcquirePropertyPlantAndEquipment Revenues,10-Q,2026-07-31
SYK,COMPLETED,0.8889,GROSS_MARGIN,0.649766,FRACTION,TRAILING_TWELVE_MONTHS,2026-06-30,GrossProfit Revenues,10-Q,2026-07-31
SYK,COMPLETED,0.8889,OPERATING_MARGIN,0.214189,FRACTION,TRAILING_TWELVE_MONTHS,2026-06-30,OperatingIncomeLoss Revenues,10-Q,2026-07-31
SYK,COMPLETED,0.8889,NET_MARGIN,0.144328,FRACTION,TRAILING_TWELVE_MONTHS,2026-06-30,NetIncomeLoss Revenues,10-Q,2026-07-31
SYK,COMPLETED,0.8889,RETURN_ON_ASSETS,0.077801,FRACTION,TRAILING_TWELVE_MONTHS,2026-06-30,NetIncomeLoss Assets,10-Q,2026-07-31
SYK,COMPLETED,0.8889,CURRENT_RATIO,2.157092,RATIO,POINT_IN_TIME,2026-06-30,AssetsCurrent LiabilitiesCurrent,10-Q,2026-07-31
SYK,COMPLETED,0.8889,REVENUE_GROWTH,0.108305,FRACTION,FISCAL_YEAR,2025-12-31,Revenues Revenues,10-K,2026-02-11
SYK,COMPLETED,0.8889,NET_INCOME_GROWTH,0.112419,FRACTION,FISCAL_YEAR,2025-12-31,NetIncomeLoss NetIncomeLoss,10-K,2026-02-11
SYK,COMPLETED,0.8889,SHARE_COUNT_GROWTH,0.003642,FRACTION,FISCAL_YEAR,2025-12-31,WeightedAverageNumberOfDilutedSharesOutstanding WeightedAverageNumberOfDilutedSharesOutstanding,10-K,2026-02-11
SYK,COMPLETED,0.8889,MARKET_CAPITALIZATION,126279918204.120010,CURRENCY,POINT_IN_TIME,2026-06-30,EntityCommonStockSharesOutstanding,10-Q,2026-07-31
SYK,COMPLETED,0.8889,PRICE_EARNINGS_RATIO,33.864285,RATIO,TRAILING_TWELVE_MONTHS,2026-06-30,EntityCommonStockSharesOutstanding NetIncomeLoss,10-Q,2026-07-31
SYK,COMPLETED,0.8889,PRICE_SALES_RATIO,4.887561,RATIO,TRAILING_TWELVE_MONTHS,2026-06-30,EntityCommonStockSharesOutstanding Revenues,10-Q,2026-07-31
SYK,COMPLETED,0.8889,PRICE_FREE_CASH_FLOW_RATIO,26.856639,RATIO,TRAILING_TWELVE_MONTHS,2026-06-30,EntityCommonStockSharesOutstanding NetCashProvidedByUsedInOperatingActivities PaymentsToAcquirePropertyPlantAndEquipment,10-Q,2026-07-31
TDG,COMPLETED,0.8889,REVENUE,10006000000.000000,CURRENCY,TRAILING_TWELVE_MONTHS,2026-06-27,Revenues,10-Q,2026-08-04
TDG,COMPLETED,0.8889,NET_INCOME,2129000000.000000,CURRENCY,TRAILING_TWELVE_MONTHS,2026-06-27,NetIncomeLoss,10-Q,2026-08-04
TDG,COMPLETED,0.8889,FREE_CASH_FLOW,1927000000.000000,CURRENCY,TRAILING_TWELVE_MONTHS,2026-06-27,NetCashProvidedByUsedInOperatingActivities PaymentsToAcquirePropertyPlantAndEquipment,10-Q,2026-08-04
TDG,COMPLETED,0.8889,FREE_CASH_FLOW_MARGIN,0.192584,FRACTION,TRAILING_TWELVE_MONTHS,2026-06-27,NetCashProvidedByUsedInOperatingActivities PaymentsToAcquirePropertyPlantAndEquipment Revenues,10-Q,2026-08-04
TDG,COMPLETED,0.8889,GROSS_MARGIN,0.595743,FRACTION,TRAILING_TWELVE_MONTHS,2026-06-27,GrossProfit Revenues,10-Q,2026-08-04
TDG,COMPLETED,0.8889,OPERATING_MARGIN,0.460524,FRACTION,TRAILING_TWELVE_MONTHS,2026-06-27,OperatingIncomeLoss Revenues,10-Q,2026-08-04
TDG,COMPLETED,0.8889,NET_MARGIN,0.212772,FRACTION,TRAILING_TWELVE_MONTHS,2026-06-27,NetIncomeLoss Revenues,10-Q,2026-08-04
TDG,COMPLETED,0.8889,RETURN_ON_ASSETS,0.079577,FRACTION,TRAILING_TWELVE_MONTHS,2026-06-27,NetIncomeLoss Assets,10-Q,2026-08-04
TDG,COMPLETED,0.8889,CURRENT_RATIO,3.019037,RATIO,POINT_IN_TIME,2026-06-27,AssetsCurrent LiabilitiesCurrent,10-Q,2026-08-04
TDG,COMPLETED,0.8889,REVENUE_GROWTH,0.176061,FRACTION,FISCAL_YEAR,2025-09-30,Revenues Revenues,10-K,2025-11-12
TDG,COMPLETED,0.8889,NET_INCOME_GROWTH,0.337920,FRACTION,FISCAL_YEAR,2025-09-30,NetIncomeLoss NetIncomeLoss,10-K,2025-11-12
TDG,COMPLETED,0.8889,SHARE_COUNT_GROWTH,0.008703,FRACTION,FISCAL_YEAR,2025-09-30,WeightedAverageNumberOfDilutedSharesOutstanding WeightedAverageNumberOfDilutedSharesOutstanding,10-K,2025-11-12
TDG,COMPLETED,0.8889,MARKET_CAPITALIZATION,66350624018.499992,CURRENCY,POINT_IN_TIME,2026-07-31,EntityCommonStockSharesOutstanding,10-Q,2026-08-04
TDG,COMPLETED,0.8889,PRICE_EARNINGS_RATIO,31.165159,RATIO,TRAILING_TWELVE_MONTHS,2026-06-27,EntityCommonStockSharesOutstanding NetIncomeLoss,10-Q,2026-08-04
TDG,COMPLETED,0.8889,PRICE_SALES_RATIO,6.631084,RATIO,TRAILING_TWELVE_MONTHS,2026-06-27,EntityCommonStockSharesOutstanding Revenues,10-Q,2026-08-04
TDG,COMPLETED,0.8889,PRICE_FREE_CASH_FLOW_RATIO,34.432083,RATIO,TRAILING_TWELVE_MONTHS,2026-06-27,EntityCommonStockSharesOutstanding NetCashProvidedByUsedInOperatingActivities PaymentsToAcquirePropertyPlantAndEquipment,10-Q,2026-08-04
TJX,COMPLETED,0.8333,REVENUE,62363000000.000000,CURRENCY,TRAILING_TWELVE_MONTHS,2026-08-01,RevenueFromContractWithCustomerIncludingAssessedTax,10-Q,2026-08-28
TJX,COMPLETED,0.8333,NET_INCOME,6067000000.000000,CURRENCY,TRAILING_TWELVE_MONTHS,2026-08-01,NetIncomeLoss,10-Q,2026-08-28
TJX,COMPLETED,0.8333,FREE_CASH_FLOW,5876000000.000000,CURRENCY,TRAILING_TWELVE_MONTHS,2026-08-01,NetCashProvidedByUsedInOperatingActivities PaymentsToAcquirePropertyPlantAndEquipment,10-Q,2026-08-28
TJX,COMPLETED,0.8333,FREE_CASH_FLOW_MARGIN,0.094223,FRACTION,TRAILING_TWELVE_MONTHS,2026-08-01,NetCashProvidedByUsedInOperatingActivities PaymentsToAcquirePropertyPlantAndEquipment RevenueFromContractWithCustomerIncludingAssessedTax,10-Q,2026-08-28
TJX,COMPLETED,0.8333,NET_MARGIN,0.097285,FRACTION,TRAILING_TWELVE_MONTHS,2026-08-01,NetIncomeLoss RevenueFromContractWithCustomerIncludingAssessedTax,10-Q,2026-08-28
TJX,COMPLETED,0.8333,RETURN_ON_EQUITY,0.569618,FRACTION,TRAILING_TWELVE_MONTHS,2026-08-01,NetIncomeLoss StockholdersEquity,10-Q,2026-08-28
TJX,COMPLETED,0.8333,RETURN_ON_ASSETS,0.163465,FRACTION,TRAILING_TWELVE_MONTHS,2026-08-01,NetIncomeLoss Assets,10-Q,2026-08-28
TJX,COMPLETED,0.8333,CURRENT_RATIO,1.147380,RATIO,POINT_IN_TIME,2026-08-01,AssetsCurrent LiabilitiesCurrent,10-Q,2026-08-28
TJX,COMPLETED,0.8333,REVENUE_GROWTH,0.065305,FRACTION,FISCAL_YEAR,2026-01-31,RevenueFromContractWithCustomerIncludingAssessedTax RevenueFromContractWithCustomerIncludingAssessedTax,10-K,2026-03-31
TJX,COMPLETED,0.8333,NET_INCOME_GROWTH,0.162402,FRACTION,FISCAL_YEAR,2026-01-31,NetIncomeLoss NetIncomeLoss,10-K,2026-03-31
TJX,COMPLETED,0.8333,SHARE_COUNT_GROWTH,-0.013464,FRACTION,FISCAL_YEAR,2026-01-31,WeightedAverageNumberOfDilutedSharesOutstanding WeightedAverageNumberOfDilutedSharesOutstanding,10-K,2026-03-31
TJX,COMPLETED,0.8333,MARKET_CAPITALIZATION,154568355051.720001,CURRENCY,POINT_IN_TIME,2026-08-21,EntityCommonStockSharesOutstanding,10-Q,2026-08-28
TJX,COMPLETED,0.8333,PRICE_EARNINGS_RATIO,25.476900,RATIO,TRAILING_TWELVE_MONTHS,2026-08-01,EntityCommonStockSharesOutstanding NetIncomeLoss,10-Q,2026-08-28
TJX,COMPLETED,0.8333,PRICE_SALES_RATIO,2.478527,RATIO,TRAILING_TWELVE_MONTHS,2026-08-01,EntityCommonStockSharesOutstanding RevenueFromContractWithCustomerIncludingAssessedTax,10-Q,2026-08-28
TJX,COMPLETED,0.8333,PRICE_FREE_CASH_FLOW_RATIO,26.305030,RATIO,TRAILING_TWELVE_MONTHS,2026-08-01,EntityCommonStockSharesOutstanding NetCashProvidedByUsedInOperatingActivities PaymentsToAcquirePropertyPlantAndEquipment,10-Q,2026-08-28
TMO,COMPLETED,0.8889,REVENUE,46336000000.000000,CURRENCY,TRAILING_TWELVE_MONTHS,2026-06-27,RevenueFromContractWithCustomerExcludingAssessedTax,10-Q,2026-07-31
TMO,COMPLETED,0.8889,NET_INCOME,6967000000.000000,CURRENCY,TRAILING_TWELVE_MONTHS,2026-06-27,NetIncomeLoss,10-Q,2026-07-31
TMO,COMPLETED,0.8889,FREE_CASH_FLOW,7318000000.000000,CURRENCY,TRAILING_TWELVE_MONTHS,2026-06-27,NetCashProvidedByUsedInOperatingActivities PaymentsToAcquirePropertyPlantAndEquipment,10-Q,2026-07-31
TMO,COMPLETED,0.8889,FREE_CASH_FLOW_MARGIN,0.157933,FRACTION,TRAILING_TWELVE_MONTHS,2026-06-27,NetCashProvidedByUsedInOperatingActivities PaymentsToAcquirePropertyPlantAndEquipment RevenueFromContractWithCustomerExcludingAssessedTax,10-Q,2026-07-31
TMO,COMPLETED,0.8889,OPERATING_MARGIN,0.175781,FRACTION,TRAILING_TWELVE_MONTHS,2026-06-27,OperatingIncomeLoss RevenueFromContractWithCustomerExcludingAssessedTax,10-Q,2026-07-31
TMO,COMPLETED,0.8889,NET_MARGIN,0.150358,FRACTION,TRAILING_TWELVE_MONTHS,2026-06-27,NetIncomeLoss RevenueFromContractWithCustomerExcludingAssessedTax,10-Q,2026-07-31
TMO,COMPLETED,0.8889,RETURN_ON_EQUITY,0.132254,FRACTION,TRAILING_TWELVE_MONTHS,2026-06-27,NetIncomeLoss StockholdersEquity,10-Q,2026-07-31
TMO,COMPLETED,0.8889,RETURN_ON_ASSETS,0.061560,FRACTION,TRAILING_TWELVE_MONTHS,2026-06-27,NetIncomeLoss Assets,10-Q,2026-07-31
TMO,COMPLETED,0.8889,CURRENT_RATIO,1.550534,RATIO,POINT_IN_TIME,2026-06-27,AssetsCurrent LiabilitiesCurrent,10-Q,2026-07-31
TMO,COMPLETED,0.8889,REVENUE_GROWTH,-0.002671,FRACTION,FISCAL_YEAR,2025-12-31,RevenueFromContractWithCustomerExcludingAssessedTax RevenueFromContractWithCustomerExcludingAssessedTax,10-K,2026-02-26
TMO,COMPLETED,0.8889,NET_INCOME_GROWTH,-0.011941,FRACTION,FISCAL_YEAR,2025-12-31,NetIncomeLossAvailableToCommonStockholdersBasic NetIncomeLoss,10-K,2026-02-26
TMO,COMPLETED,0.8889,SHARE_COUNT_GROWTH,-0.012971,FRACTION,FISCAL_YEAR,2025-12-31,WeightedAverageNumberOfDilutedSharesOutstanding WeightedAverageNumberOfDilutedSharesOutstanding,10-K,2026-02-26
TMO,COMPLETED,0.8889,MARKET_CAPITALIZATION,232611715095.459991,CURRENCY,POINT_IN_TIME,2026-06-27,EntityCommonStockSharesOutstanding,10-Q,2026-07-31
TMO,COMPLETED,0.8889,PRICE_EARNINGS_RATIO,33.387644,RATIO,TRAILING_TWELVE_MONTHS,2026-06-27,EntityCommonStockSharesOutstanding NetIncomeLoss,10-Q,2026-07-31
TMO,COMPLETED,0.8889,PRICE_SALES_RATIO,5.020108,RATIO,TRAILING_TWELVE_MONTHS,2026-06-27,EntityCommonStockSharesOutstanding RevenueFromContractWithCustomerExcludingAssessedTax,10-Q,2026-07-31
TMO,COMPLETED,0.8889,PRICE_FREE_CASH_FLOW_RATIO,31.786241,RATIO,TRAILING_TWELVE_MONTHS,2026-06-27,EntityCommonStockSharesOutstanding NetCashProvidedByUsedInOperatingActivities PaymentsToAcquirePropertyPlantAndEquipment,10-Q,2026-07-31
TMUS,COMPLETED,0.8889,REVENUE,92189000000.000000,CURRENCY,TRAILING_TWELVE_MONTHS,2026-06-30,RevenueFromContractWithCustomerExcludingAssessedTax,10-Q,2026-07-23
TMUS,COMPLETED,0.8889,NET_INCOME,10560000000.000000,CURRENCY,TRAILING_TWELVE_MONTHS,2026-06-30,NetIncomeLoss,10-Q,2026-07-23
TMUS,COMPLETED,0.8889,FREE_CASH_FLOW,18399000000.000000,CURRENCY,TRAILING_TWELVE_MONTHS,2026-06-30,NetCashProvidedByUsedInOperatingActivities PaymentsToAcquirePropertyPlantAndEquipment,10-Q,2026-07-23
TMUS,COMPLETED,0.8889,FREE_CASH_FLOW_MARGIN,0.199579,FRACTION,TRAILING_TWELVE_MONTHS,2026-06-30,NetCashProvidedByUsedInOperatingActivities PaymentsToAcquirePropertyPlantAndEquipment RevenueFromContractWithCustomerExcludingAssessedTax,10-Q,2026-07-23
TMUS,COMPLETED,0.8889,OPERATING_MARGIN,0.197995,FRACTION,TRAILING_TWELVE_MONTHS,2026-06-30,OperatingIncomeLoss RevenueFromContractWithCustomerExcludingAssessedTax,10-Q,2026-07-23
TMUS,COMPLETED,0.8889,NET_MARGIN,0.114547,FRACTION,TRAILING_TWELVE_MONTHS,2026-06-30,NetIncomeLoss RevenueFromContractWithCustomerExcludingAssessedTax,10-Q,2026-07-23
TMUS,COMPLETED,0.8889,RETURN_ON_EQUITY,0.187683,FRACTION,TRAILING_TWELVE_MONTHS,2026-06-30,NetIncomeLoss StockholdersEquity,10-Q,2026-07-23
TMUS,COMPLETED,0.8889,RETURN_ON_ASSETS,0.049449,FRACTION,TRAILING_TWELVE_MONTHS,2026-06-30,NetIncomeLoss Assets,10-Q,2026-07-23
TMUS,COMPLETED,0.8889,CURRENT_RATIO,0.924217,RATIO,POINT_IN_TIME,2026-06-30,AssetsCurrent LiabilitiesCurrent,10-Q,2026-07-23
TMUS,COMPLETED,0.8889,REVENUE_GROWTH,0.035341,FRACTION,FISCAL_YEAR,2025-12-31,RevenueFromContractWithCustomerExcludingAssessedTax RevenueFromContractWithCustomerExcludingAssessedTax,10-K,2026-02-11
TMUS,COMPLETED,0.8889,NET_INCOME_GROWTH,0.619045,FRACTION,FISCAL_YEAR,2025-12-31,NetIncomeLoss NetIncomeLoss,10-K,2026-02-11
TMUS,COMPLETED,0.8889,SHARE_COUNT_GROWTH,-0.029259,FRACTION,FISCAL_YEAR,2025-12-31,WeightedAverageNumberOfDilutedSharesOutstanding WeightedAverageNumberOfDilutedSharesOutstanding,10-K,2026-02-11
TMUS,COMPLETED,0.8889,MARKET_CAPITALIZATION,196341812043.519989,CURRENCY,POINT_IN_TIME,2026-07-17,EntityCommonStockSharesOutstanding,10-Q,2026-07-23
TMUS,COMPLETED,0.8889,PRICE_EARNINGS_RATIO,18.592975,RATIO,TRAILING_TWELVE_MONTHS,2026-06-30,EntityCommonStockSharesOutstanding NetIncomeLoss,10-Q,2026-07-23
TMUS,COMPLETED,0.8889,PRICE_SALES_RATIO,2.129775,RATIO,TRAILING_TWELVE_MONTHS,2026-06-30,EntityCommonStockSharesOutstanding RevenueFromContractWithCustomerExcludingAssessedTax,10-Q,2026-07-23
TMUS,COMPLETED,0.8889,PRICE_FREE_CASH_FLOW_RATIO,10.671331,RATIO,TRAILING_TWELVE_MONTHS,2026-06-30,EntityCommonStockSharesOutstanding NetCashProvidedByUsedInOperatingActivities PaymentsToAcquirePropertyPlantAndEquipment,10-Q,2026-07-23
TRV,COMPLETED,0.6667,REVENUE,48979000000.000000,CURRENCY,TRAILING_TWELVE_MONTHS,2026-06-30,Revenues,10-Q,2026-07-17
TRV,COMPLETED,0.6667,NET_INCOME,8303000000.000000,CURRENCY,TRAILING_TWELVE_MONTHS,2026-06-30,NetIncomeLoss,10-Q,2026-07-17
TRV,COMPLETED,0.6667,NET_MARGIN,0.169522,FRACTION,TRAILING_TWELVE_MONTHS,2026-06-30,NetIncomeLoss Revenues,10-Q,2026-07-17
TRV,COMPLETED,0.6667,RETURN_ON_EQUITY,0.250687,FRACTION,TRAILING_TWELVE_MONTHS,2026-06-30,NetIncomeLoss StockholdersEquity,10-Q,2026-07-17
TRV,COMPLETED,0.6667,RETURN_ON_ASSETS,0.057828,FRACTION,TRAILING_TWELVE_MONTHS,2026-06-30,NetIncomeLoss Assets,10-Q,2026-07-17
TRV,COMPLETED,0.6667,DEBT_TO_EQUITY,3.335014,RATIO,POINT_IN_TIME,2026-06-30,Liabilities StockholdersEquity,10-Q,2026-07-17
TRV,COMPLETED,0.6667,REVENUE_GROWTH,0.098020,FRACTION,FISCAL_YEAR,2025-12-31,Revenues Revenues,10-K,2026-02-12
TRV,COMPLETED,0.6667,NET_INCOME_GROWTH,0.303055,FRACTION,FISCAL_YEAR,2025-12-31,NetIncomeLoss NetIncomeLoss,10-K,2026-02-12
TRV,COMPLETED,0.6667,SHARE_COUNT_GROWTH,-0.009955,FRACTION,FISCAL_YEAR,2025-12-31,WeightedAverageNumberOfDilutedSharesOutstanding WeightedAverageNumberOfDilutedSharesOutstanding,10-K,2026-02-12
TRV,COMPLETED,0.6667,MARKET_CAPITALIZATION,75833706498.759995,CURRENCY,POINT_IN_TIME,2026-07-10,EntityCommonStockSharesOutstanding,10-Q,2026-07-17
TRV,COMPLETED,0.6667,PRICE_EARNINGS_RATIO,9.133290,RATIO,TRAILING_TWELVE_MONTHS,2026-06-30,EntityCommonStockSharesOutstanding NetIncomeLoss,10-Q,2026-07-17
TRV,COMPLETED,0.6667,PRICE_SALES_RATIO,1.548290,RATIO,TRAILING_TWELVE_MONTHS,2026-06-30,EntityCommonStockSharesOutstanding Revenues,10-Q,2026-07-17
TSLA,COMPLETED,1.0000,REVENUE,103619000000.000000,CURRENCY,TRAILING_TWELVE_MONTHS,2026-06-30,Revenues,10-Q,2026-07-23
TSLA,COMPLETED,1.0000,NET_INCOME,3804000000.000000,CURRENCY,TRAILING_TWELVE_MONTHS,2026-06-30,NetIncomeLoss,10-Q,2026-07-23
TSLA,COMPLETED,1.0000,FREE_CASH_FLOW,5762000000.000000,CURRENCY,TRAILING_TWELVE_MONTHS,2026-06-30,NetCashProvidedByUsedInOperatingActivities PaymentsToAcquirePropertyPlantAndEquipment,10-Q,2026-07-23
TSLA,COMPLETED,1.0000,FREE_CASH_FLOW_MARGIN,0.055608,FRACTION,TRAILING_TWELVE_MONTHS,2026-06-30,NetCashProvidedByUsedInOperatingActivities PaymentsToAcquirePropertyPlantAndEquipment Revenues,10-Q,2026-07-23
TSLA,COMPLETED,1.0000,GROSS_MARGIN,0.188518,FRACTION,TRAILING_TWELVE_MONTHS,2026-06-30,GrossProfit Revenues,10-Q,2026-07-23
TSLA,COMPLETED,1.0000,OPERATING_MARGIN,0.042193,FRACTION,TRAILING_TWELVE_MONTHS,2026-06-30,OperatingIncomeLoss Revenues,10-Q,2026-07-23
TSLA,COMPLETED,1.0000,NET_MARGIN,0.036711,FRACTION,TRAILING_TWELVE_MONTHS,2026-06-30,NetIncomeLoss Revenues,10-Q,2026-07-23
TSLA,COMPLETED,1.0000,RETURN_ON_EQUITY,0.043796,FRACTION,TRAILING_TWELVE_MONTHS,2026-06-30,NetIncomeLoss StockholdersEquity,10-Q,2026-07-23
TSLA,COMPLETED,1.0000,RETURN_ON_ASSETS,0.025612,FRACTION,TRAILING_TWELVE_MONTHS,2026-06-30,NetIncomeLoss Assets,10-Q,2026-07-23
TSLA,COMPLETED,1.0000,DEBT_TO_EQUITY,0.702353,RATIO,POINT_IN_TIME,2026-06-30,Liabilities StockholdersEquity,10-Q,2026-07-23
TSLA,COMPLETED,1.0000,CURRENT_RATIO,1.940946,RATIO,POINT_IN_TIME,2026-06-30,AssetsCurrent LiabilitiesCurrent,10-Q,2026-07-23
TSLA,COMPLETED,1.0000,REVENUE_GROWTH,0.051943,FRACTION,FISCAL_YEAR,2025-12-31,Revenues Revenues,10-K,2026-01-29
TSLA,COMPLETED,1.0000,NET_INCOME_GROWTH,-0.328960,FRACTION,FISCAL_YEAR,2025-12-31,NetIncomeLoss NetIncomeLoss,10-K,2026-01-29
TSLA,COMPLETED,1.0000,SHARE_COUNT_GROWTH,0.006150,FRACTION,FISCAL_YEAR,2025-12-31,WeightedAverageNumberOfDilutedSharesOutstanding WeightedAverageNumberOfDilutedSharesOutstanding,10-K,2026-01-29
TSLA,COMPLETED,1.0000,MARKET_CAPITALIZATION,1433211758334.719971,CURRENCY,POINT_IN_TIME,2026-07-16,EntityCommonStockSharesOutstanding,10-Q,2026-07-23
TSLA,COMPLETED,1.0000,PRICE_EARNINGS_RATIO,376.764395,RATIO,TRAILING_TWELVE_MONTHS,2026-06-30,EntityCommonStockSharesOutstanding NetIncomeLoss,10-Q,2026-07-23
TSLA,COMPLETED,1.0000,PRICE_SALES_RATIO,13.831554,RATIO,TRAILING_TWELVE_MONTHS,2026-06-30,EntityCommonStockSharesOutstanding Revenues,10-Q,2026-07-23
TSLA,COMPLETED,1.0000,PRICE_FREE_CASH_FLOW_RATIO,248.735119,RATIO,TRAILING_TWELVE_MONTHS,2026-06-30,EntityCommonStockSharesOutstanding NetCashProvidedByUsedInOperatingActivities PaymentsToAcquirePropertyPlantAndEquipment,10-Q,2026-07-23
TTC,COMPLETED,0.9444,REVENUE,4658500000.000000,CURRENCY,TRAILING_TWELVE_MONTHS,2026-05-01,RevenueFromContractWithCustomerExcludingAssessedTax,10-Q,2026-06-04
TTC,COMPLETED,0.9444,NET_INCOME,339800000.000000,CURRENCY,TRAILING_TWELVE_MONTHS,2026-05-01,NetIncomeLoss,10-Q,2026-06-04
TTC,COMPLETED,0.9444,FREE_CASH_FLOW,759100000.000000,CURRENCY,TRAILING_TWELVE_MONTHS,2026-05-01,NetCashProvidedByUsedInOperatingActivities PaymentsToAcquirePropertyPlantAndEquipment,10-Q,2026-06-04
TTC,COMPLETED,0.9444,FREE_CASH_FLOW_MARGIN,0.162949,FRACTION,TRAILING_TWELVE_MONTHS,2026-05-01,NetCashProvidedByUsedInOperatingActivities PaymentsToAcquirePropertyPlantAndEquipment RevenueFromContractWithCustomerExcludingAssessedTax,10-Q,2026-06-04
TTC,COMPLETED,0.9444,GROSS_MARGIN,0.333090,FRACTION,TRAILING_TWELVE_MONTHS,2026-05-01,GrossProfit RevenueFromContractWithCustomerExcludingAssessedTax,10-Q,2026-06-04
TTC,COMPLETED,0.9444,OPERATING_MARGIN,0.094322,FRACTION,TRAILING_TWELVE_MONTHS,2026-05-01,OperatingIncomeLoss RevenueFromContractWithCustomerExcludingAssessedTax,10-Q,2026-06-04
TTC,COMPLETED,0.9444,NET_MARGIN,0.072942,FRACTION,TRAILING_TWELVE_MONTHS,2026-05-01,NetIncomeLoss RevenueFromContractWithCustomerExcludingAssessedTax,10-Q,2026-06-04
TTC,COMPLETED,0.9444,RETURN_ON_EQUITY,0.248374,FRACTION,TRAILING_TWELVE_MONTHS,2026-05-01,NetIncomeLoss StockholdersEquity,10-Q,2026-06-04
TTC,COMPLETED,0.9444,RETURN_ON_ASSETS,0.091674,FRACTION,TRAILING_TWELVE_MONTHS,2026-05-01,NetIncomeLoss Assets,10-Q,2026-06-04
TTC,COMPLETED,0.9444,CURRENT_RATIO,1.556047,RATIO,POINT_IN_TIME,2026-05-01,AssetsCurrent LiabilitiesCurrent,10-Q,2026-06-04
TTC,COMPLETED,0.9444,REVENUE_GROWTH,-0.000318,FRACTION,FISCAL_YEAR,2025-10-31,RevenueFromContractWithCustomerExcludingAssessedTax RevenueFromContractWithCustomerExcludingAssessedTax,10-K,2025-12-17
TTC,COMPLETED,0.9444,NET_INCOME_GROWTH,-0.106608,FRACTION,FISCAL_YEAR,2025-10-31,NetIncomeLoss NetIncomeLoss,10-K,2025-12-17
TTC,COMPLETED,0.9444,SHARE_COUNT_GROWTH,-0.026466,FRACTION,FISCAL_YEAR,2025-10-31,WeightedAverageNumberOfDilutedSharesOutstanding WeightedAverageNumberOfDilutedSharesOutstanding,10-K,2025-12-17
TTC,COMPLETED,0.9444,MARKET_CAPITALIZATION,9469624860.959999,CURRENCY,POINT_IN_TIME,2026-05-28,EntityCommonStockSharesOutstanding,10-Q,2026-06-04
TTC,COMPLETED,0.9444,PRICE_EARNINGS_RATIO,27.868231,RATIO,TRAILING_TWELVE_MONTHS,2026-05-01,EntityCommonStockSharesOutstanding NetIncomeLoss,10-Q,2026-06-04
TTC,COMPLETED,0.9444,PRICE_SALES_RATIO,2.032763,RATIO,TRAILING_TWELVE_MONTHS,2026-05-01,EntityCommonStockSharesOutstanding RevenueFromContractWithCustomerExcludingAssessedTax,10-Q,2026-06-04
TTC,COMPLETED,0.9444,PRICE_FREE_CASH_FLOW_RATIO,12.474806,RATIO,TRAILING_TWELVE_MONTHS,2026-05-01,EntityCommonStockSharesOutstanding NetCashProvidedByUsedInOperatingActivities PaymentsToAcquirePropertyPlantAndEquipment,10-Q,2026-06-04
TTD,COMPLETED,0.7222,REVENUE,2990138000.000000,CURRENCY,TRAILING_TWELVE_MONTHS,2026-06-30,RevenueFromContractWithCustomerExcludingAssessedTax,10-Q,2026-08-06
TTD,COMPLETED,0.7222,NET_INCOME,406888000.000000,CURRENCY,TRAILING_TWELVE_MONTHS,2026-06-30,NetIncomeLoss,10-Q,2026-08-06
TTD,COMPLETED,0.7222,FREE_CASH_FLOW,863049000.000000,CURRENCY,TRAILING_TWELVE_MONTHS,2026-06-30,NetCashProvidedByUsedInOperatingActivities PaymentsToAcquirePropertyPlantAndEquipment,10-Q,2026-08-06
TTD,COMPLETED,0.7222,FREE_CASH_FLOW_MARGIN,0.288632,FRACTION,TRAILING_TWELVE_MONTHS,2026-06-30,NetCashProvidedByUsedInOperatingActivities PaymentsToAcquirePropertyPlantAndEquipment RevenueFromContractWithCustomerExcludingAssessedTax,10-Q,2026-08-06
TTD,COMPLETED,0.7222,OPERATING_MARGIN,0.196083,FRACTION,TRAILING_TWELVE_MONTHS,2026-06-30,OperatingIncomeLoss RevenueFromContractWithCustomerExcludingAssessedTax,10-Q,2026-08-06
TTD,COMPLETED,0.7222,NET_MARGIN,0.136077,FRACTION,TRAILING_TWELVE_MONTHS,2026-06-30,NetIncomeLoss RevenueFromContractWithCustomerExcludingAssessedTax,10-Q,2026-08-06
TTD,COMPLETED,0.7222,RETURN_ON_EQUITY,0.158055,FRACTION,TRAILING_TWELVE_MONTHS,2026-06-30,NetIncomeLoss StockholdersEquity,10-Q,2026-08-06
TTD,COMPLETED,0.7222,RETURN_ON_ASSETS,0.070586,FRACTION,TRAILING_TWELVE_MONTHS,2026-06-30,NetIncomeLoss Assets,10-Q,2026-08-06
TTD,COMPLETED,0.7222,DEBT_TO_EQUITY,1.239183,RATIO,POINT_IN_TIME,2026-06-30,Liabilities StockholdersEquity,10-Q,2026-08-06
TTD,COMPLETED,0.7222,CURRENT_RATIO,1.723832,RATIO,POINT_IN_TIME,2026-06-30,AssetsCurrent LiabilitiesCurrent,10-Q,2026-08-06
TTD,COMPLETED,0.7222,REVENUE_GROWTH,0.224419,FRACTION,FISCAL_YEAR,2025-12-31,RevenueFromContractWithCustomerExcludingAssessedTax RevenueFromContractWithCustomerExcludingAssessedTax,10-K,2026-02-27
TTD,COMPLETED,0.7222,NET_INCOME_GROWTH,1.025011,FRACTION,FISCAL_YEAR,2025-12-31,NetIncomeLoss NetIncomeLoss,10-K,2026-02-27
TTD,COMPLETED,0.7222,SHARE_COUNT_GROWTH,-0.006651,FRACTION,FISCAL_YEAR,2025-12-31,WeightedAverageNumberOfDilutedSharesOutstanding WeightedAverageNumberOfDilutedSharesOutstanding,10-K,2026-02-27
TXN,COMPLETED,1.0000,REVENUE,19453000000.000000,CURRENCY,TRAILING_TWELVE_MONTHS,2026-06-30,RevenueFromContractWithCustomerExcludingAssessedTax,10-Q,2026-07-24
TXN,COMPLETED,1.0000,NET_INCOME,6052000000.000000,CURRENCY,TRAILING_TWELVE_MONTHS,2026-06-30,NetIncomeLoss,10-Q,2026-07-24
TXN,COMPLETED,1.0000,FREE_CASH_FLOW,5355000000.000000,CURRENCY,TRAILING_TWELVE_MONTHS,2026-06-30,NetCashProvidedByUsedInOperatingActivities PaymentsToAcquirePropertyPlantAndEquipment,10-Q,2026-07-24
TXN,COMPLETED,1.0000,FREE_CASH_FLOW_MARGIN,0.275279,FRACTION,TRAILING_TWELVE_MONTHS,2026-06-30,NetCashProvidedByUsedInOperatingActivities PaymentsToAcquirePropertyPlantAndEquipment RevenueFromContractWithCustomerExcludingAssessedTax,10-Q,2026-07-24
TXN,COMPLETED,1.0000,GROSS_MARGIN,0.583252,FRACTION,TRAILING_TWELVE_MONTHS,2026-06-30,GrossProfit RevenueFromContractWithCustomerExcludingAssessedTax,10-Q,2026-07-24
TXN,COMPLETED,1.0000,OPERATING_MARGIN,0.372899,FRACTION,TRAILING_TWELVE_MONTHS,2026-06-30,OperatingIncomeLoss RevenueFromContractWithCustomerExcludingAssessedTax,10-Q,2026-07-24
TXN,COMPLETED,1.0000,NET_MARGIN,0.311109,FRACTION,TRAILING_TWELVE_MONTHS,2026-06-30,NetIncomeLoss RevenueFromContractWithCustomerExcludingAssessedTax,10-Q,2026-07-24
TXN,COMPLETED,1.0000,RETURN_ON_EQUITY,0.336092,FRACTION,TRAILING_TWELVE_MONTHS,2026-06-30,NetIncomeLoss StockholdersEquity,10-Q,2026-07-24
TXN,COMPLETED,1.0000,RETURN_ON_ASSETS,0.168664,FRACTION,TRAILING_TWELVE_MONTHS,2026-06-30,NetIncomeLoss Assets,10-Q,2026-07-24
TXN,COMPLETED,1.0000,DEBT_TO_EQUITY,0.992670,RATIO,POINT_IN_TIME,2026-06-30,Liabilities StockholdersEquity,10-Q,2026-07-24
TXN,COMPLETED,1.0000,CURRENT_RATIO,4.857275,RATIO,POINT_IN_TIME,2026-06-30,AssetsCurrent LiabilitiesCurrent,10-Q,2026-07-24
TXN,COMPLETED,1.0000,REVENUE_GROWTH,-0.040678,FRACTION,FISCAL_YEAR,2025-12-31,RevenueFromContractWithCustomerExcludingAssessedTax RevenueFromContractWithCustomerExcludingAssessedTax,10-K,2026-02-06
TXN,COMPLETED,1.0000,NET_INCOME_GROWTH,-0.170087,FRACTION,FISCAL_YEAR,2025-12-31,NetIncomeLoss NetIncomeLoss,10-K,2026-02-06
TXN,COMPLETED,1.0000,SHARE_COUNT_GROWTH,-0.001639,FRACTION,FISCAL_YEAR,2025-12-31,WeightedAverageNumberOfDilutedSharesOutstanding WeightedAverageNumberOfDilutedSharesOutstanding,10-K,2026-02-06
TXN,COMPLETED,1.0000,MARKET_CAPITALIZATION,241325701025.500000,CURRENCY,POINT_IN_TIME,2026-07-15,EntityCommonStockSharesOutstanding,10-Q,2026-07-24
TXN,COMPLETED,1.0000,PRICE_EARNINGS_RATIO,39.875364,RATIO,TRAILING_TWELVE_MONTHS,2026-06-30,EntityCommonStockSharesOutstanding NetIncomeLoss,10-Q,2026-07-24
TXN,COMPLETED,1.0000,PRICE_SALES_RATIO,12.405578,RATIO,TRAILING_TWELVE_MONTHS,2026-06-30,EntityCommonStockSharesOutstanding RevenueFromContractWithCustomerExcludingAssessedTax,10-Q,2026-07-24
TXN,COMPLETED,1.0000,PRICE_FREE_CASH_FLOW_RATIO,45.065490,RATIO,TRAILING_TWELVE_MONTHS,2026-06-30,EntityCommonStockSharesOutstanding NetCashProvidedByUsedInOperatingActivities PaymentsToAcquirePropertyPlantAndEquipment,10-Q,2026-07-24
TXT,COMPLETED,0.7222,REVENUE,15299000000.000000,CURRENCY,TRAILING_TWELVE_MONTHS,2026-07-04,Revenues,10-Q,2026-07-28
TXT,COMPLETED,0.7222,NET_INCOME,937000000.000000,CURRENCY,TRAILING_TWELVE_MONTHS,2026-07-04,NetIncomeLoss,10-Q,2026-07-28
TXT,COMPLETED,0.7222,FREE_CASH_FLOW,759000000.000000,CURRENCY,TRAILING_TWELVE_MONTHS,2026-07-04,NetCashProvidedByUsedInOperatingActivities PaymentsToAcquireProductiveAssets,10-Q,2026-07-28
TXT,COMPLETED,0.7222,FREE_CASH_FLOW_MARGIN,0.049611,FRACTION,TRAILING_TWELVE_MONTHS,2026-07-04,NetCashProvidedByUsedInOperatingActivities PaymentsToAcquireProductiveAssets Revenues,10-Q,2026-07-28
TXT,COMPLETED,0.7222,NET_MARGIN,0.061246,FRACTION,TRAILING_TWELVE_MONTHS,2026-07-04,NetIncomeLoss Revenues,10-Q,2026-07-28
TXT,COMPLETED,0.7222,RETURN_ON_EQUITY,0.116340,FRACTION,TRAILING_TWELVE_MONTHS,2026-07-04,NetIncomeLoss StockholdersEquity,10-Q,2026-07-28
TXT,COMPLETED,0.7222,RETURN_ON_ASSETS,0.051671,FRACTION,TRAILING_TWELVE_MONTHS,2026-07-04,NetIncomeLoss Assets,10-Q,2026-07-28
TXT,COMPLETED,0.7222,DEBT_TO_EQUITY,1.251552,RATIO,POINT_IN_TIME,2026-07-04,Liabilities StockholdersEquity,10-Q,2026-07-28
TXT,COMPLETED,0.7222,SHARE_COUNT_GROWTH,-0.036889,FRACTION,FISCAL_YEAR,2026-01-03,WeightedAverageNumberOfDilutedSharesOutstanding WeightedAverageNumberOfDilutedSharesOutstanding,10-K,2026-02-11
TXT,COMPLETED,0.7222,MARKET_CAPITALIZATION,14262875026.810001,CURRENCY,POINT_IN_TIME,2026-07-17,EntityCommonStockSharesOutstanding,10-Q,2026-07-28
TXT,COMPLETED,0.7222,PRICE_EARNINGS_RATIO,15.221852,RATIO,TRAILING_TWELVE_MONTHS,2026-07-04,EntityCommonStockSharesOutstanding NetIncomeLoss,10-Q,2026-07-28
TXT,COMPLETED,0.7222,PRICE_SALES_RATIO,0.932275,RATIO,TRAILING_TWELVE_MONTHS,2026-07-04,EntityCommonStockSharesOutstanding Revenues,10-Q,2026-07-28
TXT,COMPLETED,0.7222,PRICE_FREE_CASH_FLOW_RATIO,18.791667,RATIO,TRAILING_TWELVE_MONTHS,2026-07-04,EntityCommonStockSharesOutstanding NetCashProvidedByUsedInOperatingActivities PaymentsToAcquireProductiveAssets,10-Q,2026-07-28
TYL,COMPLETED,1.0000,REVENUE,2429657000.000000,CURRENCY,TRAILING_TWELVE_MONTHS,2026-06-30,RevenueFromContractWithCustomerExcludingAssessedTax,10-Q,2026-07-29
TYL,COMPLETED,1.0000,NET_INCOME,324616000.000000,CURRENCY,TRAILING_TWELVE_MONTHS,2026-06-30,NetIncomeLoss,10-Q,2026-07-29
TYL,COMPLETED,1.0000,FREE_CASH_FLOW,714266000.000000,CURRENCY,TRAILING_TWELVE_MONTHS,2026-06-30,NetCashProvidedByUsedInOperatingActivities PaymentsToAcquirePropertyPlantAndEquipment,10-Q,2026-07-29
TYL,COMPLETED,1.0000,FREE_CASH_FLOW_MARGIN,0.293978,FRACTION,TRAILING_TWELVE_MONTHS,2026-06-30,NetCashProvidedByUsedInOperatingActivities PaymentsToAcquirePropertyPlantAndEquipment RevenueFromContractWithCustomerExcludingAssessedTax,10-Q,2026-07-29
TYL,COMPLETED,1.0000,GROSS_MARGIN,0.472053,FRACTION,TRAILING_TWELVE_MONTHS,2026-06-30,GrossProfit RevenueFromContractWithCustomerExcludingAssessedTax,10-Q,2026-07-29
TYL,COMPLETED,1.0000,OPERATING_MARGIN,0.151385,FRACTION,TRAILING_TWELVE_MONTHS,2026-06-30,OperatingIncomeLoss RevenueFromContractWithCustomerExcludingAssessedTax,10-Q,2026-07-29
TYL,COMPLETED,1.0000,NET_MARGIN,0.133606,FRACTION,TRAILING_TWELVE_MONTHS,2026-06-30,NetIncomeLoss RevenueFromContractWithCustomerExcludingAssessedTax,10-Q,2026-07-29
TYL,COMPLETED,1.0000,RETURN_ON_EQUITY,0.106879,FRACTION,TRAILING_TWELVE_MONTHS,2026-06-30,NetIncomeLoss StockholdersEquity,10-Q,2026-07-29
TYL,COMPLETED,1.0000,RETURN_ON_ASSETS,0.055838,FRACTION,TRAILING_TWELVE_MONTHS,2026-06-30,NetIncomeLoss Assets,10-Q,2026-07-29
TYL,COMPLETED,1.0000,DEBT_TO_EQUITY,0.914104,RATIO,POINT_IN_TIME,2026-06-30,Liabilities StockholdersEquity,10-Q,2026-07-29
TYL,COMPLETED,1.0000,CURRENT_RATIO,1.553659,RATIO,POINT_IN_TIME,2026-06-30,AssetsCurrent LiabilitiesCurrent,10-Q,2026-07-29
TYL,COMPLETED,1.0000,REVENUE_GROWTH,0.080250,FRACTION,FISCAL_YEAR,2025-12-31,RevenueFromContractWithCustomerExcludingAssessedTax RevenueFromContractWithCustomerExcludingAssessedTax,10-K,2026-02-18
TYL,COMPLETED,1.0000,NET_INCOME_GROWTH,0.243237,FRACTION,FISCAL_YEAR,2025-12-31,NetIncomeLoss NetIncomeLoss,10-K,2026-02-18
TYL,COMPLETED,1.0000,SHARE_COUNT_GROWTH,0.012120,FRACTION,FISCAL_YEAR,2025-12-31,WeightedAverageNumberOfDilutedSharesOutstanding WeightedAverageNumberOfDilutedSharesOutstanding,10-K,2026-02-18
TYL,COMPLETED,1.0000,MARKET_CAPITALIZATION,14368105332.900002,CURRENCY,POINT_IN_TIME,2026-07-27,EntityCommonStockSharesOutstanding,10-Q,2026-07-29
TYL,COMPLETED,1.0000,PRICE_EARNINGS_RATIO,44.261852,RATIO,TRAILING_TWELVE_MONTHS,2026-06-30,EntityCommonStockSharesOutstanding NetIncomeLoss,10-Q,2026-07-29
TYL,COMPLETED,1.0000,PRICE_SALES_RATIO,5.913635,RATIO,TRAILING_TWELVE_MONTHS,2026-06-30,EntityCommonStockSharesOutstanding RevenueFromContractWithCustomerExcludingAssessedTax,10-Q,2026-07-29
TYL,COMPLETED,1.0000,PRICE_FREE_CASH_FLOW_RATIO,20.115903,RATIO,TRAILING_TWELVE_MONTHS,2026-06-30,EntityCommonStockSharesOutstanding NetCashProvidedByUsedInOperatingActivities PaymentsToAcquirePropertyPlantAndEquipment,10-Q,2026-07-29
UBER,COMPLETED,0.8889,REVENUE,55227000000.000000,CURRENCY,TRAILING_TWELVE_MONTHS,2026-06-30,Revenues,10-Q,2026-08-05
UBER,COMPLETED,0.8889,NET_INCOME,9579000000.000000,CURRENCY,TRAILING_TWELVE_MONTHS,2026-06-30,NetIncomeLoss,10-Q,2026-08-05
UBER,COMPLETED,0.8889,FREE_CASH_FLOW,10116000000.000000,CURRENCY,TRAILING_TWELVE_MONTHS,2026-06-30,NetCashProvidedByUsedInOperatingActivities PaymentsToAcquirePropertyPlantAndEquipment,10-Q,2026-08-05
UBER,COMPLETED,0.8889,FREE_CASH_FLOW_MARGIN,0.183171,FRACTION,TRAILING_TWELVE_MONTHS,2026-06-30,NetCashProvidedByUsedInOperatingActivities PaymentsToAcquirePropertyPlantAndEquipment Revenues,10-Q,2026-08-05
UBER,COMPLETED,0.8889,OPERATING_MARGIN,0.121317,FRACTION,TRAILING_TWELVE_MONTHS,2026-06-30,OperatingIncomeLoss Revenues,10-Q,2026-08-05
UBER,COMPLETED,0.8889,NET_MARGIN,0.173448,FRACTION,TRAILING_TWELVE_MONTHS,2026-06-30,NetIncomeLoss Revenues,10-Q,2026-08-05
UBER,COMPLETED,0.8889,RETURN_ON_EQUITY,0.350674,FRACTION,TRAILING_TWELVE_MONTHS,2026-06-30,NetIncomeLoss StockholdersEquity,10-Q,2026-08-05
UBER,COMPLETED,0.8889,RETURN_ON_ASSETS,0.145575,FRACTION,TRAILING_TWELVE_MONTHS,2026-06-30,NetIncomeLoss Assets,10-Q,2026-08-05
UBER,COMPLETED,0.8889,DEBT_TO_EQUITY,1.369234,RATIO,POINT_IN_TIME,2026-06-30,Liabilities StockholdersEquity,10-Q,2026-08-05
UBER,COMPLETED,0.8889,CURRENT_RATIO,0.842512,RATIO,POINT_IN_TIME,2026-06-30,AssetsCurrent LiabilitiesCurrent,10-Q,2026-08-05
UBER,COMPLETED,0.8889,REVENUE_GROWTH,0.177306,FRACTION,FISCAL_YEAR,2025-12-31,Revenues Revenues,10-K,2026-02-13
UBER,COMPLETED,0.8889,SHARE_COUNT_GROWTH,0.006649,FRACTION,FISCAL_YEAR,2025-12-31,WeightedAverageNumberOfDilutedSharesOutstanding WeightedAverageNumberOfDilutedSharesOutstanding,10-K,2026-02-13
UBER,COMPLETED,0.8889,MARKET_CAPITALIZATION,160953737534.799988,CURRENCY,POINT_IN_TIME,2026-07-31,EntityCommonStockSharesOutstanding,10-Q,2026-08-05
UBER,COMPLETED,0.8889,PRICE_EARNINGS_RATIO,16.802770,RATIO,TRAILING_TWELVE_MONTHS,2026-06-30,EntityCommonStockSharesOutstanding NetIncomeLoss,10-Q,2026-08-05
UBER,COMPLETED,0.8889,PRICE_SALES_RATIO,2.914403,RATIO,TRAILING_TWELVE_MONTHS,2026-06-30,EntityCommonStockSharesOutstanding Revenues,10-Q,2026-08-05
UBER,COMPLETED,0.8889,PRICE_FREE_CASH_FLOW_RATIO,15.910808,RATIO,TRAILING_TWELVE_MONTHS,2026-06-30,EntityCommonStockSharesOutstanding NetCashProvidedByUsedInOperatingActivities PaymentsToAcquirePropertyPlantAndEquipment,10-Q,2026-08-05
UHS,COMPLETED,0.6667,REVENUE,18114487000.000000,CURRENCY,TRAILING_TWELVE_MONTHS,2026-06-30,RevenueFromContractWithCustomerExcludingAssessedTax,10-Q,2026-08-07
UHS,COMPLETED,0.6667,NET_INCOME,1526027000.000000,CURRENCY,TRAILING_TWELVE_MONTHS,2026-06-30,NetIncomeLoss,10-Q,2026-08-07
UHS,COMPLETED,0.6667,FREE_CASH_FLOW,845400000.000000,CURRENCY,TRAILING_TWELVE_MONTHS,2026-06-30,NetCashProvidedByUsedInOperatingActivities PaymentsToAcquirePropertyPlantAndEquipment,10-Q,2026-08-07
UHS,COMPLETED,0.6667,FREE_CASH_FLOW_MARGIN,0.046670,FRACTION,TRAILING_TWELVE_MONTHS,2026-06-30,NetCashProvidedByUsedInOperatingActivities PaymentsToAcquirePropertyPlantAndEquipment RevenueFromContractWithCustomerExcludingAssessedTax,10-Q,2026-08-07
UHS,COMPLETED,0.6667,OPERATING_MARGIN,0.113636,FRACTION,TRAILING_TWELVE_MONTHS,2026-06-30,OperatingIncomeLoss RevenueFromContractWithCustomerExcludingAssessedTax,10-Q,2026-08-07
UHS,COMPLETED,0.6667,NET_MARGIN,0.084243,FRACTION,TRAILING_TWELVE_MONTHS,2026-06-30,NetIncomeLoss RevenueFromContractWithCustomerExcludingAssessedTax,10-Q,2026-08-07
UHS,COMPLETED,0.6667,RETURN_ON_EQUITY,0.203096,FRACTION,TRAILING_TWELVE_MONTHS,2026-06-30,NetIncomeLoss StockholdersEquity,10-Q,2026-08-07
UHS,COMPLETED,0.6667,RETURN_ON_ASSETS,0.095763,FRACTION,TRAILING_TWELVE_MONTHS,2026-06-30,NetIncomeLoss Assets,10-Q,2026-08-07
UHS,COMPLETED,0.6667,CURRENT_RATIO,1.115739,RATIO,POINT_IN_TIME,2026-06-30,AssetsCurrent LiabilitiesCurrent,10-Q,2026-08-07
UHS,COMPLETED,0.6667,REVENUE_GROWTH,0.090257,FRACTION,FISCAL_YEAR,2025-12-31,RevenueFromContractWithCustomerExcludingAssessedTax RevenueFromContractWithCustomerExcludingAssessedTax,10-K,2026-02-25
UHS,COMPLETED,0.6667,NET_INCOME_GROWTH,0.301307,FRACTION,FISCAL_YEAR,2025-12-31,NetIncomeLoss NetIncomeLoss,10-K,2026-02-25
UHS,COMPLETED,0.6667,SHARE_COUNT_GROWTH,-0.041228,FRACTION,FISCAL_YEAR,2025-12-31,WeightedAverageNumberOfDilutedSharesOutstanding WeightedAverageNumberOfDilutedSharesOutstanding,10-K,2026-02-25
ULTA,COMPLETED,1.0000,REVENUE,12955517000.000000,CURRENCY,TRAILING_TWELVE_MONTHS,2026-08-01,Revenues,10-Q,2026-08-27
ULTA,COMPLETED,1.0000,NET_INCOME,1210027000.000000,CURRENCY,TRAILING_TWELVE_MONTHS,2026-08-01,NetIncomeLoss,10-Q,2026-08-27
ULTA,COMPLETED,1.0000,FREE_CASH_FLOW,1149452000.000000,CURRENCY,TRAILING_TWELVE_MONTHS,2026-08-01,NetCashProvidedByUsedInOperatingActivities PaymentsToAcquirePropertyPlantAndEquipment,10-Q,2026-08-27
ULTA,COMPLETED,1.0000,FREE_CASH_FLOW_MARGIN,0.088723,FRACTION,TRAILING_TWELVE_MONTHS,2026-08-01,NetCashProvidedByUsedInOperatingActivities PaymentsToAcquirePropertyPlantAndEquipment Revenues,10-Q,2026-08-27
ULTA,COMPLETED,1.0000,GROSS_MARGIN,0.393182,FRACTION,TRAILING_TWELVE_MONTHS,2026-08-01,GrossProfit Revenues,10-Q,2026-08-27
ULTA,COMPLETED,1.0000,OPERATING_MARGIN,0.124600,FRACTION,TRAILING_TWELVE_MONTHS,2026-08-01,OperatingIncomeLoss Revenues,10-Q,2026-08-27
ULTA,COMPLETED,1.0000,NET_MARGIN,0.093399,FRACTION,TRAILING_TWELVE_MONTHS,2026-08-01,NetIncomeLoss Revenues,10-Q,2026-08-27
ULTA,COMPLETED,1.0000,RETURN_ON_EQUITY,0.457695,FRACTION,TRAILING_TWELVE_MONTHS,2026-08-01,NetIncomeLoss StockholdersEquity,10-Q,2026-08-27
ULTA,COMPLETED,1.0000,RETURN_ON_ASSETS,0.173756,FRACTION,TRAILING_TWELVE_MONTHS,2026-08-01,NetIncomeLoss Assets,10-Q,2026-08-27
ULTA,COMPLETED,1.0000,DEBT_TO_EQUITY,1.634127,RATIO,POINT_IN_TIME,2026-08-01,Liabilities StockholdersEquity,10-Q,2026-08-27
ULTA,COMPLETED,1.0000,CURRENT_RATIO,1.345087,RATIO,POINT_IN_TIME,2026-08-01,AssetsCurrent LiabilitiesCurrent,10-Q,2026-08-27
ULTA,COMPLETED,1.0000,REVENUE_GROWTH,0.066764,FRACTION,FISCAL_YEAR,2026-01-31,Revenues Revenues,10-K,2026-03-26
ULTA,COMPLETED,1.0000,NET_INCOME_GROWTH,-0.024452,FRACTION,FISCAL_YEAR,2026-01-31,NetIncomeLoss NetIncomeLoss,10-K,2026-03-26
ULTA,COMPLETED,1.0000,SHARE_COUNT_GROWTH,-0.047556,FRACTION,FISCAL_YEAR,2026-01-31,WeightedAverageNumberOfDilutedSharesOutstanding WeightedAverageNumberOfDilutedSharesOutstanding,10-K,2026-03-26
ULTA,COMPLETED,1.0000,MARKET_CAPITALIZATION,22296738402.370003,CURRENCY,POINT_IN_TIME,2026-08-24,EntityCommonStockSharesOutstanding,10-Q,2026-08-27
ULTA,COMPLETED,1.0000,PRICE_EARNINGS_RATIO,18.426645,RATIO,TRAILING_TWELVE_MONTHS,2026-08-01,EntityCommonStockSharesOutstanding NetIncomeLoss,10-Q,2026-08-27
ULTA,COMPLETED,1.0000,PRICE_SALES_RATIO,1.721023,RATIO,TRAILING_TWELVE_MONTHS,2026-08-01,EntityCommonStockSharesOutstanding Revenues,10-Q,2026-08-27
ULTA,COMPLETED,1.0000,PRICE_FREE_CASH_FLOW_RATIO,19.397712,RATIO,TRAILING_TWELVE_MONTHS,2026-08-01,EntityCommonStockSharesOutstanding NetCashProvidedByUsedInOperatingActivities PaymentsToAcquirePropertyPlantAndEquipment,10-Q,2026-08-27
UNH,COMPLETED,0.8333,REVENUE,450129000000.000000,CURRENCY,TRAILING_TWELVE_MONTHS,2026-06-30,Revenues,10-Q,2026-08-10
UNH,COMPLETED,0.8333,NET_INCOME,14122000000.000000,CURRENCY,TRAILING_TWELVE_MONTHS,2026-06-30,NetIncomeLoss,10-Q,2026-08-10
UNH,COMPLETED,0.8333,FREE_CASH_FLOW,23617000000.000000,CURRENCY,TRAILING_TWELVE_MONTHS,2026-06-30,NetCashProvidedByUsedInOperatingActivities PaymentsToAcquirePropertyPlantAndEquipment,10-Q,2026-08-10
UNH,COMPLETED,0.8333,FREE_CASH_FLOW_MARGIN,0.052467,FRACTION,TRAILING_TWELVE_MONTHS,2026-06-30,NetCashProvidedByUsedInOperatingActivities PaymentsToAcquirePropertyPlantAndEquipment Revenues,10-Q,2026-08-10
UNH,COMPLETED,0.8333,OPERATING_MARGIN,0.048155,FRACTION,TRAILING_TWELVE_MONTHS,2026-06-30,OperatingIncomeLoss Revenues,10-Q,2026-08-10
UNH,COMPLETED,0.8333,NET_MARGIN,0.031373,FRACTION,TRAILING_TWELVE_MONTHS,2026-06-30,NetIncomeLoss Revenues,10-Q,2026-08-10
UNH,COMPLETED,0.8333,RETURN_ON_ASSETS,0.045595,FRACTION,TRAILING_TWELVE_MONTHS,2026-06-30,NetIncomeLoss Assets,10-Q,2026-08-10
UNH,COMPLETED,0.8333,CURRENT_RATIO,0.776784,RATIO,POINT_IN_TIME,2026-06-30,AssetsCurrent LiabilitiesCurrent,10-Q,2026-08-10
UNH,COMPLETED,0.8333,REVENUE_GROWTH,0.113522,FRACTION,FISCAL_YEAR,2025-12-31,Revenues Revenues,10-K,2026-03-02
UNH,COMPLETED,0.8333,NET_INCOME_GROWTH,-0.156940,FRACTION,FISCAL_YEAR,2025-12-31,NetIncomeLoss NetIncomeLoss,10-K,2026-03-02
UNH,COMPLETED,0.8333,SHARE_COUNT_GROWTH,-0.014497,FRACTION,FISCAL_YEAR,2025-12-31,WeightedAverageNumberOfDilutedSharesOutstanding WeightedAverageNumberOfDilutedSharesOutstanding,10-K,2026-03-02
UNH,COMPLETED,0.8333,MARKET_CAPITALIZATION,350035062484.590027,CURRENCY,POINT_IN_TIME,2026-07-31,EntityCommonStockSharesOutstanding,10-Q,2026-08-10
UNH,COMPLETED,0.8333,PRICE_EARNINGS_RATIO,24.786508,RATIO,TRAILING_TWELVE_MONTHS,2026-06-30,EntityCommonStockSharesOutstanding NetIncomeLoss,10-Q,2026-08-10
UNH,COMPLETED,0.8333,PRICE_SALES_RATIO,0.777633,RATIO,TRAILING_TWELVE_MONTHS,2026-06-30,EntityCommonStockSharesOutstanding Revenues,10-Q,2026-08-10
UNH,COMPLETED,0.8333,PRICE_FREE_CASH_FLOW_RATIO,14.821318,RATIO,TRAILING_TWELVE_MONTHS,2026-06-30,EntityCommonStockSharesOutstanding NetCashProvidedByUsedInOperatingActivities PaymentsToAcquirePropertyPlantAndEquipment,10-Q,2026-08-10
UPS,COMPLETED,0.6667,REVENUE,89930000000.000000,CURRENCY,TRAILING_TWELVE_MONTHS,2026-06-30,RevenueFromContractWithCustomerExcludingAssessedTax,10-Q,2026-08-05
UPS,COMPLETED,0.6667,NET_INCOME,4570000000.000000,CURRENCY,TRAILING_TWELVE_MONTHS,2026-06-30,NetIncomeLoss,10-Q,2026-08-05
UPS,COMPLETED,0.6667,FREE_CASH_FLOW,5457000000.000000,CURRENCY,TRAILING_TWELVE_MONTHS,2026-06-30,NetCashProvidedByUsedInOperatingActivities PaymentsToAcquirePropertyPlantAndEquipment,10-Q,2026-08-05
UPS,COMPLETED,0.6667,FREE_CASH_FLOW_MARGIN,0.060681,FRACTION,TRAILING_TWELVE_MONTHS,2026-06-30,NetCashProvidedByUsedInOperatingActivities PaymentsToAcquirePropertyPlantAndEquipment RevenueFromContractWithCustomerExcludingAssessedTax,10-Q,2026-08-05
UPS,COMPLETED,0.6667,OPERATING_MARGIN,0.073124,FRACTION,TRAILING_TWELVE_MONTHS,2026-06-30,OperatingIncomeLoss RevenueFromContractWithCustomerExcludingAssessedTax,10-Q,2026-08-05
UPS,COMPLETED,0.6667,NET_MARGIN,0.050817,FRACTION,TRAILING_TWELVE_MONTHS,2026-06-30,NetIncomeLoss RevenueFromContractWithCustomerExcludingAssessedTax,10-Q,2026-08-05
UPS,COMPLETED,0.6667,RETURN_ON_EQUITY,0.303312,FRACTION,TRAILING_TWELVE_MONTHS,2026-06-30,NetIncomeLoss StockholdersEquity,10-Q,2026-08-05
UPS,COMPLETED,0.6667,RETURN_ON_ASSETS,0.064125,FRACTION,TRAILING_TWELVE_MONTHS,2026-06-30,NetIncomeLoss Assets,10-Q,2026-08-05
UPS,COMPLETED,0.6667,CURRENT_RATIO,1.179020,RATIO,POINT_IN_TIME,2026-06-30,AssetsCurrent LiabilitiesCurrent,10-Q,2026-08-05
UPS,COMPLETED,0.6667,REVENUE_GROWTH,-0.040403,FRACTION,FISCAL_YEAR,2025-12-31,RevenueFromContractWithCustomerExcludingAssessedTax RevenueFromContractWithCustomerExcludingAssessedTax,10-K,2026-02-17
UPS,COMPLETED,0.6667,NET_INCOME_GROWTH,-0.215665,FRACTION,FISCAL_YEAR,2025-12-31,NetIncomeLoss NetIncomeLoss,10-K,2026-02-17
UPS,COMPLETED,0.6667,SHARE_COUNT_GROWTH,-0.005831,FRACTION,FISCAL_YEAR,2025-12-31,WeightedAverageNumberOfDilutedSharesOutstanding WeightedAverageNumberOfDilutedSharesOutstanding,10-K,2026-02-17
V,COMPLETED,0.5556,REVENUE,43027000000.000000,CURRENCY,TRAILING_TWELVE_MONTHS,2026-03-31,RevenueFromContractWithCustomerExcludingAssessedTax,10-Q,2026-04-29
V,COMPLETED,0.5556,NET_INCOME,22236000000.000000,CURRENCY,TRAILING_TWELVE_MONTHS,2026-03-31,NetIncomeLoss,10-Q,2026-04-29
V,COMPLETED,0.5556,FREE_CASH_FLOW,21185000000.000000,CURRENCY,TRAILING_TWELVE_MONTHS,2026-03-31,NetCashProvidedByUsedInOperatingActivities PaymentsToAcquireProductiveAssets,10-Q,2026-04-29
V,COMPLETED,0.5556,FREE_CASH_FLOW_MARGIN,0.492365,FRACTION,TRAILING_TWELVE_MONTHS,2026-03-31,NetCashProvidedByUsedInOperatingActivities PaymentsToAcquireProductiveAssets RevenueFromContractWithCustomerExcludingAssessedTax,10-Q,2026-04-29
V,COMPLETED,0.5556,OPERATING_MARGIN,0.611151,FRACTION,TRAILING_TWELVE_MONTHS,2026-03-31,OperatingIncomeLoss RevenueFromContractWithCustomerExcludingAssessedTax,10-Q,2026-04-29
V,COMPLETED,0.5556,NET_MARGIN,0.516792,FRACTION,TRAILING_TWELVE_MONTHS,2026-03-31,NetIncomeLoss RevenueFromContractWithCustomerExcludingAssessedTax,10-Q,2026-04-29
V,COMPLETED,0.5556,RETURN_ON_ASSETS,0.233942,FRACTION,TRAILING_TWELVE_MONTHS,2026-03-31,NetIncomeLoss Assets,10-Q,2026-04-29
V,COMPLETED,0.5556,CURRENT_RATIO,1.087667,RATIO,POINT_IN_TIME,2026-03-31,AssetsCurrent LiabilitiesCurrent,10-Q,2026-04-29
V,COMPLETED,0.5556,REVENUE_GROWTH,0.109212,FRACTION,FISCAL_YEAR,2025-09-30,RevenueFromContractWithCustomerExcludingAssessedTax RevenueFromContractWithCustomerExcludingAssessedTax,10-K,2025-11-06
V,COMPLETED,0.5556,NET_INCOME_GROWTH,0.102760,FRACTION,FISCAL_YEAR,2025-09-30,NetIncomeLoss NetIncomeLoss,10-K,2025-11-06
VEEV,COMPLETED,0.8333,REVENUE,3458098000.000000,CURRENCY,TRAILING_TWELVE_MONTHS,2026-07-31,RevenueFromContractWithCustomerExcludingAssessedTax,10-Q,2026-08-27
VEEV,COMPLETED,0.8333,NET_INCOME,1014772000.000000,CURRENCY,TRAILING_TWELVE_MONTHS,2026-07-31,NetIncomeLoss,10-Q,2026-08-27
VEEV,COMPLETED,0.8333,GROSS_MARGIN,0.749609,FRACTION,TRAILING_TWELVE_MONTHS,2026-07-31,GrossProfit RevenueFromContractWithCustomerExcludingAssessedTax,10-Q,2026-08-27
VEEV,COMPLETED,0.8333,OPERATING_MARGIN,0.299257,FRACTION,TRAILING_TWELVE_MONTHS,2026-07-31,OperatingIncomeLoss RevenueFromContractWithCustomerExcludingAssessedTax,10-Q,2026-08-27
VEEV,COMPLETED,0.8333,NET_MARGIN,0.293448,FRACTION,TRAILING_TWELVE_MONTHS,2026-07-31,NetIncomeLoss RevenueFromContractWithCustomerExcludingAssessedTax,10-Q,2026-08-27
VEEV,COMPLETED,0.8333,RETURN_ON_EQUITY,0.136551,FRACTION,TRAILING_TWELVE_MONTHS,2026-07-31,NetIncomeLoss StockholdersEquity,10-Q,2026-08-27
VEEV,COMPLETED,0.8333,RETURN_ON_ASSETS,0.112003,FRACTION,TRAILING_TWELVE_MONTHS,2026-07-31,NetIncomeLoss Assets,10-Q,2026-08-27
VEEV,COMPLETED,0.8333,DEBT_TO_EQUITY,0.219173,RATIO,POINT_IN_TIME,2026-07-31,Liabilities StockholdersEquity,10-Q,2026-08-27
VEEV,COMPLETED,0.8333,CURRENT_RATIO,5.457761,RATIO,POINT_IN_TIME,2026-07-31,AssetsCurrent LiabilitiesCurrent,10-Q,2026-08-27
VEEV,COMPLETED,0.8333,REVENUE_GROWTH,0.140297,FRACTION,FISCAL_YEAR,2026-01-31,RevenueFromContractWithCustomerExcludingAssessedTax RevenueFromContractWithCustomerExcludingAssessedTax,10-K,2026-03-20
VEEV,COMPLETED,0.8333,NET_INCOME_GROWTH,0.230610,FRACTION,FISCAL_YEAR,2026-01-31,NetIncomeLoss NetIncomeLoss,10-K,2026-03-20
VEEV,COMPLETED,0.8333,SHARE_COUNT_GROWTH,0.010675,FRACTION,FISCAL_YEAR,2026-01-31,WeightedAverageNumberOfDilutedSharesOutstanding WeightedAverageNumberOfDilutedSharesOutstanding,10-K,2026-03-20
VEEV,COMPLETED,0.8333,MARKET_CAPITALIZATION,40138823003.500000,CURRENCY,POINT_IN_TIME,2026-08-25,EntityCommonStockSharesOutstanding,10-Q,2026-08-27
VEEV,COMPLETED,0.8333,PRICE_EARNINGS_RATIO,39.554524,RATIO,TRAILING_TWELVE_MONTHS,2026-07-31,EntityCommonStockSharesOutstanding NetIncomeLoss,10-Q,2026-08-27
VEEV,COMPLETED,0.8333,PRICE_SALES_RATIO,11.607197,RATIO,TRAILING_TWELVE_MONTHS,2026-07-31,EntityCommonStockSharesOutstanding RevenueFromContractWithCustomerExcludingAssessedTax,10-Q,2026-08-27
VRTX,COMPLETED,0.9444,REVENUE,12587200000.000000,CURRENCY,TRAILING_TWELVE_MONTHS,2026-06-30,RevenueFromContractWithCustomerExcludingAssessedTax,10-Q,2026-08-04
VRTX,COMPLETED,0.9444,NET_INCOME,4405200000.000000,CURRENCY,TRAILING_TWELVE_MONTHS,2026-06-30,NetIncomeLoss,10-Q,2026-08-04
VRTX,COMPLETED,0.9444,FREE_CASH_FLOW,3796100000.000000,CURRENCY,TRAILING_TWELVE_MONTHS,2026-06-30,NetCashProvidedByUsedInOperatingActivities PaymentsToAcquirePropertyPlantAndEquipment,10-Q,2026-08-04
VRTX,COMPLETED,0.9444,FREE_CASH_FLOW_MARGIN,0.301584,FRACTION,TRAILING_TWELVE_MONTHS,2026-06-30,NetCashProvidedByUsedInOperatingActivities PaymentsToAcquirePropertyPlantAndEquipment RevenueFromContractWithCustomerExcludingAssessedTax,10-Q,2026-08-04
VRTX,COMPLETED,0.9444,OPERATING_MARGIN,0.379520,FRACTION,TRAILING_TWELVE_MONTHS,2026-06-30,OperatingIncomeLoss RevenueFromContractWithCustomerExcludingAssessedTax,10-Q,2026-08-04
VRTX,COMPLETED,0.9444,NET_MARGIN,0.349975,FRACTION,TRAILING_TWELVE_MONTHS,2026-06-30,NetIncomeLoss RevenueFromContractWithCustomerExcludingAssessedTax,10-Q,2026-08-04
VRTX,COMPLETED,0.9444,RETURN_ON_EQUITY,0.217563,FRACTION,TRAILING_TWELVE_MONTHS,2026-06-30,NetIncomeLoss StockholdersEquity,10-Q,2026-08-04
VRTX,COMPLETED,0.9444,RETURN_ON_ASSETS,0.160637,FRACTION,TRAILING_TWELVE_MONTHS,2026-06-30,NetIncomeLoss Assets,10-Q,2026-08-04
VRTX,COMPLETED,0.9444,DEBT_TO_EQUITY,0.354377,RATIO,POINT_IN_TIME,2026-06-30,Liabilities StockholdersEquity,10-Q,2026-08-04
VRTX,COMPLETED,0.9444,CURRENT_RATIO,3.185378,RATIO,POINT_IN_TIME,2026-06-30,AssetsCurrent LiabilitiesCurrent,10-Q,2026-08-04
VRTX,COMPLETED,0.9444,REVENUE_GROWTH,0.103522,FRACTION,FISCAL_YEAR,2025-12-31,RevenueFromContractWithCustomerExcludingAssessedTax RevenueFromContractWithCustomerExcludingAssessedTax,10-K,2026-02-13
VRTX,COMPLETED,0.9444,NET_INCOME_GROWTH,0.059700,FRACTION,FISCAL_YEAR,2025-12-31,NetIncomeLoss NetIncomeLoss,10-K,2026-02-13
VRTX,COMPLETED,0.9444,SHARE_COUNT_GROWTH,-0.004810,FRACTION,FISCAL_YEAR,2025-12-31,WeightedAverageNumberOfDilutedSharesOutstanding WeightedAverageNumberOfDilutedSharesOutstanding,10-K,2026-02-13
VRTX,COMPLETED,0.9444,MARKET_CAPITALIZATION,138924467053.640015,CURRENCY,POINT_IN_TIME,2026-07-31,EntityCommonStockSharesOutstanding,10-Q,2026-08-04
VRTX,COMPLETED,0.9444,PRICE_EARNINGS_RATIO,31.536472,RATIO,TRAILING_TWELVE_MONTHS,2026-06-30,EntityCommonStockSharesOutstanding NetIncomeLoss,10-Q,2026-08-04
VRTX,COMPLETED,0.9444,PRICE_SALES_RATIO,11.036964,RATIO,TRAILING_TWELVE_MONTHS,2026-06-30,EntityCommonStockSharesOutstanding RevenueFromContractWithCustomerExcludingAssessedTax,10-Q,2026-08-04
VRTX,COMPLETED,0.9444,PRICE_FREE_CASH_FLOW_RATIO,36.596630,RATIO,TRAILING_TWELVE_MONTHS,2026-06-30,EntityCommonStockSharesOutstanding NetCashProvidedByUsedInOperatingActivities PaymentsToAcquirePropertyPlantAndEquipment,10-Q,2026-08-04
VZ,COMPLETED,0.6667,REVENUE,138895000000.000000,CURRENCY,TRAILING_TWELVE_MONTHS,2026-06-30,Revenues,10-Q,2026-07-31
VZ,COMPLETED,0.6667,NET_INCOME,16172000000.000000,CURRENCY,TRAILING_TWELVE_MONTHS,2026-06-30,NetIncomeLoss,10-Q,2026-07-31
VZ,COMPLETED,0.6667,OPERATING_MARGIN,0.205407,FRACTION,TRAILING_TWELVE_MONTHS,2026-06-30,OperatingIncomeLoss Revenues,10-Q,2026-07-31
VZ,COMPLETED,0.6667,NET_MARGIN,0.116433,FRACTION,TRAILING_TWELVE_MONTHS,2026-06-30,NetIncomeLoss Revenues,10-Q,2026-07-31
VZ,COMPLETED,0.6667,RETURN_ON_ASSETS,0.039426,FRACTION,TRAILING_TWELVE_MONTHS,2026-06-30,NetIncomeLoss Assets,10-Q,2026-07-31
VZ,COMPLETED,0.6667,CURRENT_RATIO,0.603929,RATIO,POINT_IN_TIME,2026-06-30,AssetsCurrent LiabilitiesCurrent,10-Q,2026-07-31
VZ,COMPLETED,0.6667,REVENUE_GROWTH,0.003292,FRACTION,FISCAL_YEAR,2025-12-31,Revenues Revenues,10-K,2026-02-17
VZ,COMPLETED,0.6667,NET_INCOME_GROWTH,-0.068613,FRACTION,FISCAL_YEAR,2025-12-31,NetIncomeLoss NetIncomeLoss,10-K,2026-02-17
VZ,COMPLETED,0.6667,SHARE_COUNT_GROWTH,0.001896,FRACTION,FISCAL_YEAR,2025-12-31,WeightedAverageNumberOfDilutedSharesOutstanding WeightedAverageNumberOfDilutedSharesOutstanding,10-K,2026-02-17
VZ,COMPLETED,0.6667,MARKET_CAPITALIZATION,205453633738.900024,CURRENCY,POINT_IN_TIME,2026-06-30,EntityCommonStockSharesOutstanding,10-Q,2026-07-31
VZ,COMPLETED,0.6667,PRICE_EARNINGS_RATIO,12.704281,RATIO,TRAILING_TWELVE_MONTHS,2026-06-30,EntityCommonStockSharesOutstanding NetIncomeLoss,10-Q,2026-07-31
VZ,COMPLETED,0.6667,PRICE_SALES_RATIO,1.479201,RATIO,TRAILING_TWELVE_MONTHS,2026-06-30,EntityCommonStockSharesOutstanding Revenues,10-Q,2026-07-31
WDAY,COMPLETED,0.6667,REVENUE,10155000000.000000,CURRENCY,TRAILING_TWELVE_MONTHS,2026-07-31,RevenueFromContractWithCustomerExcludingAssessedTax,10-Q,2026-08-27
WDAY,COMPLETED,0.6667,NET_INCOME,1251000000.000000,CURRENCY,TRAILING_TWELVE_MONTHS,2026-07-31,NetIncomeLoss,10-Q,2026-08-27
WDAY,COMPLETED,0.6667,FREE_CASH_FLOW,2844000000.000000,CURRENCY,TRAILING_TWELVE_MONTHS,2026-07-31,NetCashProvidedByUsedInOperatingActivities PaymentsToAcquirePropertyPlantAndEquipment,10-Q,2026-08-27
WDAY,COMPLETED,0.6667,FREE_CASH_FLOW_MARGIN,0.280059,FRACTION,TRAILING_TWELVE_MONTHS,2026-07-31,NetCashProvidedByUsedInOperatingActivities PaymentsToAcquirePropertyPlantAndEquipment RevenueFromContractWithCustomerExcludingAssessedTax,10-Q,2026-08-27
WDAY,COMPLETED,0.6667,OPERATING_MARGIN,0.106844,FRACTION,TRAILING_TWELVE_MONTHS,2026-07-31,OperatingIncomeLoss RevenueFromContractWithCustomerExcludingAssessedTax,10-Q,2026-08-27
WDAY,COMPLETED,0.6667,NET_MARGIN,0.123191,FRACTION,TRAILING_TWELVE_MONTHS,2026-07-31,NetIncomeLoss RevenueFromContractWithCustomerExcludingAssessedTax,10-Q,2026-08-27
WDAY,COMPLETED,0.6667,RETURN_ON_EQUITY,0.193653,FRACTION,TRAILING_TWELVE_MONTHS,2026-07-31,NetIncomeLoss StockholdersEquity,10-Q,2026-08-27
WDAY,COMPLETED,0.6667,RETURN_ON_ASSETS,0.078893,FRACTION,TRAILING_TWELVE_MONTHS,2026-07-31,NetIncomeLoss Assets,10-Q,2026-08-27
WDAY,COMPLETED,0.6667,DEBT_TO_EQUITY,1.454644,RATIO,POINT_IN_TIME,2026-07-31,Liabilities StockholdersEquity,10-Q,2026-08-27
WDAY,COMPLETED,0.6667,CURRENT_RATIO,0.908109,RATIO,POINT_IN_TIME,2026-07-31,AssetsCurrent LiabilitiesCurrent,10-Q,2026-08-27
WDAY,COMPLETED,0.6667,REVENUE_GROWTH,0.153970,FRACTION,FISCAL_YEAR,2026-01-31,RevenueFromContractWithCustomerExcludingAssessedTax RevenueFromContractWithCustomerExcludingAssessedTax,10-K,2026-03-06
WDAY,COMPLETED,0.6667,SHARE_COUNT_GROWTH,0.005323,FRACTION,FISCAL_YEAR,2026-01-31,WeightedAverageNumberOfDilutedSharesOutstanding WeightedAverageNumberOfDilutedSharesOutstanding,10-K,2026-03-06
WFC,COMPLETED,0.6667,REVENUE,86796000000.000000,CURRENCY,TRAILING_TWELVE_MONTHS,2026-06-30,RevenuesNetOfInterestExpense,10-Q,2026-07-28
WFC,COMPLETED,0.6667,NET_INCOME,22610000000.000000,CURRENCY,TRAILING_TWELVE_MONTHS,2026-06-30,NetIncomeLoss,10-Q,2026-07-28
WFC,COMPLETED,0.6667,NET_MARGIN,0.260496,FRACTION,TRAILING_TWELVE_MONTHS,2026-06-30,NetIncomeLoss RevenuesNetOfInterestExpense,10-Q,2026-07-28
WFC,COMPLETED,0.6667,RETURN_ON_EQUITY,0.125479,FRACTION,TRAILING_TWELVE_MONTHS,2026-06-30,NetIncomeLoss StockholdersEquity,10-Q,2026-07-28
WFC,COMPLETED,0.6667,RETURN_ON_ASSETS,0.009907,FRACTION,TRAILING_TWELVE_MONTHS,2026-06-30,NetIncomeLoss Assets,10-Q,2026-07-28
WFC,COMPLETED,0.6667,DEBT_TO_EQUITY,11.653688,RATIO,POINT_IN_TIME,2026-06-30,Liabilities StockholdersEquity,10-Q,2026-07-28
WFC,COMPLETED,0.6667,REVENUE_GROWTH,0.040187,FRACTION,FISCAL_YEAR,2025-12-31,RevenuesNetOfInterestExpense RevenuesNetOfInterestExpense,10-K,2026-02-24
WFC,COMPLETED,0.6667,NET_INCOME_GROWTH,0.159812,FRACTION,FISCAL_YEAR,2025-12-31,NetIncomeLoss NetIncomeLoss,10-K,2026-02-24
WFC,COMPLETED,0.6667,SHARE_COUNT_GROWTH,-0.066462,FRACTION,FISCAL_YEAR,2025-12-31,WeightedAverageNumberOfDilutedSharesOutstanding WeightedAverageNumberOfDilutedSharesOutstanding,10-K,2026-02-24
WFC,COMPLETED,0.6667,MARKET_CAPITALIZATION,253532104330.240021,CURRENCY,POINT_IN_TIME,2026-07-17,EntityCommonStockSharesOutstanding,10-Q,2026-07-28
WFC,COMPLETED,0.6667,PRICE_EARNINGS_RATIO,11.213273,RATIO,TRAILING_TWELVE_MONTHS,2026-06-30,EntityCommonStockSharesOutstanding NetIncomeLoss,10-Q,2026-07-28
WFC,COMPLETED,0.6667,PRICE_SALES_RATIO,2.921011,RATIO,TRAILING_TWELVE_MONTHS,2026-06-30,EntityCommonStockSharesOutstanding RevenuesNetOfInterestExpense,10-Q,2026-07-28
WM,COMPLETED,0.9444,REVENUE,25667000000.000000,CURRENCY,TRAILING_TWELVE_MONTHS,2026-06-30,RevenueFromContractWithCustomerExcludingAssessedTax,10-Q,2026-07-29
WM,COMPLETED,0.9444,NET_INCOME,2853000000.000000,CURRENCY,TRAILING_TWELVE_MONTHS,2026-06-30,NetIncomeLoss,10-Q,2026-07-29
WM,COMPLETED,0.9444,FREE_CASH_FLOW,3573000000.000000,CURRENCY,TRAILING_TWELVE_MONTHS,2026-06-30,NetCashProvidedByUsedInOperatingActivities PaymentsToAcquireProductiveAssets,10-Q,2026-07-29
WM,COMPLETED,0.9444,FREE_CASH_FLOW_MARGIN,0.139206,FRACTION,TRAILING_TWELVE_MONTHS,2026-06-30,NetCashProvidedByUsedInOperatingActivities PaymentsToAcquireProductiveAssets RevenueFromContractWithCustomerExcludingAssessedTax,10-Q,2026-07-29
WM,COMPLETED,0.9444,OPERATING_MARGIN,0.175712,FRACTION,TRAILING_TWELVE_MONTHS,2026-06-30,OperatingIncomeLoss RevenueFromContractWithCustomerExcludingAssessedTax,10-Q,2026-07-29
WM,COMPLETED,0.9444,NET_MARGIN,0.111154,FRACTION,TRAILING_TWELVE_MONTHS,2026-06-30,NetIncomeLoss RevenueFromContractWithCustomerExcludingAssessedTax,10-Q,2026-07-29
WM,COMPLETED,0.9444,RETURN_ON_EQUITY,0.287456,FRACTION,TRAILING_TWELVE_MONTHS,2026-06-30,NetIncomeLoss StockholdersEquity,10-Q,2026-07-29
WM,COMPLETED,0.9444,RETURN_ON_ASSETS,0.061433,FRACTION,TRAILING_TWELVE_MONTHS,2026-06-30,NetIncomeLoss Assets,10-Q,2026-07-29
WM,COMPLETED,0.9444,DEBT_TO_EQUITY,3.679093,RATIO,POINT_IN_TIME,2026-06-30,Liabilities StockholdersEquity,10-Q,2026-07-29
WM,COMPLETED,0.9444,CURRENT_RATIO,0.907364,RATIO,POINT_IN_TIME,2026-06-30,AssetsCurrent LiabilitiesCurrent,10-Q,2026-07-29
WM,COMPLETED,0.9444,REVENUE_GROWTH,0.085632,FRACTION,FISCAL_YEAR,2025-12-31,RevenueFromContractWithCustomerExcludingAssessedTax RevenueFromContractWithCustomerExcludingAssessedTax,10-K,2026-02-09
WM,COMPLETED,0.9444,NET_INCOME_GROWTH,0.065605,FRACTION,FISCAL_YEAR,2025-12-31,NetIncomeLoss NetIncomeLoss,10-K,2026-02-09
WM,COMPLETED,0.9444,SHARE_COUNT_GROWTH,-0.003323,FRACTION,FISCAL_YEAR,2025-12-31,WeightedAverageNumberOfDilutedSharesOutstanding WeightedAverageNumberOfDilutedSharesOutstanding,10-K,2026-02-09
WM,COMPLETED,0.9444,MARKET_CAPITALIZATION,89560184127.039993,CURRENCY,POINT_IN_TIME,2026-07-24,EntityCommonStockSharesOutstanding,10-Q,2026-07-29
WM,COMPLETED,0.9444,PRICE_EARNINGS_RATIO,31.391582,RATIO,TRAILING_TWELVE_MONTHS,2026-06-30,EntityCommonStockSharesOutstanding NetIncomeLoss,10-Q,2026-07-29
WM,COMPLETED,0.9444,PRICE_SALES_RATIO,3.489313,RATIO,TRAILING_TWELVE_MONTHS,2026-06-30,EntityCommonStockSharesOutstanding RevenueFromContractWithCustomerExcludingAssessedTax,10-Q,2026-07-29
WM,COMPLETED,0.9444,PRICE_FREE_CASH_FLOW_RATIO,25.065823,RATIO,TRAILING_TWELVE_MONTHS,2026-06-30,EntityCommonStockSharesOutstanding NetCashProvidedByUsedInOperatingActivities PaymentsToAcquireProductiveAssets,10-Q,2026-07-29
WMT,COMPLETED,0.8889,REVENUE,735840000000.000000,CURRENCY,TRAILING_TWELVE_MONTHS,2026-07-31,Revenues,10-Q,2026-08-28
WMT,COMPLETED,0.8889,NET_INCOME,22076000000.000000,CURRENCY,TRAILING_TWELVE_MONTHS,2026-07-31,NetIncomeLoss,10-Q,2026-08-28
WMT,COMPLETED,0.8889,FREE_CASH_FLOW,13509000000.000000,CURRENCY,TRAILING_TWELVE_MONTHS,2026-07-31,NetCashProvidedByUsedInOperatingActivities PaymentsToAcquirePropertyPlantAndEquipment,10-Q,2026-08-28
WMT,COMPLETED,0.8889,FREE_CASH_FLOW_MARGIN,0.018359,FRACTION,TRAILING_TWELVE_MONTHS,2026-07-31,NetCashProvidedByUsedInOperatingActivities PaymentsToAcquirePropertyPlantAndEquipment Revenues,10-Q,2026-08-28
WMT,COMPLETED,0.8889,OPERATING_MARGIN,0.043868,FRACTION,TRAILING_TWELVE_MONTHS,2026-07-31,OperatingIncomeLoss Revenues,10-Q,2026-08-28
WMT,COMPLETED,0.8889,NET_MARGIN,0.030001,FRACTION,TRAILING_TWELVE_MONTHS,2026-07-31,NetIncomeLoss Revenues,10-Q,2026-08-28
WMT,COMPLETED,0.8889,RETURN_ON_EQUITY,0.224720,FRACTION,TRAILING_TWELVE_MONTHS,2026-07-31,NetIncomeLoss StockholdersEquity,10-Q,2026-08-28
WMT,COMPLETED,0.8889,RETURN_ON_ASSETS,0.075110,FRACTION,TRAILING_TWELVE_MONTHS,2026-07-31,NetIncomeLoss Assets,10-Q,2026-08-28
WMT,COMPLETED,0.8889,CURRENT_RATIO,0.767128,RATIO,POINT_IN_TIME,2026-07-31,AssetsCurrent LiabilitiesCurrent,10-Q,2026-08-28
WMT,COMPLETED,0.8889,REVENUE_GROWTH,0.052723,FRACTION,FISCAL_YEAR,2026-01-31,Revenues Revenues,10-K,2026-03-13
WMT,COMPLETED,0.8889,NET_INCOME_GROWTH,0.232975,FRACTION,FISCAL_YEAR,2026-01-31,NetIncomeLoss NetIncomeLoss,10-K,2026-03-13
WMT,COMPLETED,0.8889,SHARE_COUNT_GROWTH,-0.005318,FRACTION,FISCAL_YEAR,2026-01-31,WeightedAverageNumberOfDilutedSharesOutstanding WeightedAverageNumberOfDilutedSharesOutstanding,10-K,2026-03-13
WMT,COMPLETED,0.8889,MARKET_CAPITALIZATION,822808822654.109985,CURRENCY,POINT_IN_TIME,2026-08-26,EntityCommonStockSharesOutstanding,10-Q,2026-08-28
WMT,COMPLETED,0.8889,PRICE_EARNINGS_RATIO,37.271644,RATIO,TRAILING_TWELVE_MONTHS,2026-07-31,EntityCommonStockSharesOutstanding NetIncomeLoss,10-Q,2026-08-28
WMT,COMPLETED,0.8889,PRICE_SALES_RATIO,1.118190,RATIO,TRAILING_TWELVE_MONTHS,2026-07-31,EntityCommonStockSharesOutstanding Revenues,10-Q,2026-08-28
WMT,COMPLETED,0.8889,PRICE_FREE_CASH_FLOW_RATIO,60.908196,RATIO,TRAILING_TWELVE_MONTHS,2026-07-31,EntityCommonStockSharesOutstanding NetCashProvidedByUsedInOperatingActivities PaymentsToAcquirePropertyPlantAndEquipment,10-Q,2026-08-28
WSO,COMPLETED,0.7222,REVENUE,7283631000.000000,CURRENCY,TRAILING_TWELVE_MONTHS,2026-06-30,Revenues,10-Q,2026-08-07
WSO,COMPLETED,0.7222,NET_INCOME,475730000.000000,CURRENCY,TRAILING_TWELVE_MONTHS,2026-06-30,NetIncomeLoss,10-Q,2026-08-07
WSO,COMPLETED,0.7222,FREE_CASH_FLOW,697141000.000000,CURRENCY,TRAILING_TWELVE_MONTHS,2026-06-30,NetCashProvidedByUsedInOperatingActivities PaymentsToAcquirePropertyPlantAndEquipment,10-Q,2026-08-07
WSO,COMPLETED,0.7222,FREE_CASH_FLOW_MARGIN,0.095713,FRACTION,TRAILING_TWELVE_MONTHS,2026-06-30,NetCashProvidedByUsedInOperatingActivities PaymentsToAcquirePropertyPlantAndEquipment Revenues,10-Q,2026-08-07
WSO,COMPLETED,0.7222,GROSS_MARGIN,0.275115,FRACTION,TRAILING_TWELVE_MONTHS,2026-06-30,GrossProfit Revenues,10-Q,2026-08-07
WSO,COMPLETED,0.7222,OPERATING_MARGIN,0.094025,FRACTION,TRAILING_TWELVE_MONTHS,2026-06-30,OperatingIncomeLoss Revenues,10-Q,2026-08-07
WSO,COMPLETED,0.7222,NET_MARGIN,0.065315,FRACTION,TRAILING_TWELVE_MONTHS,2026-06-30,NetIncomeLoss Revenues,10-Q,2026-08-07
WSO,COMPLETED,0.7222,RETURN_ON_EQUITY,0.158873,FRACTION,TRAILING_TWELVE_MONTHS,2026-06-30,NetIncomeLoss StockholdersEquity,10-Q,2026-08-07
WSO,COMPLETED,0.7222,RETURN_ON_ASSETS,0.093561,FRACTION,TRAILING_TWELVE_MONTHS,2026-06-30,NetIncomeLoss Assets,10-Q,2026-08-07
WSO,COMPLETED,0.7222,CURRENT_RATIO,3.198907,RATIO,POINT_IN_TIME,2026-06-30,AssetsCurrent LiabilitiesCurrent,10-Q,2026-08-07
WSO,COMPLETED,0.7222,REVENUE_GROWTH,-0.001609,FRACTION,FISCAL_YEAR,2025-12-31,Revenues Revenues,10-K,2026-02-27
WSO,COMPLETED,0.7222,NET_INCOME_GROWTH,-0.061462,FRACTION,FISCAL_YEAR,2025-12-31,NetIncomeLoss NetIncomeLoss,10-K,2026-02-27
WSO,COMPLETED,0.7222,SHARE_COUNT_GROWTH,0.018554,FRACTION,FISCAL_YEAR,2025-12-31,WeightedAverageNumberOfDilutedSharesOutstanding WeightedAverageNumberOfDilutedSharesOutstanding,10-K,2026-02-27
WST,COMPLETED,1.0000,REVENUE,3326800000.000000,CURRENCY,TRAILING_TWELVE_MONTHS,2026-06-30,RevenueFromContractWithCustomerExcludingAssessedTax,10-Q,2026-07-23
WST,COMPLETED,1.0000,NET_INCOME,564900000.000000,CURRENCY,TRAILING_TWELVE_MONTHS,2026-06-30,NetIncomeLoss,10-Q,2026-07-23
WST,COMPLETED,1.0000,FREE_CASH_FLOW,436900000.000000,CURRENCY,TRAILING_TWELVE_MONTHS,2026-06-30,NetCashProvidedByUsedInOperatingActivities PaymentsToAcquirePropertyPlantAndEquipment,10-Q,2026-07-23
WST,COMPLETED,1.0000,FREE_CASH_FLOW_MARGIN,0.131327,FRACTION,TRAILING_TWELVE_MONTHS,2026-06-30,NetCashProvidedByUsedInOperatingActivities PaymentsToAcquirePropertyPlantAndEquipment RevenueFromContractWithCustomerExcludingAssessedTax,10-Q,2026-07-23
WST,COMPLETED,1.0000,GROSS_MARGIN,0.367861,FRACTION,TRAILING_TWELVE_MONTHS,2026-06-30,GrossProfit RevenueFromContractWithCustomerExcludingAssessedTax,10-Q,2026-07-23
WST,COMPLETED,1.0000,OPERATING_MARGIN,0.204521,FRACTION,TRAILING_TWELVE_MONTHS,2026-06-30,OperatingIncomeLoss RevenueFromContractWithCustomerExcludingAssessedTax,10-Q,2026-07-23
WST,COMPLETED,1.0000,NET_MARGIN,0.169803,FRACTION,TRAILING_TWELVE_MONTHS,2026-06-30,NetIncomeLoss RevenueFromContractWithCustomerExcludingAssessedTax,10-Q,2026-07-23
WST,COMPLETED,1.0000,RETURN_ON_EQUITY,0.188917,FRACTION,TRAILING_TWELVE_MONTHS,2026-06-30,NetIncomeLoss StockholdersEquity,10-Q,2026-07-23
WST,COMPLETED,1.0000,RETURN_ON_ASSETS,0.138578,FRACTION,TRAILING_TWELVE_MONTHS,2026-06-30,NetIncomeLoss Assets,10-Q,2026-07-23
WST,COMPLETED,1.0000,DEBT_TO_EQUITY,0.363253,RATIO,POINT_IN_TIME,2026-06-30,Liabilities StockholdersEquity,10-Q,2026-07-23
WST,COMPLETED,1.0000,CURRENT_RATIO,2.822014,RATIO,POINT_IN_TIME,2026-06-30,AssetsCurrent LiabilitiesCurrent,10-Q,2026-07-23
WST,COMPLETED,1.0000,REVENUE_GROWTH,0.021164,FRACTION,FISCAL_YEAR,2025-12-31,Revenues RevenueFromContractWithCustomerExcludingAssessedTax,10-K,2026-02-17
WST,COMPLETED,1.0000,NET_INCOME_GROWTH,-0.055476,FRACTION,FISCAL_YEAR,2025-12-31,NetIncomeLoss NetIncomeLoss,10-K,2026-02-17
WST,COMPLETED,1.0000,SHARE_COUNT_GROWTH,-0.017416,FRACTION,FISCAL_YEAR,2025-12-31,WeightedAverageNumberOfDilutedSharesOutstanding WeightedAverageNumberOfDilutedSharesOutstanding,10-K,2026-02-17
WST,COMPLETED,1.0000,MARKET_CAPITALIZATION,24853200350.299999,CURRENCY,POINT_IN_TIME,2026-07-20,EntityCommonStockSharesOutstanding,10-Q,2026-07-23
WST,COMPLETED,1.0000,PRICE_EARNINGS_RATIO,43.995752,RATIO,TRAILING_TWELVE_MONTHS,2026-06-30,EntityCommonStockSharesOutstanding NetIncomeLoss,10-Q,2026-07-23
WST,COMPLETED,1.0000,PRICE_SALES_RATIO,7.470602,RATIO,TRAILING_TWELVE_MONTHS,2026-06-30,EntityCommonStockSharesOutstanding RevenueFromContractWithCustomerExcludingAssessedTax,10-Q,2026-07-23
WST,COMPLETED,1.0000,PRICE_FREE_CASH_FLOW_RATIO,56.885329,RATIO,TRAILING_TWELVE_MONTHS,2026-06-30,EntityCommonStockSharesOutstanding NetCashProvidedByUsedInOperatingActivities PaymentsToAcquirePropertyPlantAndEquipment,10-Q,2026-07-23
WTRG,COMPLETED,0.7222,REVENUE,2568695000.000000,CURRENCY,TRAILING_TWELVE_MONTHS,2026-06-30,Revenues,10-Q,2026-08-05
WTRG,COMPLETED,0.7222,NET_INCOME,554870000.000000,CURRENCY,TRAILING_TWELVE_MONTHS,2026-06-30,NetIncomeLoss,10-Q,2026-08-05
WTRG,COMPLETED,0.7222,OPERATING_MARGIN,0.350640,FRACTION,TRAILING_TWELVE_MONTHS,2026-06-30,OperatingIncomeLoss Revenues,10-Q,2026-08-05
WTRG,COMPLETED,0.7222,NET_MARGIN,0.216012,FRACTION,TRAILING_TWELVE_MONTHS,2026-06-30,NetIncomeLoss Revenues,10-Q,2026-08-05
WTRG,COMPLETED,0.7222,RETURN_ON_EQUITY,0.079061,FRACTION,TRAILING_TWELVE_MONTHS,2026-06-30,NetIncomeLoss StockholdersEquity,10-Q,2026-08-05
WTRG,COMPLETED,0.7222,RETURN_ON_ASSETS,0.027824,FRACTION,TRAILING_TWELVE_MONTHS,2026-06-30,NetIncomeLoss Assets,10-Q,2026-08-05
WTRG,COMPLETED,0.7222,CURRENT_RATIO,0.776824,RATIO,POINT_IN_TIME,2026-06-30,AssetsCurrent LiabilitiesCurrent,10-Q,2026-08-05
WTRG,COMPLETED,0.7222,REVENUE_GROWTH,0.026475,FRACTION,FISCAL_YEAR,2025-12-31,Revenues Revenues,10-K,2026-02-26
WTRG,COMPLETED,0.7222,NET_INCOME_GROWTH,0.098303,FRACTION,FISCAL_YEAR,2025-12-31,NetIncomeLoss NetIncomeLoss,10-K,2026-02-26
WTRG,COMPLETED,0.7222,SHARE_COUNT_GROWTH,0.023924,FRACTION,FISCAL_YEAR,2025-12-31,WeightedAverageNumberOfDilutedSharesOutstanding WeightedAverageNumberOfDilutedSharesOutstanding,10-K,2026-02-26
WTRG,COMPLETED,0.7222,MARKET_CAPITALIZATION,11402224348.900000,CURRENCY,POINT_IN_TIME,2026-07-27,EntityCommonStockSharesOutstanding,10-Q,2026-08-05
WTRG,COMPLETED,0.7222,PRICE_EARNINGS_RATIO,20.549362,RATIO,TRAILING_TWELVE_MONTHS,2026-06-30,EntityCommonStockSharesOutstanding NetIncomeLoss,10-Q,2026-08-05
WTRG,COMPLETED,0.7222,PRICE_SALES_RATIO,4.438917,RATIO,TRAILING_TWELVE_MONTHS,2026-06-30,EntityCommonStockSharesOutstanding Revenues,10-Q,2026-08-05
XOM,INSUFFICIENT_DATA,0.0000,,,,,,,,
XYL,COMPLETED,1.0000,REVENUE,9126000000.000000,CURRENCY,TRAILING_TWELVE_MONTHS,2026-06-30,Revenues,10-Q,2026-07-28
XYL,COMPLETED,1.0000,NET_INCOME,1018000000.000000,CURRENCY,TRAILING_TWELVE_MONTHS,2026-06-30,NetIncomeLoss,10-Q,2026-07-28
XYL,COMPLETED,1.0000,FREE_CASH_FLOW,960000000.000000,CURRENCY,TRAILING_TWELVE_MONTHS,2026-06-30,NetCashProvidedByUsedInOperatingActivities PaymentsToAcquireProductiveAssets,10-Q,2026-07-28
XYL,COMPLETED,1.0000,FREE_CASH_FLOW_MARGIN,0.105194,FRACTION,TRAILING_TWELVE_MONTHS,2026-06-30,NetCashProvidedByUsedInOperatingActivities PaymentsToAcquireProductiveAssets Revenues,10-Q,2026-07-28
XYL,COMPLETED,1.0000,GROSS_MARGIN,0.392395,FRACTION,TRAILING_TWELVE_MONTHS,2026-06-30,GrossProfit Revenues,10-Q,2026-07-28
XYL,COMPLETED,1.0000,OPERATING_MARGIN,0.144751,FRACTION,TRAILING_TWELVE_MONTHS,2026-06-30,OperatingIncomeLoss Revenues,10-Q,2026-07-28
XYL,COMPLETED,1.0000,NET_MARGIN,0.111549,FRACTION,TRAILING_TWELVE_MONTHS,2026-06-30,NetIncomeLoss Revenues,10-Q,2026-07-28
XYL,COMPLETED,1.0000,RETURN_ON_EQUITY,0.097687,FRACTION,TRAILING_TWELVE_MONTHS,2026-06-30,NetIncomeLoss StockholdersEquity,10-Q,2026-07-28
XYL,COMPLETED,1.0000,RETURN_ON_ASSETS,0.058701,FRACTION,TRAILING_TWELVE_MONTHS,2026-06-30,NetIncomeLoss Assets,10-Q,2026-07-28
XYL,COMPLETED,1.0000,DEBT_TO_EQUITY,0.640629,RATIO,POINT_IN_TIME,2026-06-30,Liabilities StockholdersEquity,10-Q,2026-07-28
XYL,COMPLETED,1.0000,CURRENT_RATIO,1.613069,RATIO,POINT_IN_TIME,2026-06-30,AssetsCurrent LiabilitiesCurrent,10-Q,2026-07-28
XYL,COMPLETED,1.0000,REVENUE_GROWTH,0.178358,FRACTION,FISCAL_YEAR,2025-12-31,Revenues Revenues,10-K,2026-02-25
XYL,COMPLETED,1.0000,NET_INCOME_GROWTH,0.391750,FRACTION,FISCAL_YEAR,2025-12-31,NetIncomeLoss NetIncomeLoss,10-K,2026-02-25
XYL,COMPLETED,1.0000,SHARE_COUNT_GROWTH,0.057504,FRACTION,FISCAL_YEAR,2025-12-31,WeightedAverageNumberOfDilutedSharesOutstanding WeightedAverageNumberOfDilutedSharesOutstanding,10-K,2026-02-25
XYL,COMPLETED,1.0000,MARKET_CAPITALIZATION,26482074217.040001,CURRENCY,POINT_IN_TIME,2026-07-24,EntityCommonStockSharesOutstanding,10-Q,2026-07-28
XYL,COMPLETED,1.0000,PRICE_EARNINGS_RATIO,26.013825,RATIO,TRAILING_TWELVE_MONTHS,2026-06-30,EntityCommonStockSharesOutstanding NetIncomeLoss,10-Q,2026-07-28
XYL,COMPLETED,1.0000,PRICE_SALES_RATIO,2.901827,RATIO,TRAILING_TWELVE_MONTHS,2026-06-30,EntityCommonStockSharesOutstanding Revenues,10-Q,2026-07-28
XYL,COMPLETED,1.0000,PRICE_FREE_CASH_FLOW_RATIO,27.585494,RATIO,TRAILING_TWELVE_MONTHS,2026-06-30,EntityCommonStockSharesOutstanding NetCashProvidedByUsedInOperatingActivities PaymentsToAcquireProductiveAssets,10-Q,2026-07-28
